-- phpMyAdmin SQL Dump
-- version 4.7.0
-- https://www.phpmyadmin.net/
--
-- Máy chủ: 127.0.0.1
-- Thời gian đã tạo: Th7 27, 2018 lúc 07:10 PM
-- Phiên bản máy phục vụ: 10.1.22-MariaDB
-- Phiên bản PHP: 7.1.4

SET SQL_MODE = "NO_AUTO_VALUE_ON_ZERO";
SET AUTOCOMMIT = 0;
START TRANSACTION;
SET time_zone = "+00:00";


/*!40101 SET @OLD_CHARACTER_SET_CLIENT=@@CHARACTER_SET_CLIENT */;
/*!40101 SET @OLD_CHARACTER_SET_RESULTS=@@CHARACTER_SET_RESULTS */;
/*!40101 SET @OLD_COLLATION_CONNECTION=@@COLLATION_CONNECTION */;
/*!40101 SET NAMES utf8mb4 */;

--
-- Cơ sở dữ liệu: `tourist1_db`
--

-- --------------------------------------------------------

--
-- Cấu trúc bảng cho bảng `about`
--

CREATE TABLE `about` (
  `id` int(11) NOT NULL,
  `slug` varchar(255) COLLATE utf8mb4_unicode_ci DEFAULT NULL,
  `avatar` text COLLATE utf8mb4_unicode_ci,
  `image` text COLLATE utf8mb4_unicode_ci NOT NULL,
  `is_deleted` tinyint(4) NOT NULL DEFAULT '0',
  `facebook` text COLLATE utf8mb4_unicode_ci NOT NULL,
  `instagram` text COLLATE utf8mb4_unicode_ci NOT NULL,
  `created_at` datetime NOT NULL,
  `created_by` varchar(100) COLLATE utf8mb4_unicode_ci NOT NULL,
  `updated_at` datetime NOT NULL,
  `updated_by` varchar(100) COLLATE utf8mb4_unicode_ci NOT NULL
) ENGINE=InnoDB DEFAULT CHARSET=utf8mb4 COLLATE=utf8mb4_unicode_ci ROW_FORMAT=COMPACT;

-- --------------------------------------------------------

--
-- Cấu trúc bảng cho bảng `about_lang`
--

CREATE TABLE `about_lang` (
  `id` int(11) NOT NULL,
  `about_id` int(11) NOT NULL,
  `title` varchar(255) CHARACTER SET utf8mb4 COLLATE utf8mb4_unicode_ci NOT NULL,
  `description` text COLLATE utf8_unicode_ci,
  `content` text CHARACTER SET utf8mb4 COLLATE utf8mb4_unicode_ci NOT NULL,
  `language` varchar(255) CHARACTER SET utf8mb4 COLLATE utf8mb4_unicode_ci NOT NULL
) ENGINE=InnoDB DEFAULT CHARSET=utf8 COLLATE=utf8_unicode_ci ROW_FORMAT=COMPACT;

-- --------------------------------------------------------

--
-- Cấu trúc bảng cho bảng `advertisement`
--

CREATE TABLE `advertisement` (
  `id` int(11) NOT NULL,
  `locationonwebsite` tinyint(1) DEFAULT '0',
  `avatar` text COLLATE utf8mb4_unicode_ci,
  `image` text COLLATE utf8mb4_unicode_ci NOT NULL,
  `is_deleted` tinyint(4) NOT NULL DEFAULT '0',
  `created_at` datetime NOT NULL,
  `created_by` varchar(100) COLLATE utf8mb4_unicode_ci NOT NULL,
  `updated_at` datetime NOT NULL,
  `updated_by` varchar(100) COLLATE utf8mb4_unicode_ci NOT NULL
) ENGINE=InnoDB DEFAULT CHARSET=utf8mb4 COLLATE=utf8mb4_unicode_ci ROW_FORMAT=COMPACT;

--
-- Đang đổ dữ liệu cho bảng `advertisement`
--

INSERT INTO `advertisement` (`id`, `locationonwebsite`, `avatar`, `image`, `is_deleted`, `created_at`, `created_by`, `updated_at`, `updated_by`) VALUES
(1, 0, NULL, '', 0, '0000-00-00 00:00:00', 'a', '0000-00-00 00:00:00', 'a');

-- --------------------------------------------------------

--
-- Cấu trúc bảng cho bảng `area`
--

CREATE TABLE `area` (
  `id` int(11) NOT NULL,
  `vi` text COLLATE utf8_unicode_ci NOT NULL,
  `en` text COLLATE utf8_unicode_ci NOT NULL,
  `is_deleted` tinyint(1) NOT NULL DEFAULT '0'
) ENGINE=InnoDB DEFAULT CHARSET=utf8 COLLATE=utf8_unicode_ci;

--
-- Đang đổ dữ liệu cho bảng `area`
--

INSERT INTO `area` (`id`, `vi`, `en`, `is_deleted`) VALUES
(1, 'Cao Hùng', 'Cao Hùng en', 0),
(2, 'Đài Bắc', 'Đài Bắc en', 0),
(3, 'Đài Trung', 'Đài Trung en', 0),
(4, 'Gia Nghĩa', 'Gia Nghĩa en ', 0),
(5, 'Phượng Hoàng Cổ Trấn', 'Phượng Hoàng Cổ Trấn en', 0),
(6, 'Quan Lạn', 'Quan Lạn en', 0),
(7, 'Quảng Bình', 'Quảng Bình en', 0),
(8, 'Tây Tạng', 'Tây Tạng en', 0),
(9, 'Thái Lan', 'Thái Lan En', 0),
(11, 'Hn Vi 1', 'Hn En 1', 1);

-- --------------------------------------------------------

--
-- Cấu trúc bảng cho bảng `banner`
--

CREATE TABLE `banner` (
  `id` int(11) NOT NULL,
  `image` text,
  `is_activated` tinyint(1) DEFAULT '1',
  `text` varchar(255) DEFAULT NULL,
  `url` text,
  `created_at` datetime DEFAULT NULL,
  `created_by` varchar(100) DEFAULT NULL,
  `updated_at` datetime DEFAULT NULL,
  `updated_by` varchar(100) DEFAULT NULL,
  `is_deleted` tinyint(1) DEFAULT '0'
) ENGINE=InnoDB DEFAULT CHARSET=utf8 ROW_FORMAT=COMPACT;

--
-- Đang đổ dữ liệu cho bảng `banner`
--

INSERT INTO `banner` (`id`, `image`, `is_activated`, `text`, `url`, `created_at`, `created_by`, `updated_at`, `updated_by`, `is_deleted`) VALUES
(1, '3e4e819b2a6a676fda251291b581e905.jpg', 0, NULL, NULL, '2018-07-07 18:02:26', 'administrator', '2018-07-07 18:02:26', 'administrator', 0),
(2, 'e1f0b5ef2d8239ce067798ddb8344aa1.jpg', 0, NULL, NULL, '2018-07-07 18:01:45', 'administrator', '2018-07-07 18:01:45', 'administrator', 0),
(3, 'f35f94a82b5b66106c20daa58688a504.jpg', 0, NULL, NULL, '2018-07-07 18:01:31', 'administrator', '2018-07-07 18:01:31', 'administrator', 0),
(4, '24fc6746af5b61310c01756f58c48fd5.jpg', 1, NULL, NULL, '2018-07-07 18:02:39', 'administrator', '2018-07-07 18:02:39', 'administrator', 0),
(5, '484c0b1b2aa16f856290a7ac02a92156.jpg', 1, NULL, NULL, '2018-07-07 18:17:49', 'administrator', '2018-07-07 18:17:49', 'administrator', 0);

-- --------------------------------------------------------

--
-- Cấu trúc bảng cho bảng `banner_lang`
--

CREATE TABLE `banner_lang` (
  `id` int(11) NOT NULL,
  `banner_id` int(11) NOT NULL,
  `title` varchar(255) COLLATE utf8mb4_unicode_ci NOT NULL,
  `description` text COLLATE utf8mb4_unicode_ci NOT NULL,
  `content` text COLLATE utf8mb4_unicode_ci NOT NULL,
  `language` varchar(100) COLLATE utf8mb4_unicode_ci NOT NULL
) ENGINE=InnoDB DEFAULT CHARSET=utf8mb4 COLLATE=utf8mb4_unicode_ci;

--
-- Đang đổ dữ liệu cho bảng `banner_lang`
--

INSERT INTO `banner_lang` (`id`, `banner_id`, `title`, `description`, `content`, `language`) VALUES
(1, 1, 'It was popularised in the 1960s with the release', 'Contrary to popular belief, Lorem Ipsum is not simply random text', '', 'vi'),
(2, 1, 'It was popularised in the 1960s with the release', 'Contrary to popular belief, Lorem Ipsum is not simply random text', '', 'en'),
(3, 2, 'Contrary to popular belief, Lorem Ipsum is not simply random text', 'Contrary to popular belief, Lorem Ipsum is not simply random text', '', 'vi'),
(4, 2, 'Contrary to popular belief, Lorem Ipsum is not simply random text', 'Contrary to popular belief, Lorem Ipsum is not simply random text', '', 'en'),
(5, 3, 'Contrary to popular belief, Lorem Ipsum is not simply random text', 'Contrary to popular belief, Lorem Ipsum is not simply random text', '', 'vi'),
(6, 3, 'Contrary to popular belief, Lorem Ipsum is not simply random text', 'Contrary to popular belief, Lorem Ipsum is not simply random text', '', 'en'),
(7, 4, 'Contrary to popular belief, Lorem Ipsum is not simply random text', 'Contrary to popular belief, Lorem Ipsum is not simply random text', '', 'vi'),
(8, 4, 'Contrary to popular belief, Lorem Ipsum is not simply random text', 'Contrary to popular belief, Lorem Ipsum is not simply random text', '', 'en'),
(9, 5, 'test 1', '', '', 'vi'),
(10, 5, 'test', '', '', 'en');

-- --------------------------------------------------------

--
-- Cấu trúc bảng cho bảng `blog`
--

CREATE TABLE `blog` (
  `id` int(11) NOT NULL,
  `category_id` int(11) DEFAULT NULL,
  `type` tinyint(1) DEFAULT NULL,
  `slug` varchar(255) DEFAULT NULL,
  `image` text,
  `meta_keywords` text,
  `meta_description` text,
  `is_deleted` tinyint(4) DEFAULT '0',
  `created_at` datetime DEFAULT NULL,
  `created_by` varchar(255) DEFAULT NULL,
  `updated_at` datetime DEFAULT NULL,
  `updated_by` varchar(255) DEFAULT NULL,
  `viewed` int(11) NOT NULL DEFAULT '0'
) ENGINE=InnoDB DEFAULT CHARSET=utf8 ROW_FORMAT=COMPACT;

-- --------------------------------------------------------

--
-- Cấu trúc bảng cho bảng `blog_lang`
--

CREATE TABLE `blog_lang` (
  `id` int(11) NOT NULL,
  `blog_id` int(11) DEFAULT NULL,
  `title` varchar(255) DEFAULT NULL,
  `description` text,
  `content` text,
  `language` varchar(50) DEFAULT NULL
) ENGINE=InnoDB DEFAULT CHARSET=utf8 ROW_FORMAT=COMPACT;

-- --------------------------------------------------------

--
-- Cấu trúc bảng cho bảng `booking`
--

CREATE TABLE `booking` (
  `id` int(11) NOT NULL,
  `product_id` int(11) NOT NULL,
  `title` varchar(100) COLLATE utf8mb4_unicode_ci NOT NULL,
  `first_name` varchar(255) COLLATE utf8mb4_unicode_ci NOT NULL,
  `last_name` varchar(255) COLLATE utf8mb4_unicode_ci NOT NULL,
  `email` text COLLATE utf8mb4_unicode_ci NOT NULL,
  `phone` varchar(25) COLLATE utf8mb4_unicode_ci NOT NULL,
  `time` varchar(100) COLLATE utf8mb4_unicode_ci NOT NULL,
  `country` varchar(255) COLLATE utf8mb4_unicode_ci NOT NULL,
  `adults` tinyint(4) NOT NULL,
  `children` tinyint(4) NOT NULL,
  `infants` tinyint(4) NOT NULL,
  `status` tinyint(4) NOT NULL DEFAULT '0' COMMENT '0: pending; 1: success; 2: cancel',
  `content` text COLLATE utf8mb4_unicode_ci,
  `is_deleted` tinyint(4) NOT NULL DEFAULT '0',
  `created_at` datetime NOT NULL,
  `created_by` varchar(100) COLLATE utf8mb4_unicode_ci NOT NULL,
  `updated_at` datetime NOT NULL,
  `updated_by` varchar(100) COLLATE utf8mb4_unicode_ci NOT NULL
) ENGINE=InnoDB DEFAULT CHARSET=utf8mb4 COLLATE=utf8mb4_unicode_ci;

--
-- Đang đổ dữ liệu cho bảng `booking`
--

INSERT INTO `booking` (`id`, `product_id`, `title`, `first_name`, `last_name`, `email`, `phone`, `time`, `country`, `adults`, `children`, `infants`, `status`, `content`, `is_deleted`, `created_at`, `created_by`, `updated_at`, `updated_by`) VALUES
(1, 3, 'Mr', 'a', 'b', 'a@gmail.com', '09999999', '2018-07-25 00:00:00', 'mato', 2, 2, 2, 2, 'asdasd', 0, '2018-07-07 13:28:16', 'a b', '2018-07-07 13:28:16', 'a b'),
(2, 3, 'Ms', 'df', 'wed', 'we', '23232323', '2018-07-25 00:00:00', 'wee', 2, 2, 2, 0, 'qwdqwdqd', 0, '2018-07-07 13:33:39', 'df wed', '2018-07-07 13:33:39', 'df wed'),
(3, 3, 'Mr', 'qwe', 'qưe', 'q', '123123', '2018-07-26 00:00:00', '122', 2, 2, 2, 0, 'qưeqweqwe', 0, '2018-07-24 17:07:02', 'qwe qưe', '2018-07-24 17:07:02', 'qwe qưe'),
(4, 3, 'Mr', 'd', 'qưe', 'qư', '123123', '2018-07-19 00:00:00', 'weeqwe', 2, 2, 2, 0, 'ưqeqweqwe', 0, '2018-07-24 17:11:35', 'd qưe', '2018-07-24 17:11:35', 'd qưe');

-- --------------------------------------------------------

--
-- Cấu trúc bảng cho bảng `ci_sessions`
--

CREATE TABLE `ci_sessions` (
  `id` varchar(40) COLLATE utf8_unicode_ci NOT NULL,
  `ip_address` varchar(45) COLLATE utf8_unicode_ci NOT NULL,
  `timestamp` int(10) UNSIGNED NOT NULL DEFAULT '0',
  `data` blob NOT NULL
) ENGINE=InnoDB DEFAULT CHARSET=utf8 COLLATE=utf8_unicode_ci ROW_FORMAT=COMPACT;

-- --------------------------------------------------------

--
-- Cấu trúc bảng cho bảng `comment`
--

CREATE TABLE `comment` (
  `id` int(11) NOT NULL,
  `product_id` int(11) NOT NULL,
  `name` varchar(255) COLLATE utf8mb4_unicode_ci NOT NULL,
  `email` varchar(255) COLLATE utf8mb4_unicode_ci NOT NULL,
  `content` text COLLATE utf8mb4_unicode_ci NOT NULL,
  `created_at` date NOT NULL,
  `ip_address` varchar(255) COLLATE utf8mb4_unicode_ci NOT NULL,
  `is_deleted` tinyint(1) NOT NULL DEFAULT '0',
  `type` tinyint(1) NOT NULL DEFAULT '0'
) ENGINE=InnoDB DEFAULT CHARSET=utf8mb4 COLLATE=utf8mb4_unicode_ci;

--
-- Đang đổ dữ liệu cho bảng `comment`
--

INSERT INTO `comment` (`id`, `product_id`, `name`, `email`, `content`, `created_at`, `ip_address`, `is_deleted`, `type`) VALUES
(1, 20, 'Từ điển cây', 'b@gmai.com', 'aaaaaaaaaa', '2018-07-24', '::1', 0, 0),
(2, 20, 'tu', 'admin@admin.com', 'qưdwdqwd', '2018-07-24', '::1', 1, 0),
(3, 7, 'Nguyen quyen', '12quyen12@gmail.com', 'quyenvkbn', '2018-07-24', '::1', 0, 0),
(4, 3, 'Từ điển cây', '01quyen01@gmail.com', 'ádasdasdasdasd', '2018-07-24', '::1', 1, 0),
(5, 53, 'sasdasd', '01quyen01@gmail.com', 'sdfsdfsdfsdf', '2018-07-25', '::1', 0, 2),
(6, 53, 'Từ điển cây', '01quyen01@gmail.com', 'sadasdsasd', '2018-07-25', '::1', 0, 2),
(7, 53, 'tu', 'admin@admin.com', 'asdasdasd', '2018-07-25', '::1', 0, 2),
(8, 53, 'tu', 'hanguyen@user.com', 'assadsadsda', '2018-07-25', '::1', 0, 2),
(9, 53, 'Từ điển cây', '01quyen01@gmail.com', 'asdsadasdsad', '2018-07-25', '::1', 0, 2),
(10, 53, 'soupss1', '01quyen011111111@gmail.com', 'asasdasdw2e21', '2018-07-25', '::1', 1, 2),
(11, 13, 'sa', 'assfdsaf@gmail.com', 'sadasdasd', '2018-07-25', '::1', 0, 1),
(12, 21, 'Từ điển cây', 'admin@gmail.com', 'asdasdasd', '2018-07-25', '::1', 1, 0),
(13, 14, 'Từ điển cây', 'qwee@gmail.com', 'qwqweqwe', '2018-07-25', '::1', 0, 1),
(14, 9, 'Từ điển cây', 'admin@gmail.com', 'qwwqwew', '2018-07-25', '::1', 0, 0),
(15, 53, 'Từ điển cây', 'admin@gmail.com', 'sdfsdfsdf', '2018-07-25', '::1', 1, 2),
(16, 16, 'Từ điển cây', 'asdasd@gmail.com', 'asdasdasd', '2018-07-25', '::1', 1, 1),
(17, 53, 'Từ điển cây', 'admin@gmail.com', 'adasdasd', '2018-07-25', '::1', 0, 2),
(18, 3, 'a', 'admin@gmail.com', 'ádasdasd', '2018-07-25', '::1', 0, 0);

-- --------------------------------------------------------

--
-- Cấu trúc bảng cho bảng `customize`
--

CREATE TABLE `customize` (
  `id` int(11) NOT NULL,
  `product_id` int(11) DEFAULT NULL,
  `status` tinyint(4) DEFAULT '0' COMMENT '0: pending; 1: success; 2: cancel',
  `content` text COLLATE utf8mb4_unicode_ci,
  `adults` tinyint(4) DEFAULT NULL,
  `children` tinyint(4) DEFAULT NULL,
  `time` varchar(255) COLLATE utf8mb4_unicode_ci DEFAULT NULL,
  `message` text COLLATE utf8mb4_unicode_ci NOT NULL,
  `title` varchar(255) COLLATE utf8mb4_unicode_ci DEFAULT NULL,
  `first_name` varchar(255) COLLATE utf8mb4_unicode_ci DEFAULT NULL,
  `last_name` varchar(255) COLLATE utf8mb4_unicode_ci DEFAULT NULL,
  `email` text COLLATE utf8mb4_unicode_ci,
  `phone` varchar(20) COLLATE utf8mb4_unicode_ci DEFAULT NULL,
  `country` varchar(255) COLLATE utf8mb4_unicode_ci DEFAULT NULL,
  `is_deleted` tinyint(4) NOT NULL DEFAULT '0',
  `created_at` datetime NOT NULL,
  `created_by` varchar(100) COLLATE utf8mb4_unicode_ci NOT NULL,
  `updated_at` datetime NOT NULL,
  `updated_by` varchar(100) COLLATE utf8mb4_unicode_ci NOT NULL,
  `tour_date_id` int(11) NOT NULL,
  `infants` int(11) DEFAULT NULL
) ENGINE=InnoDB DEFAULT CHARSET=utf8mb4 COLLATE=utf8mb4_unicode_ci;

--
-- Đang đổ dữ liệu cho bảng `customize`
--

INSERT INTO `customize` (`id`, `product_id`, `status`, `content`, `adults`, `children`, `time`, `message`, `title`, `first_name`, `last_name`, `email`, `phone`, `country`, `is_deleted`, `created_at`, `created_by`, `updated_at`, `updated_by`, `tour_date_id`, `infants`) VALUES
(1, 7, 2, '[\"1a\",\"2b\",\"3c\",\"4d\",\"5e\"]', 2, 3, '2018-08-02 00:00:00', 'asd aaaaaaaaaaaaaaaaaa aaaaaaaaaaaaaaaaaaaaaaaa aaaaaaaaaaaaa a asadsasdas asdas dsa sdad asdasda a dasdasdasd asd asd asd asdas d asdasdasd asd asd sad á đá asdda sdasd ad sa á dsadsad saddassdasads asadsda s addsa', 'Mr', 'aa', 'bb', 'a@gamail.com', '2312312', 'asd', 0, '2018-07-07 14:00:52', 'aa bb', '2018-07-07 14:00:52', 'aa bb', 0, 1),
(2, 7, 2, '[\"11aa\",\"\",\"\",\"\",\"\"]', 2, 3, '2018-07-07 00:00:00', 'asd', 'Mr', 'aaa', 'bbb', 'aaa@gmail.com', '123123', 'asd', 0, '2018-07-07 14:02:17', 'aaa bbb', '2018-07-07 14:02:17', 'aaa bbb', 0, 4);

-- --------------------------------------------------------

--
-- Cấu trúc bảng cho bảng `groups`
--

CREATE TABLE `groups` (
  `id` mediumint(8) UNSIGNED NOT NULL,
  `name` varchar(20) NOT NULL,
  `description` varchar(100) NOT NULL
) ENGINE=InnoDB DEFAULT CHARSET=utf8 ROW_FORMAT=COMPACT;

--
-- Đang đổ dữ liệu cho bảng `groups`
--

INSERT INTO `groups` (`id`, `name`, `description`) VALUES
(1, 'admin', 'Administrator'),
(2, 'members', 'General User');

-- --------------------------------------------------------

--
-- Cấu trúc bảng cho bảng `localtion`
--

CREATE TABLE `localtion` (
  `id` int(11) NOT NULL,
  `slug` text COLLATE utf8mb4_unicode_ci NOT NULL,
  `image` text COLLATE utf8mb4_unicode_ci NOT NULL,
  `localtion` text COLLATE utf8mb4_unicode_ci NOT NULL,
  `area` text COLLATE utf8mb4_unicode_ci NOT NULL,
  `area_id` int(11) NOT NULL,
  `is_deleted` int(2) NOT NULL DEFAULT '0',
  `created_at` datetime NOT NULL,
  `created_by` varchar(100) COLLATE utf8mb4_unicode_ci NOT NULL,
  `updated_at` datetime NOT NULL,
  `updated_by` varchar(100) COLLATE utf8mb4_unicode_ci NOT NULL
) ENGINE=InnoDB DEFAULT CHARSET=utf8mb4 COLLATE=utf8mb4_unicode_ci;

--
-- Đang đổ dữ liệu cho bảng `localtion`
--

INSERT INTO `localtion` (`id`, `slug`, `image`, `localtion`, `area`, `area_id`, `is_deleted`, `created_at`, `created_by`, `updated_at`, `updated_by`) VALUES
(1, 'chua-long-son', '56b8da7b6661dda9c6a902d28ad50c26.jpg', 'Chùa Long Sơn', 'Đài Bắc', 2, 0, '2018-06-28 14:13:17', 'administrator', '2018-06-28 14:13:17', 'administrator'),
(2, 'quang-truong-tu-do', '34e751356c6e717a635ad99f5cc4565c.jpg', 'Quảng Trường Tự Do', 'Đài Bắc', 2, 0, '2018-06-28 14:28:32', 'administrator', '2018-06-28 14:28:32', 'administrator'),
(3, 'toa-thap-taipei-101', 'cff56d2b3720213c5e85f8f0d42b9487.jpg', 'Tòa tháp Taipei 101', 'Đài Bắc', 2, 0, '2018-06-28 14:35:53', 'administrator', '2018-06-28 14:35:53', 'administrator'),
(4, 'phap-co-son', '150b23c9ec30cbf00d71b10d2e62d047.jpg', 'Pháp Cổ Sơn', 'Đài Bắc', 2, 0, '2018-06-28 14:37:27', 'administrator', '2018-06-28 14:37:27', 'administrator'),
(5, 'linh-thuu-son', 'cecc1c78bf2c9662984ffd804a53d0a1.jpg', 'Linh Thứu Sơn', 'Đài Bắc', 2, 0, '2018-06-28 14:38:34', 'administrator', '2018-06-28 14:38:34', 'administrator'),
(6, 'cho-dem-raohe', '99c8984118a7f2c86084c2d7b4aeb614.png', 'Chợ Đêm Raohe', '', 2, 0, '2018-06-28 14:39:41', 'administrator', '2018-06-28 14:39:41', 'administrator'),
(7, 'bich-son-nham', 'b1d9ca0a64f82ed1949aaa721a3b587a.jpg', 'Bích Sơn Nham', 'Đài Trung', 3, 0, '2018-06-28 14:40:39', 'administrator', '2018-06-28 14:40:39', 'administrator'),
(8, 'trung-dai-thien-tu', '65ba5da4b1f2e203b9e9500a2f0cf3e3.jpg', 'Trung Đài Thiền Tự', 'Gia Nghĩa', 4, 0, '2018-06-28 14:41:41', 'administrator', '2018-06-28 14:41:41', 'administrator'),
(9, 'ho-nhat-nguyet', '0c63a8a7efe1af975d2c8b274dffd3d1.jpg', 'Hồ Nhật Nguyệt', 'Gia Nghĩa', 4, 0, '2018-06-28 14:44:15', 'administrator', '2018-06-28 14:44:15', 'administrator'),
(10, 'chua-huyen-trang', '183963db83919268d3180cbc5eac14d1.png', 'Chùa Huyền Trang', 'Gia Nghĩa', 4, 0, '2018-06-28 14:45:05', 'administrator', '2018-06-28 14:45:05', 'administrator'),
(11, 'phat-quang-son', '9a15bb4b8c7ddf84e5d2cb7605adcbe5.jpg', 'Phật Quang Sơn', 'Cao Hùng', 1, 0, '2018-06-28 14:46:16', 'administrator', '2018-06-28 14:46:16', 'administrator'),
(12, 'thap-long-ho', '9e473faf10452703a2cfdfbb2f311bec.jpg', 'Tháp Long Hổ', 'Cao Hùng', 1, 0, '2018-06-28 14:51:38', 'administrator', '2018-06-28 14:51:38', 'administrator'),
(13, 'quan-lan', '08b58b949e10422ddc94b2e00b2f2cd3.jpg', 'Quan Lạn', 'Quan Lạn', 6, 0, '2018-06-28 15:14:18', 'administrator', '2018-06-28 15:14:18', 'administrator'),
(14, 'dinh-chua-quan-lan', 'b863e8d826d0286d4e99bed2410621bd.jpg', 'Đình, Chùa Quan Lạn', 'Quan Lạn', 6, 0, '2018-06-28 15:16:04', 'administrator', '2018-06-28 15:16:04', 'administrator'),
(15, 'bai-bien-minh-chau', '0b5620d0818bb7ec8e9fca3ff9117e8c.jpg', 'Bãi biển Minh Châu', 'Quan Lạn', 6, 0, '2018-06-28 15:16:58', 'administrator', '2018-06-28 15:16:58', 'administrator'),
(16, 'vung-chua-dao-yen', 'd021bb4e929fd644e0f7520efa577b44.jpg', 'Vũng Chùa Đảo Yến', 'Quảng Bình', 7, 0, '2018-06-28 15:26:41', 'administrator', '2018-06-28 15:26:41', 'administrator'),
(17, 'bai-bien-da-nhay', '5f81c19726d6993bc502c2a034a5c4e8.png', 'Bãi biển đá nhảy', 'Quảng Bình', 7, 0, '2018-06-28 15:27:33', 'administrator', '2018-06-28 15:27:33', 'administrator'),
(18, 'con-cat-quang-phu', '1880c195277b4deec500285aefe72d75.jpg', 'Cồn cắt Quang Phú', 'Quảng Bình', 7, 0, '2018-06-28 15:28:25', 'administrator', '2018-06-28 15:28:25', 'administrator'),
(19, 'dong-phong-nha', 'e7c95a7e46634575cb028d856f27f972.jpg', 'Động Phong Nha', 'Quảng Bình', 7, 0, '2018-06-28 15:29:51', 'administrator', '2018-06-28 15:29:51', 'administrator'),
(20, 'song-chay-hang-toi', '0c385f0eeb6ecbd9e5d871931dd29c17.jpg', 'Sông Chày Hang tối', 'Quảng Bình', 7, 0, '2018-06-28 15:30:37', 'administrator', '2018-06-28 15:30:37', 'administrator'),
(21, 'dong-thien-duong', 'a6fdf3c2523f7971aea050ae4bc8c31c.jpg', 'Động Thiên Đường', 'Quảng Bình', 7, 0, '2018-06-28 15:31:30', 'administrator', '2018-06-28 15:31:30', 'administrator'),
(22, 'suoi-nuoc-mooc', '29dbe0be1ec4d92c315f78f5979f8fca.jpg', 'Suối Nước Moọc', 'Quảng Bình', 7, 0, '2018-06-28 15:32:26', 'administrator', '2018-06-28 15:32:26', 'administrator'),
(23, 'quang-binh-quan', '5a8a1a4434f28f492e3be6ce179ad907.jpg', 'Quảng Bình Quan', 'Quảng Bình', 7, 0, '2018-06-28 15:33:10', 'administrator', '2018-06-28 15:33:10', 'administrator'),
(24, 'truong-dai-me-suot', '13e5da1f9707e651710197a6404682f7.jpg', 'Trượng Đài mẹ suốt', 'Quảng Bình', 7, 0, '2018-06-28 15:33:56', 'administrator', '2018-06-28 15:33:56', 'administrator'),
(25, 'cho-dong-hoi', '89f2235e578d53739072b59046e19477.png', 'Chợ Đồng Hới', 'Quảng Bình', 7, 0, '2018-06-28 15:35:26', 'administrator', '2018-06-28 15:35:26', 'administrator'),
(26, 'dong-quan-thanh-chan-dai-tu', 'c98b5e57735700d04a86ff0c16045837.jpg', 'Đông Quan Thanh Chân Đại Tự', 'Tây Tạng', 8, 0, '2018-06-28 15:55:34', 'administrator', '2018-06-28 15:55:34', 'administrator'),
(27, 'tau-hoa-tay-ninh-len-tay-tang', '9be26f5984d4b3f701f9f19d8c5ba458.jpg', 'Tàu Hỏa Tây Ninh lên Tây Tạng', 'Tây Tạng', 8, 0, '2018-06-28 15:56:46', 'administrator', '2018-06-28 15:56:46', 'administrator'),
(28, 'cung-dien-potala', 'e23686d37d2e9f8b493726263932bdc1.png', 'Cung điện Potala', 'Tây Tạng', 8, 0, '2018-06-28 15:57:21', 'administrator', '2018-06-28 15:57:21', 'administrator'),
(29, 'chua-dai-chieu', '2b120561f0351eef129fe855ffbbd513.jpg', 'Chùa Đại Chiêu', 'Tây Tạng', 8, 0, '2018-06-28 15:59:35', 'administrator', '2018-06-28 15:59:35', 'administrator'),
(30, 'tu-vien-drepung', 'acb6847521a3cba01fcb92a3e420d48e.jpg', 'Tu viện Drepung', 'Tây Tạng', 8, 0, '2018-06-28 16:01:23', 'administrator', '2018-06-28 16:01:23', 'administrator'),
(31, 'norbulingka', 'a423c7e5d69f1ffb2992b5e41f89279e.jpg', 'Norbulingka', 'Tây Tạng', 8, 0, '2018-06-28 16:02:22', 'administrator', '2018-06-28 16:02:22', 'administrator'),
(32, 'tu-vien-sera', '8a627d609675e8052d650301bfc31aa1.jpg', 'Sera', 'Tây Tạng', 8, 0, '2018-06-28 16:04:39', 'administrator', '2018-06-28 16:04:39', 'administrator'),
(33, 'thanh-ho-yamdrok', '77dd4a3c336dc4f84b73632817fd18ef.jpg', 'Thánh hồ Yamdrok', 'Tây Tạng', 8, 0, '2018-06-28 16:06:23', 'administrator', '2018-06-28 16:06:23', 'administrator'),
(34, 'tu-vien-palkhor', 'f70a8e298f66f37b4f0e93e95191a609.jpg', 'Tu viện Palkhor', 'Tây Tạng', 8, 0, '2018-06-28 16:07:31', 'administrator', '2018-06-28 16:07:31', 'administrator'),
(35, 'tu-vien-kumbum', 'dd01894983d7ae0d8fc6b08fe317e6c9.jpg', 'Tu viện Kumbum', 'Tây Tạng', 8, 0, '2018-06-28 16:08:20', 'administrator', '2018-06-28 16:08:20', 'administrator'),
(36, 'tu-vien-tashilhunpo', '89950f53e76d394316b279885481cd06.jpg', 'Tu viện Tashilhunpo ', 'Tây Tạng', 8, 0, '2018-06-28 16:09:02', 'administrator', '2018-06-28 16:09:02', 'administrator'),
(37, 'truong-gia-gioi', 'bc2716f0367e2e9fc38c45b3fadd2faf.jpg', 'Trương Gia Giới', 'Phượng Hoàng Cổ Trấn', 5, 0, '2018-06-28 16:31:34', 'administrator', '2018-06-28 16:31:34', 'administrator'),
(38, 'thang-may-bach-long', '44f48b2f69c5617ef64a71aaecf06419.jpg', 'Thang máy Bách Long', 'Phượng Hoàng Cổ Trấn', 5, 0, '2018-06-28 16:32:54', 'administrator', '2018-06-28 16:32:54', 'administrator'),
(39, 'thien-ha-de-nhat-kieu', '0882fee36e25d10538984bc7b0d354d4.jpg', 'Thiên Hạ Đệ Nhất Kiều', 'Phượng Hoàng Cổ Trấn', 5, 0, '2018-06-28 16:34:06', 'administrator', '2018-06-28 16:34:06', 'administrator'),
(40, 'me-hon-dai', '8501d935b8de24d32bfd14412dc5e53b.jpg', 'Mê Hồn Đài', 'Phượng Hoàng Cổ Trấn', 5, 0, '2018-06-28 16:34:57', 'administrator', '2018-06-28 16:34:57', 'administrator'),
(41, 'nui-avatar-hallelujah', 'a49989fb2881cd126848d015e23b93a4.jpg', 'Núi Avatar Hallelujah', 'Phượng Hoàng Cổ Trấn', 5, 0, '2018-06-28 16:35:26', 'administrator', '2018-06-28 16:35:26', 'administrator'),
(42, 'phuong-hoang-co-tran', '841e29a7b7936105a4aa02b57bff7472.jpg', 'Phượng Hoàng cổ trấn', 'Phượng Hoàng Cổ Trấn', 5, 0, '2018-06-28 16:36:07', 'administrator', '2018-06-28 16:36:07', 'administrator'),
(43, 'dong-da-giang', 'fb398a7537b2032b1b5dbcf3a3bbfea5.jpg', 'Dòng Đà Giang', 'Phượng Hoàng Cổ Trấn', 5, 0, '2018-06-28 16:36:43', 'administrator', '2018-06-28 16:36:43', 'administrator'),
(44, 'phu-dung-tran', '31c7d61c9c0b1f6e77c06d97a04981e4.jpg', 'Phù Dung Trấn', 'Phượng Hoàng Cổ Trấn', 5, 0, '2018-06-28 16:38:06', 'administrator', '2018-06-28 16:38:06', 'administrator'),
(45, 'cong-vien-rung-nui-thien-mon-son', 'de9a7ff3827a5e57279696a0ec5e4d42.jpg', 'Công viên rừng núi Thiên Môn Sơn', 'Phượng Hoàng Cổ Trấn', 5, 0, '2018-06-28 16:39:00', 'administrator', '2018-06-28 16:39:00', 'administrator'),
(46, 'san-dao-quy-coc', '1ac6ee45f04a0285a1684f1bc17f09e4.jpg', 'Sạn đạo quỷ cốc', 'Phượng Hoàng Cổ Trấn', 5, 0, '2018-06-28 16:39:38', 'administrator', '2018-06-28 16:39:38', 'administrator'),
(47, 'skywalk', '96b99906efdaec443efeb3e5068abd12.jpg', 'Skywalk', 'Phượng Hoàng Cổ Trấn', 5, 0, '2018-06-28 16:40:06', 'administrator', '2018-06-28 16:40:06', 'administrator'),
(48, 'vuon-thu-sriracha-tiger-zoo', '2be9080b4b4f818eaf94143a513faf28.jpg', 'Vườn thú Sriracha Tiger Zoo ', 'Thái Lan', 9, 0, '2018-06-28 16:52:00', 'administrator', '2018-06-28 16:52:00', 'administrator'),
(49, 'dao-san-ho-coral', '92d9c40823caeeaf18343fc70c8e2c41.jpg', 'Đảo san hô Coral', 'Thái Lan', 9, 0, '2018-06-28 16:52:43', 'administrator', '2018-06-28 16:52:43', 'administrator'),
(50, 'tran-bao-phat-son', '991f890aca43b3f844e55529d64ebd82.jpg', 'Trân Bảo Phật Sơn', 'Thái Lan', 9, 0, '2018-06-28 16:53:20', 'administrator', '2018-06-28 16:53:20', 'administrator'),
(51, 'tuong-phat-bon-mat', '1d5c870352d175d3b9fbbb2c32928c6c.jpg', 'Tượng Phật bốn mặt    ', 'Thái Lan', 9, 0, '2018-06-28 16:53:56', 'administrator', '2018-06-28 16:53:56', 'administrator'),
(52, 'chua-phat-vang', '8e448c66394a6636de364d50dc3c2c84.jpg', 'Chùa Phật vàng', 'Thái Lan', 9, 0, '2018-06-28 16:54:36', 'administrator', '2018-06-28 16:54:36', 'administrator'),
(53, 'dao-thuyen-tren-song-chaophaya', 'b3c0cb7f102baa2b85fe40a73046cb4e.png', 'Dạo thuyền trên sông Chaophaya', 'Thái Lan', 9, 0, '2018-06-28 16:55:42', 'administrator', '2018-06-28 16:55:42', 'administrator');

-- --------------------------------------------------------

--
-- Cấu trúc bảng cho bảng `localtion_lang`
--

CREATE TABLE `localtion_lang` (
  `id` int(11) NOT NULL,
  `localtion_id` int(11) NOT NULL,
  `title` text COLLATE utf8mb4_unicode_ci NOT NULL,
  `description` text COLLATE utf8mb4_unicode_ci NOT NULL,
  `content` text COLLATE utf8mb4_unicode_ci NOT NULL,
  `language` varchar(255) COLLATE utf8mb4_unicode_ci NOT NULL
) ENGINE=InnoDB DEFAULT CHARSET=utf8mb4 COLLATE=utf8mb4_unicode_ci;

--
-- Đang đổ dữ liệu cho bảng `localtion_lang`
--

INSERT INTO `localtion_lang` (`id`, `localtion_id`, `title`, `description`, `content`, `language`) VALUES
(1, 1, 'Chùa Long Sơn', '', 'Ng&ocirc;i ch&ugrave;a nổi tiếng được x&acirc;y dựng năm 1738, v&agrave;o thời vua C&agrave;n Long, đời nh&agrave; Thanh v&agrave; chủ yếu l&agrave; thờ Phật Qu&aacute;n Thế &Acirc;m Bồ T&aacute;t. Trải qua hơn 270 năm lịch sử, ng&ocirc;i ch&ugrave;a n&agrave;y đ&atilde; được tr&ugrave;ng tu nhiều lần nhưng vẫn giữ được n&eacute;t kiến tr&uacute;c ban đầu.', 'vi'),
(2, 1, 'Chua Long Son', '', 'Ng&ocirc;i ch&ugrave;a nổi tiếng được x&acirc;y dựng năm 1738, v&agrave;o thời vua C&agrave;n Long, đời nh&agrave; Thanh v&agrave; chủ yếu l&agrave; thờ Phật Qu&aacute;n Thế &Acirc;m Bồ T&aacute;t. Trải qua hơn 270 năm lịch sử, ng&ocirc;i ch&ugrave;a n&agrave;y đ&atilde; được tr&ugrave;ng tu nhiều lần nhưng vẫn giữ được n&eacute;t kiến tr&uacute;c ban đầu.', 'en'),
(3, 2, 'Quảng trường tự do', '', 'Quảng trường Tự do l&agrave; một quảng trường c&ocirc;ng cộng bao tr&ugrave;m hơn 240.000 m&eacute;t vu&ocirc;ng ở quận Trung Ch&iacute;nh của Đ&agrave;i Bắc, Đ&agrave;i Loan. Đ&acirc;y l&agrave; nơi c&ocirc;ng ch&uacute;ng tụ họp sau khi được ho&agrave;n th&agrave;nh v&agrave;o cuối những năm 1970. T&ecirc;n gọi quảng trường gợi nhớ lại vai tr&ograve; lịch sử quan trọng trong qu&aacute; tr&igrave;nh chuyển đổi từ thế chế độc đảng sang d&acirc;n chủ hiện đại của Đ&agrave;i Loan trong thập ni&ecirc;n 1990.', 'vi'),
(4, 2, 'Quang truong tu do', '', 'Quảng trường Tự do l&agrave; một quảng trường c&ocirc;ng cộng bao tr&ugrave;m hơn 240.000 m&eacute;t vu&ocirc;ng ở quận Trung Ch&iacute;nh của Đ&agrave;i Bắc, Đ&agrave;i Loan. Đ&acirc;y l&agrave; nơi c&ocirc;ng ch&uacute;ng tụ họp sau khi được ho&agrave;n th&agrave;nh v&agrave;o cuối những năm 1970. T&ecirc;n gọi quảng trường gợi nhớ lại vai tr&ograve; lịch sử quan trọng trong qu&aacute; tr&igrave;nh chuyển đổi từ thế chế độc đảng sang d&acirc;n chủ hiện đại của Đ&agrave;i Loan trong thập ni&ecirc;n 1990.', 'en'),
(5, 3, 'Tòa tháp Taipei 101', '', 'T&ograve;a th&aacute;p Taipei 101 hay c&ograve;n được gọi l&agrave; t&ograve;a th&aacute;p Đ&agrave;i Bắc 101, nằm ở quận Xinyi, Đ&agrave;i Bắc, Đ&agrave;i Loan. T&ograve;a th&aacute;p n&agrave;y được khởi c&ocirc;ng x&acirc;y dựng v&agrave;o năm 1999 v&agrave; đ&atilde; ho&agrave;n th&agrave;nh sau 5 năm tức l&agrave; v&agrave;o năm 2004 với kinh ph&iacute; l&ecirc;n đến 1,76 tỷ USD. Sau khi ho&agrave;n tất t&ograve;a th&aacute;p n&agrave;y c&oacute; diện t&iacute;ch s&agrave;n rộng 412.500 m2, cao đến 509,2 m v&agrave; c&oacute; 101 tầng. Taipei 101 nổi tiếng l&agrave; t&ograve;a th&aacute;p cao nhất thế giới l&uacute;c bấy giờ, đến năm 2010 th&igrave; nhường vị tr&iacute; n&agrave;y lại cho t&ograve;a nh&agrave; Burj Khalifa tại Dubai.', 'vi'),
(6, 3, 'Toa Thap Taipei 101', '', 'T&ograve;a th&aacute;p Taipei 101 hay c&ograve;n được gọi l&agrave; t&ograve;a th&aacute;p Đ&agrave;i Bắc 101, nằm ở quận Xinyi, Đ&agrave;i Bắc, Đ&agrave;i Loan. T&ograve;a th&aacute;p n&agrave;y được khởi c&ocirc;ng x&acirc;y dựng v&agrave;o năm 1999 v&agrave; đ&atilde; ho&agrave;n th&agrave;nh sau 5 năm tức l&agrave; v&agrave;o năm 2004 với kinh ph&iacute; l&ecirc;n đến 1,76 tỷ USD. Sau khi ho&agrave;n tất t&ograve;a th&aacute;p n&agrave;y c&oacute; diện t&iacute;ch s&agrave;n rộng 412.500 m2, cao đến 509,2 m v&agrave; c&oacute; 101 tầng. Taipei 101 nổi tiếng l&agrave; t&ograve;a th&aacute;p cao nhất thế giới l&uacute;c bấy giờ, đến năm 2010 th&igrave; nhường vị tr&iacute; n&agrave;y lại cho t&ograve;a nh&agrave; Burj Khalifa tại Dubai.', 'en'),
(7, 4, 'Pháp Cổ Sơn', '', 'Ph&aacute;p Cổ Sơn (DDM) l&agrave; một danh lam thắng cảnh nằm tr&ecirc;n một sườn đồi gần giao lộ ở đường cao tốc Bờ biển Bắc v&agrave; Yangmingshan-Jinshan trong Sanjie, huyện Jinshan, th&agrave;nh phố New Taipei, Đ&agrave;i Loan. Ph&aacute;p Cổ Sơn được th&agrave;nh lập v&agrave;o cuối năm H&ograve;a thượng Thiền Sư Sheng-yen. Sau đ&oacute;, dưới sự dẫn dắt của Đại sư Th&aacute;nh Nghi&ecirc;m c&ugrave;ng với nỗ lực của tập thể c&aacute;c Phật tử, Ph&aacute;p Cổ Sơn đ&atilde; trở th&agrave;nh một trung t&acirc;m tu học Phật Ph&aacute;p. C&aacute;c mục ti&ecirc;u của Ph&aacute;p Cổ Sơn l&agrave; để bảo vệ đời sống tinh thần của nh&acirc;n loại, v&agrave; x&acirc;y dựng một c&otilde;i tịnh độ trong c&otilde;i Ta B&agrave; n&agrave;y.', 'vi'),
(8, 4, 'Phap Co Son', '', 'Ph&aacute;p Cổ Sơn (DDM) l&agrave; một danh lam thắng cảnh nằm tr&ecirc;n một sườn đồi gần giao lộ ở đường cao tốc Bờ biển Bắc v&agrave; Yangmingshan-Jinshan trong Sanjie, huyện Jinshan, th&agrave;nh phố New Taipei, Đ&agrave;i Loan. Ph&aacute;p Cổ Sơn được th&agrave;nh lập v&agrave;o cuối năm H&ograve;a thượng Thiền Sư Sheng-yen. Sau đ&oacute;, dưới sự dẫn dắt của Đại sư Th&aacute;nh Nghi&ecirc;m c&ugrave;ng với nỗ lực của tập thể c&aacute;c Phật tử, Ph&aacute;p Cổ Sơn đ&atilde; trở th&agrave;nh một trung t&acirc;m tu học Phật Ph&aacute;p. C&aacute;c mục ti&ecirc;u của Ph&aacute;p Cổ Sơn l&agrave; để bảo vệ đời sống tinh thần của nh&acirc;n loại, v&agrave; x&acirc;y dựng một c&otilde;i tịnh độ trong c&otilde;i Ta B&agrave; n&agrave;y.', 'en'),
(9, 5, 'Linh Thứu Sơn', '', 'Linh Thứu Sơn - đạo tr&agrave;ng V&ocirc; Sinh. Nơi đ&acirc;y T&acirc;m Đạo ph&aacute;p sư sau hơn hai năm đoạn thực tu h&agrave;nh đ&atilde; mở đạo tr&agrave;ng V&ocirc; Sinh l&agrave;m nơi hoằng dương Phật ph&aacute;p. Ng&agrave;i được biết đến l&agrave; người s&aacute;ng lập ra bảo t&agrave;ng t&ocirc;n gi&aacute;o thế giới v&agrave; nh&agrave; s&aacute;ng lập ra tổ chức Global Family for Love and Peace được biết đến tr&ecirc;n to&agrave;n cầu.', 'vi'),
(10, 5, 'Linh Thuu Son', '', 'Linh Thứu Sơn - đạo tr&agrave;ng V&ocirc; Sinh. Nơi đ&acirc;y T&acirc;m Đạo ph&aacute;p sư sau hơn hai năm đoạn thực tu h&agrave;nh đ&atilde; mở đạo tr&agrave;ng V&ocirc; Sinh l&agrave;m nơi hoằng dương Phật ph&aacute;p. Ng&agrave;i được biết đến l&agrave; người s&aacute;ng lập ra bảo t&agrave;ng t&ocirc;n gi&aacute;o thế giới v&agrave; nh&agrave; s&aacute;ng lập ra tổ chức Global Family for Love and Peace được biết đến tr&ecirc;n to&agrave;n cầu.', 'en'),
(11, 6, 'Chợ đêm Raohe', '', 'Chợ đ&ecirc;m Raohe kh&ocirc;ng chỉ l&agrave; thi&ecirc;n đường ẩm thực Trung Hoa m&agrave; nơi đ&acirc;y cũng l&agrave; một trong những địa điểm mua sắm Đ&agrave;i Bắc v&ocirc; c&ugrave;ng nổi tiếng với du kh&aacute;ch nước ngo&agrave;i. Du kh&aacute;ch đến đ&acirc;y c&oacute; thể t&igrave;m mua mọi loại h&agrave;ng h&oacute;a từ quần &aacute;o, gi&agrave;y d&eacute;p, t&uacute;i x&aacute;ch cho đến đồ điện tử, điện thoại hay c&aacute;c vật dụng h&agrave;ng ng&agrave;y. Mua qu&agrave; lưu niệm d&agrave;nh tặng bạn b&egrave; người th&acirc;n tại chợ đ&ecirc;m Raohe l&agrave; một gợi &yacute; rất tốt d&agrave;nh cho du kh&aacute;ch. Những m&oacute;n h&agrave;ng thủ c&ocirc;ng được l&agrave;m từ tre gỗ, khăn tay th&ecirc;u tinh xảo hay những m&oacute;n đồ li&ecirc;n quan đến Phật gi&aacute;o đều l&agrave; sản phẩm đặc trưng của đất nước Đ&agrave;i Loan xinh đẹp.', 'vi'),
(12, 6, 'Cho dem Raohe', '', 'Chợ đ&ecirc;m Raohe kh&ocirc;ng chỉ l&agrave; thi&ecirc;n đường ẩm thực Trung Hoa m&agrave; nơi đ&acirc;y cũng l&agrave; một trong những địa điểm mua sắm Đ&agrave;i Bắc v&ocirc; c&ugrave;ng nổi tiếng với du kh&aacute;ch nước ngo&agrave;i. Du kh&aacute;ch đến đ&acirc;y c&oacute; thể t&igrave;m mua mọi loại h&agrave;ng h&oacute;a từ quần &aacute;o, gi&agrave;y d&eacute;p, t&uacute;i x&aacute;ch cho đến đồ điện tử, điện thoại hay c&aacute;c vật dụng h&agrave;ng ng&agrave;y. Mua qu&agrave; lưu niệm d&agrave;nh tặng bạn b&egrave; người th&acirc;n tại chợ đ&ecirc;m Raohe l&agrave; một gợi &yacute; rất tốt d&agrave;nh cho du kh&aacute;ch. Những m&oacute;n h&agrave;ng thủ c&ocirc;ng được l&agrave;m từ tre gỗ, khăn tay th&ecirc;u tinh xảo hay những m&oacute;n đồ li&ecirc;n quan đến Phật gi&aacute;o đều l&agrave; sản phẩm đặc trưng của đất nước Đ&agrave;i Loan xinh đẹp.', 'en'),
(13, 7, 'Bích Sơn Nham', '', 'Đ&acirc;y l&agrave; Miếu tổ thờ Th&aacute;nh Vương Khai Chương lớn nhất Đ&agrave;i Loan (Th&aacute;nh vương Khai Chương l&agrave; một trong những t&iacute;n ngưỡng d&acirc;n gian quan trọng khu vực Ph&uacute;c Kiến v&agrave; Đ&agrave;i Loan). Kh&ocirc;ng chỉ được x&acirc;y dựng bề thế m&agrave;&nbsp; mỗi chi tiết trong miếu đều được đi&ecirc;u khắc tỉ mỉ, c&ocirc;ng phu.', 'vi'),
(14, 7, 'Bich Son Nham', '', 'Đ&acirc;y l&agrave; Miếu tổ thờ Th&aacute;nh Vương Khai Chương lớn nhất Đ&agrave;i Loan (Th&aacute;nh vương Khai Chương l&agrave; một trong những t&iacute;n ngưỡng d&acirc;n gian quan trọng khu vực Ph&uacute;c Kiến v&agrave; Đ&agrave;i Loan). Kh&ocirc;ng chỉ được x&acirc;y dựng bề thế m&agrave;&nbsp; mỗi chi tiết trong miếu đều được đi&ecirc;u khắc tỉ mỉ, c&ocirc;ng phu.', 'en'),
(15, 8, 'Trung Đài Thiền Tự', '', 'Đ&acirc;y l&agrave; ng&ocirc;i Thiền tọa lạc tại thị trấn Phổ L&yacute; huyện Nam Đầu, Đ&agrave;i Loan. Trung Đ&agrave;i Thiền Tự gồm c&oacute; 16 tầng kh&aacute;c nhau v&agrave; 3 khu vườn', 'vi'),
(16, 8, 'Trung Dai Thien  Tu', '', 'Đ&acirc;y l&agrave; ng&ocirc;i Thiền tọa lạc tại thị trấn Phổ L&yacute; huyện Nam Đầu, Đ&agrave;i Loan. Trung Đ&agrave;i Thiền Tự gồm c&oacute; 16 tầng kh&aacute;c nhau v&agrave; 3 khu vườn', 'en'),
(17, 9, 'Hồ Nhật Nguyệt', '', 'Hồ Nhật Nguyệt (Sun Moon Lake) - hồ nằm tại độ cao hơn 700m so với mực nước biển, xung quanh l&agrave; trập tr&ugrave;ng n&uacute;i non, phong cảnh hữu t&igrave;nh.', 'vi'),
(18, 9, 'Ho Nhat Nguyet', '', 'Hồ Nhật Nguyệt (Sun Moon Lake) - hồ nằm tại độ cao hơn 700m so với mực nước biển, xung quanh l&agrave; trập tr&ugrave;ng n&uacute;i non, phong cảnh hữu t&igrave;nh.', 'en'),
(19, 10, 'Chùa Huyền Trang', '', 'Đ&acirc;y l&agrave; ng&ocirc;i ch&ugrave;a nằm s&aacute;t ngay hồ Nhật Nguyệt, l&agrave; nơi lưu giữ x&aacute; lợi đỉnh đầu của Đường Tam Tạng ph&aacute;p sư Huyền Trang', 'vi'),
(20, 10, 'Chua Huyen Trang', '', 'Đ&acirc;y l&agrave; ng&ocirc;i ch&ugrave;a nằm s&aacute;t ngay hồ Nhật Nguyệt, l&agrave; nơi lưu giữ x&aacute; lợi đỉnh đầu của Đường Tam Tạng ph&aacute;p sư Huyền Trang', 'en'),
(21, 11, 'Phật Quang Sơn', '', 'Đ&acirc;y l&agrave; ng&ocirc;i ch&ugrave;a nổi tiếng nhất Cao H&ugrave;ng với tượng Phật ngo&agrave;i trời cao 36m, c&ugrave;ng với quần thể hơn 480 tượng Phật nhỏ chung quanh.Với kiến tr&uacute;c cực k&igrave; h&ugrave;ng vĩ v&agrave; ấn tượng v&agrave; l&agrave; nơi thiết lập trường Đại học Phật gi&aacute;o tại Đ&agrave;i Loan, Phật Quang Sơn được mệnh danh l&agrave; &ldquo;kinh đ&ocirc; Phật gi&aacute;o Đ&agrave;i Nam&rdquo;.', 'vi'),
(22, 11, 'Phat Quang Son', '', 'Đ&acirc;y l&agrave; ng&ocirc;i ch&ugrave;a nổi tiếng nhất Cao H&ugrave;ng với tượng Phật ngo&agrave;i trời cao 36m, c&ugrave;ng với quần thể hơn 480 tượng Phật nhỏ chung quanh.Với kiến tr&uacute;c cực k&igrave; h&ugrave;ng vĩ v&agrave; ấn tượng v&agrave; l&agrave; nơi thiết lập trường Đại học Phật gi&aacute;o tại Đ&agrave;i Loan, Phật Quang Sơn được mệnh danh l&agrave; &ldquo;kinh đ&ocirc; Phật gi&aacute;o Đ&agrave;i Nam&rdquo;.', 'en'),
(23, 12, 'Tháp Long Hổ', '', 'Th&aacute;p Long Hổ l&agrave; một trong những ng&ocirc;i ch&ugrave;a c&oacute; kiến tr&uacute;c đẹp nhất ở Đ&agrave;i Loan. Ng&ocirc;i ch&ugrave;a c&oacute; hai t&ograve;a th&aacute;p ch&iacute;nh l&agrave; th&aacute;p Long v&agrave; th&aacute;p Hổ, mỗi th&aacute;p cao 7 tầng, cửa ra v&agrave;o được thiết kế độc đ&aacute;o với một b&ecirc;n l&agrave; Rồng, một b&ecirc;n l&agrave; Hổ với ngụ &yacute; v&agrave;o Rồng ra Hổ tượng trưng cho c&aacute;t tường, thịnh vượng v&agrave; may mắn.', 'vi'),
(24, 12, 'Thap Long Ho', '', 'Th&aacute;p Long Hổ l&agrave; một trong những ng&ocirc;i ch&ugrave;a c&oacute; kiến tr&uacute;c đẹp nhất ở Đ&agrave;i Loan. Ng&ocirc;i ch&ugrave;a c&oacute; hai t&ograve;a th&aacute;p ch&iacute;nh l&agrave; th&aacute;p Long v&agrave; th&aacute;p Hổ, mỗi th&aacute;p cao 7 tầng, cửa ra v&agrave;o được thiết kế độc đ&aacute;o với một b&ecirc;n l&agrave; Rồng, một b&ecirc;n l&agrave; Hổ với ngụ &yacute; v&agrave;o Rồng ra Hổ tượng trưng cho c&aacute;t tường, thịnh vượng v&agrave; may mắn.', 'en'),
(25, 13, 'Quan Lạn', '', 'Quan Lạn l&agrave; một h&ograve;n đảo xinh đẹp thuộc tỉnh Quảng Ninh, miền đất biển c&oacute; kh&aacute; nhiều thắng cảnh đẹp. Đến với Quan Lạn bạn sẽ được thả m&igrave;nh tr&ecirc;n những b&atilde;i biển c&aacute;t trắng trải d&agrave;i. Lặng lẽ cảm nhận hương vị của biển, dời xa sự x&ocirc; bồ của th&agrave;nh thị.&nbsp;', 'vi'),
(26, 13, 'Quan Lan', '', 'Quan Lạn l&agrave; một h&ograve;n đảo xinh đẹp thuộc tỉnh Quảng Ninh, miền đất biển c&oacute; kh&aacute; nhiều thắng cảnh đẹp. Đến với Quan Lạn bạn sẽ được thả m&igrave;nh tr&ecirc;n những b&atilde;i biển c&aacute;t trắng trải d&agrave;i. Lặng lẽ cảm nhận hương vị của biển, dời xa sự x&ocirc; bồ của th&agrave;nh thị.&nbsp;', 'en'),
(27, 14, 'Đình, Chùa Quan Lạn', '', '- Đ&igrave;nh Quan Lạn được x&acirc;y dựng v&agrave;o những năm 1890-1900. Đ&igrave;nh c&ograve;n cất giữ được 18 sắc phong từ đời vua Thiệu Trị năm thứ nhất (1841) đến đời Bảo Đại, đ&igrave;nh Quan Lạn thờ th&agrave;nh ho&agrave;ng l&agrave;ng, c&aacute;c vị ti&ecirc;n c&ocirc;ng c&oacute; c&ocirc;ng quai đ&ecirc; lập ấp dựng l&agrave;ng, sau đ&oacute; phối thờ tướng Trần Kh&aacute;nh Dư - người c&oacute; c&ocirc;ng lớn trong trận đ&aacute;nh thuyền lương giặc Nguy&ecirc;n M&ocirc;ng v&agrave; gắn b&oacute; với v&ugrave;ng đảo n&agrave;y. <br />- Ch&ugrave;a Quan Lạn: thờ Phật v&agrave; b&agrave; ch&uacute;a Liễu Hạnh &ndash; Th&aacute;nh nữ duy nhất trong Tứ th&aacute;nh bất tử của t&iacute;n ngưỡng người Việt. <br />- Miếu, ngh&egrave; Quan Lạn:&nbsp; hờ ba anh em họ Phạm gồm Phạm C&ocirc;ng Ch&iacute;nh, Phạm Qu&yacute; C&ocirc;ng v&agrave; Phạm Thuần Dụng. Theo bia đ&aacute; tại đ&acirc;y khắc ghi, ba vị tướng n&agrave;y l&agrave; người Quan Lạn. Ba tướng đ&atilde; lập c&ocirc;ng lớn trong ba lần chống giặc Nguy&ecirc;n M&ocirc;ng (1258-1285-1288).<br />&nbsp;- Đền thờ Trần Kh&aacute;nh Dư: C&aacute;ch hệ thống ch&ugrave;a Quan Lạn khoảng 1,5km l&agrave; đền thờ Trần Kh&aacute;nh Dư, một vị danh tướng nh&agrave; Trần đ&atilde; c&oacute; c&ocirc;ng lớn trong cuộc chiến chống qu&acirc;n x&acirc;m lược Nguy&ecirc;n M&ocirc;ng. Năm 2010, ng&ocirc;i đền n&agrave;y đ&atilde; được tr&ugrave;ng tu, t&ocirc;n tạo lại, l&agrave; điểm di t&iacute;ch lịch sử nằm trong cụm di t&iacute;ch quốc gia tại x&atilde; Quan Lạn.', 'vi'),
(28, 14, 'Dinh, Chua Quan Lan', '', '- Đ&igrave;nh Quan Lạn được x&acirc;y dựng v&agrave;o những năm 1890-1900. Đ&igrave;nh c&ograve;n cất giữ được 18 sắc phong từ đời vua Thiệu Trị năm thứ nhất (1841) đến đời Bảo Đại, đ&igrave;nh Quan Lạn thờ th&agrave;nh ho&agrave;ng l&agrave;ng, c&aacute;c vị ti&ecirc;n c&ocirc;ng c&oacute; c&ocirc;ng quai đ&ecirc; lập ấp dựng l&agrave;ng, sau đ&oacute; phối thờ tướng Trần Kh&aacute;nh Dư - người c&oacute; c&ocirc;ng lớn trong trận đ&aacute;nh thuyền lương giặc Nguy&ecirc;n M&ocirc;ng v&agrave; gắn b&oacute; với v&ugrave;ng đảo n&agrave;y. <br />- Ch&ugrave;a Quan Lạn: thờ Phật v&agrave; b&agrave; ch&uacute;a Liễu Hạnh &ndash; Th&aacute;nh nữ duy nhất trong Tứ th&aacute;nh bất tử của t&iacute;n ngưỡng người Việt. <br />- Miếu, ngh&egrave; Quan Lạn:&nbsp; hờ ba anh em họ Phạm gồm Phạm C&ocirc;ng Ch&iacute;nh, Phạm Qu&yacute; C&ocirc;ng v&agrave; Phạm Thuần Dụng. Theo bia đ&aacute; tại đ&acirc;y khắc ghi, ba vị tướng n&agrave;y l&agrave; người Quan Lạn. Ba tướng đ&atilde; lập c&ocirc;ng lớn trong ba lần chống giặc Nguy&ecirc;n M&ocirc;ng (1258-1285-1288).<br />&nbsp;- Đền thờ Trần Kh&aacute;nh Dư: C&aacute;ch hệ thống ch&ugrave;a Quan Lạn khoảng 1,5km l&agrave; đền thờ Trần Kh&aacute;nh Dư, một vị danh tướng nh&agrave; Trần đ&atilde; c&oacute; c&ocirc;ng lớn trong cuộc chiến chống qu&acirc;n x&acirc;m lược Nguy&ecirc;n M&ocirc;ng. Năm 2010, ng&ocirc;i đền n&agrave;y đ&atilde; được tr&ugrave;ng tu, t&ocirc;n tạo lại, l&agrave; điểm di t&iacute;ch lịch sử nằm trong cụm di t&iacute;ch quốc gia tại x&atilde; Quan Lạn.', 'en'),
(29, 15, 'Bãi biển Minh Châu', '', 'L&agrave; b&atilde;i biển được nhiều du kh&aacute;ch y&ecirc;u th&iacute;ch nhất bởi b&atilde;i c&aacute;t phẳng tuyệt đep, nước biển trong vắt, cảnh quan đẹp mắt.', 'vi'),
(30, 15, 'Bai bien Minh Chau', '', 'L&agrave; b&atilde;i biển được nhiều du kh&aacute;ch y&ecirc;u th&iacute;ch nhất bởi b&atilde;i c&aacute;t phẳng tuyệt đep, nước biển trong vắt, cảnh quan đẹp mắt.', 'en'),
(31, 16, 'Vũng Chùa Đảo Yến', '', 'Vũng Ch&ugrave;a &ndash; Đảo Yến nằm c&aacute;ch Đ&egrave;o Ngang 7km về ph&iacute;a nam, thuộc th&ocirc;n Thọ Sơn, x&atilde; Quảng Đ&ocirc;ng, huyện Quảng Trạch (Quảng B&igrave;nh). Nơi an nghỉ cuối c&ugrave;ng của Đại tướng V&otilde; Nguy&ecirc;n Gi&aacute;p ch&iacute;nh l&agrave; ngọn n&uacute;i Thọ, mũi Rồng ở v&ugrave;ng biển Vũng Ch&ugrave;a &ndash; Đảo Yến thuộc d&atilde;y Ho&agrave;nh Sơn đ&acirc;m ngang ra biển.', 'vi'),
(32, 16, 'Vung Chua Dao Yen', '', 'Vũng Ch&ugrave;a &ndash; Đảo Yến nằm c&aacute;ch Đ&egrave;o Ngang 7km về ph&iacute;a nam, thuộc th&ocirc;n Thọ Sơn, x&atilde; Quảng Đ&ocirc;ng, huyện Quảng Trạch (Quảng B&igrave;nh). Nơi an nghỉ cuối c&ugrave;ng của Đại tướng V&otilde; Nguy&ecirc;n Gi&aacute;p ch&iacute;nh l&agrave; ngọn n&uacute;i Thọ, mũi Rồng ở v&ugrave;ng biển Vũng Ch&ugrave;a &ndash; Đảo Yến thuộc d&atilde;y Ho&agrave;nh Sơn đ&acirc;m ngang ra biển.', 'en'),
(33, 17, 'Bãi biển đá nhảy', '', 'B&atilde;i Biển Lạ Kỳ Như Ch&iacute;nh T&ecirc;n Gọi Của N&oacute;. B&atilde;i biển Đ&aacute; Nhảy l&agrave; một trong hai b&atilde;i biển đẹp nhất ở Quảng B&igrave;nh với tr&ugrave;ng điệp d&atilde;y n&uacute;i đ&aacute; bị nước biển b&agrave;o m&ograve;n theo năm th&aacute;ng nh&ocirc; ra mặt biển với đủ mọi h&igrave;nh d&aacute;ng phong ph&uacute;, bắt mắt, xứng đ&aacute;ng l&agrave; một tuyệt t&aacute;c đi&ecirc;u khắc kỳ vỹ của tự nhi&ecirc;n.', 'vi'),
(34, 17, 'Bai bien da nhay', '', 'B&atilde;i Biển Lạ Kỳ Như Ch&iacute;nh T&ecirc;n Gọi Của N&oacute;. B&atilde;i biển Đ&aacute; Nhảy l&agrave; một trong hai b&atilde;i biển đẹp nhất ở Quảng B&igrave;nh với tr&ugrave;ng điệp d&atilde;y n&uacute;i đ&aacute; bị nước biển b&agrave;o m&ograve;n theo năm th&aacute;ng nh&ocirc; ra mặt biển với đủ mọi h&igrave;nh d&aacute;ng phong ph&uacute;, bắt mắt, xứng đ&aacute;ng l&agrave; một tuyệt t&aacute;c đi&ecirc;u khắc kỳ vỹ của tự nhi&ecirc;n.', 'en'),
(35, 18, 'Cồn cắt Quang Phú', '', 'C&aacute;ch trung t&acirc;m th&agrave;nh phố Đồng Hới khoảng 8km, gi&aacute;p ranh với x&atilde; Nh&acirc;n Trạch (huyện Bố Trạch), tỉnh Quảng B&igrave;nh. Đồi c&aacute;t nơi đ&acirc;y c&ograve;n giữ được vẻ đẹp hoang sơ, chưa chịu qu&aacute; nhiều t&aacute;c động từ hoạt động của con người. Tr&ecirc;n dải c&aacute;t trắng mịn bao la điểm nhấn những bụi c&acirc;y xanh mướt với sức sống m&atilde;nh liệt, chịu đựng nắng gi&oacute; của cồn c&aacute;t để sinh tồn. Những v&acirc;n c&aacute;t ở đ&acirc;y thay đổi h&igrave;nh dạng li&ecirc;n tục do chịu t&aacute;c động của gi&oacute; biển, của kh&iacute; hậu l&agrave;m cho du kh&aacute;ch mỗi lần đặt ch&acirc;n đến đ&acirc;y đều cảm thấy mới lạ v&agrave; th&uacute; vị.', 'vi'),
(36, 18, 'Con cat Quang Phu', '', 'C&aacute;ch trung t&acirc;m th&agrave;nh phố Đồng Hới khoảng 8km, gi&aacute;p ranh với x&atilde; Nh&acirc;n Trạch (huyện Bố Trạch), tỉnh Quảng B&igrave;nh. Đồi c&aacute;t nơi đ&acirc;y c&ograve;n giữ được vẻ đẹp hoang sơ, chưa chịu qu&aacute; nhiều t&aacute;c động từ hoạt động của con người. Tr&ecirc;n dải c&aacute;t trắng mịn bao la điểm nhấn những bụi c&acirc;y xanh mướt với sức sống m&atilde;nh liệt, chịu đựng nắng gi&oacute; của cồn c&aacute;t để sinh tồn. Những v&acirc;n c&aacute;t ở đ&acirc;y thay đổi h&igrave;nh dạng li&ecirc;n tục do chịu t&aacute;c động của gi&oacute; biển, của kh&iacute; hậu l&agrave;m cho du kh&aacute;ch mỗi lần đặt ch&acirc;n đến đ&acirc;y đều cảm thấy mới lạ v&agrave; th&uacute; vị.', 'en'),
(37, 19, 'Động Phong Nha', '', 'Động Phong Nha- &ldquo;Nam thi&ecirc;n đệ nhất động&rdquo;, được UNESCO c&ocirc;ng nhận l&agrave; di sản thi&ecirc;n nhi&ecirc;n thế giới, nơi đ&acirc;y cuốn h&uacute;t bởi cảnh n&uacute;i non h&ugrave;ng vĩ, s&ocirc;ng nước hữu t&igrave;nh v&agrave; cảnh tr&iacute; trong động như say m&ecirc; l&ograve;ng người. Phong Nha, c&ograve;n được gọi bằng c&aacute;i t&ecirc;n n&ocirc;m na nhưng đầy thi vị &ldquo;gi&oacute; luồn qua kẽ răng&rdquo;, kh&ocirc;ng chỉ giữ nguy&ecirc;n được vẻ nguy&ecirc;n sơ m&agrave; hệ thống thạch nhũ nơi đ&acirc;y khiến bất cứ du kh&aacute;ch n&agrave;o đặt ch&acirc;n đến cũng phải trầm trồ th&aacute;n phục.&nbsp;', 'vi'),
(38, 19, 'Dong Phong Nha', '', 'Động Phong Nha- &ldquo;Nam thi&ecirc;n đệ nhất động&rdquo;, được UNESCO c&ocirc;ng nhận l&agrave; di sản thi&ecirc;n nhi&ecirc;n thế giới, nơi đ&acirc;y cuốn h&uacute;t bởi cảnh n&uacute;i non h&ugrave;ng vĩ, s&ocirc;ng nước hữu t&igrave;nh v&agrave; cảnh tr&iacute; trong động như say m&ecirc; l&ograve;ng người. Phong Nha, c&ograve;n được gọi bằng c&aacute;i t&ecirc;n n&ocirc;m na nhưng đầy thi vị &ldquo;gi&oacute; luồn qua kẽ răng&rdquo;, kh&ocirc;ng chỉ giữ nguy&ecirc;n được vẻ nguy&ecirc;n sơ m&agrave; hệ thống thạch nhũ nơi đ&acirc;y khiến bất cứ du kh&aacute;ch n&agrave;o đặt ch&acirc;n đến cũng phải trầm trồ th&aacute;n phục.&nbsp;', 'en'),
(39, 20, 'Sông Chày Hang tối', '', 'S&ocirc;ng Ch&agrave;y Hang Tối thuộc Di sản thi&ecirc;n nhi&ecirc;n thế giới Vườn quốc gia Phong Nha &ndash; Kẻ B&agrave;ng, c&aacute;ch TP. Đồng Hới khoảng 50km về ph&iacute;a t&acirc;y bắc theo quốc lộ 15. Đ&acirc;y được coi l&agrave; tuyến du lịch sinh th&aacute;i&nbsp; hấp dẫn với loại h&igrave;nh du lịch mới qu&yacute; kh&aacute;ch c&oacute; thể tham gia đu d&acirc;y tr&ecirc;n kh&ocirc;ng tắm s&ocirc;ng hay đu d&acirc;y tới Hang Tối, ch&egrave;o thuyền kayak ngắm cảnh thi&ecirc;n nhi&ecirc;n tươi đẹp, tận hưởng những ph&uacute;t gi&acirc;y thư gi&atilde;n thoải m&aacute;i khi đắm m&igrave;nh v&agrave;o thế giới tự nhi&ecirc;n, thưởng thức c&aacute;c m&oacute;n ăn truyền thống mang đậm chất của người d&acirc;n địa phương.', 'vi'),
(40, 20, 'Song Chay Hang toi', '', 'S&ocirc;ng Ch&agrave;y Hang Tối thuộc Di sản thi&ecirc;n nhi&ecirc;n thế giới Vườn quốc gia Phong Nha &ndash; Kẻ B&agrave;ng, c&aacute;ch TP. Đồng Hới khoảng 50km về ph&iacute;a t&acirc;y bắc theo quốc lộ 15. Đ&acirc;y được coi l&agrave; tuyến du lịch sinh th&aacute;i&nbsp; hấp dẫn với loại h&igrave;nh du lịch mới qu&yacute; kh&aacute;ch c&oacute; thể tham gia đu d&acirc;y tr&ecirc;n kh&ocirc;ng tắm s&ocirc;ng hay đu d&acirc;y tới Hang Tối, ch&egrave;o thuyền kayak ngắm cảnh thi&ecirc;n nhi&ecirc;n tươi đẹp, tận hưởng những ph&uacute;t gi&acirc;y thư gi&atilde;n thoải m&aacute;i khi đắm m&igrave;nh v&agrave;o thế giới tự nhi&ecirc;n, thưởng thức c&aacute;c m&oacute;n ăn truyền thống mang đậm chất của người d&acirc;n địa phương.', 'en'),
(41, 21, 'Động Thiên Đường', '', 'Động Thi&ecirc;n Đường được mệnh danh l&agrave; ho&agrave;ng cung trong l&ograve;ng đất v&agrave; l&agrave; hang động kh&ocirc; lớn nhất Ch&acirc;u &Aacute;. Với vẻ đẹp huyền ảo tr&aacute;ng lệ, hệ thống &aacute;nh s&aacute;ng hợp l&yacute; nhưng kh&ocirc;ng l&agrave;m mất đi vẻ tự nhi&ecirc;n của hang động sẽ đưa qu&yacute; kh&aacute;ch chi&ecirc;m ngưỡng hệ thống thạch nhũ nhiều h&igrave;nh th&ugrave; như : Cung Quần Ti&ecirc;n Hội Tụ, Kỳ Hươu, Th&aacute;p Li&ecirc;n hoa, Phạt B&agrave; Quan &Acirc;m, Voi Ma M&uacute;t, Nh&agrave; R&ocirc;ng T&acirc;y Nguy&ecirc;n...', 'vi'),
(42, 21, 'Dong Thien Duong', '', 'Động Thi&ecirc;n Đường được mệnh danh l&agrave; ho&agrave;ng cung trong l&ograve;ng đất v&agrave; l&agrave; hang động kh&ocirc; lớn nhất Ch&acirc;u &Aacute;. Với vẻ đẹp huyền ảo tr&aacute;ng lệ, hệ thống &aacute;nh s&aacute;ng hợp l&yacute; nhưng kh&ocirc;ng l&agrave;m mất đi vẻ tự nhi&ecirc;n của hang động sẽ đưa qu&yacute; kh&aacute;ch chi&ecirc;m ngưỡng hệ thống thạch nhũ nhiều h&igrave;nh th&ugrave; như : Cung Quần Ti&ecirc;n Hội Tụ, Kỳ Hươu, Th&aacute;p Li&ecirc;n hoa, Phạt B&agrave; Quan &Acirc;m, Voi Ma M&uacute;t, Nh&agrave; R&ocirc;ng T&acirc;y Nguy&ecirc;n...', 'en'),
(43, 22, 'Suối Nước Moọc', '', 'Nằm gần danh thắng Phong Nha - Kẻ B&agrave;ng, suối Nước Moọc c&oacute; phong cảnh thi&ecirc;n nhi&ecirc;n rực rỡ c&ugrave;ng với hệ sinh th&aacute;i đa dạng, đi k&egrave;m l&agrave; những trải nghiệm hấp dẫn. C&ugrave;ng nhảy &ugrave;m v&agrave;o d&ograve;ng suối m&aacute;t lạnh, ch&egrave;o thuyền kayak hay ng&acirc;m m&igrave;nh trong d&ograve;ng suối&hellip;Với d&ograve;ng nước xanh biếc như ngọc uốn lượn giữa n&uacute;i rừng Phong Nha, xung quanh l&agrave; c&aacute;c l&egrave;n n&uacute;i đ&aacute; v&ocirc;i cao v&uacute;t xanh ng&uacute;t trời m&acirc;y, qu&yacute; kh&aacute;ch tha hồ thưởng ngoạn, chụp h&igrave;nh lưu niệm với thi&ecirc;n nhi&ecirc;n v&ocirc; c&ugrave;ng h&ugrave;ng vỹ, như chốn bồng lai ti&ecirc;n cảnh dưới hạ giới.', 'vi'),
(44, 22, 'Suoi Nuoc Mooc', '', 'Nằm gần danh thắng Phong Nha - Kẻ B&agrave;ng, suối Nước Moọc c&oacute; phong cảnh thi&ecirc;n nhi&ecirc;n rực rỡ c&ugrave;ng với hệ sinh th&aacute;i đa dạng, đi k&egrave;m l&agrave; những trải nghiệm hấp dẫn. C&ugrave;ng nhảy &ugrave;m v&agrave;o d&ograve;ng suối m&aacute;t lạnh, ch&egrave;o thuyền kayak hay ng&acirc;m m&igrave;nh trong d&ograve;ng suối&hellip;Với d&ograve;ng nước xanh biếc như ngọc uốn lượn giữa n&uacute;i rừng Phong Nha, xung quanh l&agrave; c&aacute;c l&egrave;n n&uacute;i đ&aacute; v&ocirc;i cao v&uacute;t xanh ng&uacute;t trời m&acirc;y, qu&yacute; kh&aacute;ch tha hồ thưởng ngoạn, chụp h&igrave;nh lưu niệm với thi&ecirc;n nhi&ecirc;n v&ocirc; c&ugrave;ng h&ugrave;ng vỹ, như chốn bồng lai ti&ecirc;n cảnh dưới hạ giới.', 'en'),
(45, 23, 'Quảng Bình Quan', '', 'Quảng B&igrave;nh Quan - c&ocirc;ng tr&igrave;nh kiến tr&uacute;c lịch sử v&agrave; l&agrave; biểu tượng của Quảng B&igrave;nh, nơi ghi dấu về một thời lịch sử của d&acirc;n tộc, với hệ thống th&agrave;nh lũy cổ bảo vệ kinh đ&ocirc; Ph&uacute; Xu&acirc;n, đ&acirc;y l&agrave; nơi mang đến cho du kh&aacute;ch những kh&aacute;m ph&aacute;, cảm nhận về một thời xa xưa, b&igrave;nh y&ecirc;n v&agrave; ho&agrave;i cổ.', 'vi'),
(46, 23, 'Quang Binh Quan', '', 'Quảng B&igrave;nh Quan - c&ocirc;ng tr&igrave;nh kiến tr&uacute;c lịch sử v&agrave; l&agrave; biểu tượng của Quảng B&igrave;nh, nơi ghi dấu về một thời lịch sử của d&acirc;n tộc, với hệ thống th&agrave;nh lũy cổ bảo vệ kinh đ&ocirc; Ph&uacute; Xu&acirc;n, đ&acirc;y l&agrave; nơi mang đến cho du kh&aacute;ch những kh&aacute;m ph&aacute;, cảm nhận về một thời xa xưa, b&igrave;nh y&ecirc;n v&agrave; ho&agrave;i cổ.', 'en'),
(47, 24, 'Trượng Đài mẹ suốt', '', 'Đ&acirc;y l&agrave; một trong những tượng đ&agrave;i được x&acirc;y dựng ở Quảng B&igrave;nh để tưởng nhớ đến người mẹ d&acirc;n tộc - mẹ Nguyễn Thị Suốt, người đ&atilde; từng được đi v&agrave;o lịch sử bằng c&aacute;c b&agrave;i thơ, văn của nhiều nh&agrave; thơ, nh&agrave; văn. H&igrave;nh ảnh tượng đ&agrave;i mẹ Suốt uy nghi&ecirc;m, anh h&ugrave;ng l&agrave; một địa điểm du lịch nổi tiếng ở Quảng B&igrave;nh.&nbsp;', 'vi'),
(48, 24, 'Truong Dai me suot', '', 'Đ&acirc;y l&agrave; một trong những tượng đ&agrave;i được x&acirc;y dựng ở Quảng B&igrave;nh để tưởng nhớ đến người mẹ d&acirc;n tộc - mẹ Nguyễn Thị Suốt, người đ&atilde; từng được đi v&agrave;o lịch sử bằng c&aacute;c b&agrave;i thơ, văn của nhiều nh&agrave; thơ, nh&agrave; văn. H&igrave;nh ảnh tượng đ&agrave;i mẹ Suốt uy nghi&ecirc;m, anh h&ugrave;ng l&agrave; một địa điểm du lịch nổi tiếng ở Quảng B&igrave;nh.&nbsp;', 'en'),
(49, 25, 'Chợ Đồng Hới', '', '', 'vi'),
(50, 25, 'Cho Dong Hoi', '', '', 'en'),
(51, 26, 'Đông Quan Thanh Chân Đại Tự', '', 'Đ&acirc;y l&agrave; ng&ocirc;i đền Hồi gi&aacute;o nổi tiếng v&agrave; l&acirc;u đời nhất tỉnh T&acirc;y Ninh', 'vi'),
(52, 26, 'Dong Quan Thanh Chan Dai Tu', '', 'Đ&acirc;y l&agrave; ng&ocirc;i đền Hồi gi&aacute;o nổi tiếng v&agrave; l&acirc;u đời nhất tỉnh T&acirc;y Ninh', 'en'),
(53, 27, 'Tàu Hỏa Tây Ninh lên Tây Tạng', '', '<table width=\"551\">\r\n<tbody>\r\n<tr>\r\n<td width=\"551\">Chuyến t&agrave;u T&acirc;y Ninh l&ecirc;n thủ phủ T&acirc;y Tạng l&agrave; chuyến t&agrave;u đẹp nhất tr&ecirc;n thế giới c&ugrave;ng với bao danh hiệu: chuyến t&agrave;u cao nhất thế giới, ga t&agrave;u hỏa cao nhất thế giới, đường hầm cao v&agrave; d&agrave;i nhất tr&ecirc;n thế giới xuy&ecirc;n qua n&uacute;i băng vĩnh cửu&hellip; thiết kế điều kiện an to&agrave;n tr&ecirc;n t&agrave;u đ&ograve;i hỏi tương tự tr&ecirc;n m&aacute;y bay để chịu được cũng như bảo vệ h&agrave;nh kh&aacute;ch ở độ cao đặc biệt, với điểm cao nhất của cung đường l&ecirc;n tới 5.072 m&eacute;t so với mặt nước biển. Kh&ocirc;ng kh&iacute; b&ecirc;n trong được điều h&ograve;a tự động, cung cấp dưỡng kh&iacute; cho h&agrave;nh kh&aacute;ch.</td>\r\n</tr>\r\n</tbody>\r\n</table>', 'vi'),
(54, 27, 'Tau hoa Tay Ninh len Tay Tang', '', '<table width=\"551\">\r\n<tbody>\r\n<tr>\r\n<td width=\"551\">Chuyến t&agrave;u T&acirc;y Ninh l&ecirc;n thủ phủ T&acirc;y Tạng l&agrave; chuyến t&agrave;u đẹp nhất tr&ecirc;n thế giới c&ugrave;ng với bao danh hiệu: chuyến t&agrave;u cao nhất thế giới, ga t&agrave;u hỏa cao nhất thế giới, đường hầm cao v&agrave; d&agrave;i nhất tr&ecirc;n thế giới xuy&ecirc;n qua n&uacute;i băng vĩnh cửu&hellip; thiết kế điều kiện an to&agrave;n tr&ecirc;n t&agrave;u đ&ograve;i hỏi tương tự tr&ecirc;n m&aacute;y bay để chịu được cũng như bảo vệ h&agrave;nh kh&aacute;ch ở độ cao đặc biệt, với điểm cao nhất của cung đường l&ecirc;n tới 5.072 m&eacute;t so với mặt nước biển. Kh&ocirc;ng kh&iacute; b&ecirc;n trong được điều h&ograve;a tự động, cung cấp dưỡng kh&iacute; cho h&agrave;nh kh&aacute;ch.</td>\r\n</tr>\r\n</tbody>\r\n</table>', 'en'),
(55, 28, 'Cung điện Potala', '', '<table width=\"551\">\r\n<tbody>\r\n<tr>\r\n<td width=\"551\">Chuyến t&agrave;u T&acirc;y Ninh l&ecirc;n thủ phủ T&acirc;y Tạng l&agrave; chuyến t&agrave;u đẹp nhất tr&ecirc;n thế giới c&ugrave;ng với bao danh hiệu: chuyến t&agrave;u cao nhất thế giới, ga t&agrave;u hỏa cao nhất thế giới, đường hầm cao v&agrave; d&agrave;i nhất tr&ecirc;n thế giới xuy&ecirc;n qua n&uacute;i băng vĩnh cửu&hellip; thiết kế điều kiện an to&agrave;n tr&ecirc;n t&agrave;u đ&ograve;i hỏi tương tự tr&ecirc;n m&aacute;y bay để chịu được cũng như bảo vệ h&agrave;nh kh&aacute;ch ở độ cao đặc biệt, với điểm cao nhất của cung đường l&ecirc;n tới 5.072 m&eacute;t so với mặt nước biển. Kh&ocirc;ng kh&iacute; b&ecirc;n trong được điều h&ograve;a tự động, cung cấp dưỡng kh&iacute; cho h&agrave;nh kh&aacute;ch.</td>\r\n</tr>\r\n</tbody>\r\n</table>', 'vi'),
(56, 28, 'Cung dien Potala', '', '<table width=\"551\">\r\n<tbody>\r\n<tr>\r\n<td width=\"551\">Chuyến t&agrave;u T&acirc;y Ninh l&ecirc;n thủ phủ T&acirc;y Tạng l&agrave; chuyến t&agrave;u đẹp nhất tr&ecirc;n thế giới c&ugrave;ng với bao danh hiệu: chuyến t&agrave;u cao nhất thế giới, ga t&agrave;u hỏa cao nhất thế giới, đường hầm cao v&agrave; d&agrave;i nhất tr&ecirc;n thế giới xuy&ecirc;n qua n&uacute;i băng vĩnh cửu&hellip; thiết kế điều kiện an to&agrave;n tr&ecirc;n t&agrave;u đ&ograve;i hỏi tương tự tr&ecirc;n m&aacute;y bay để chịu được cũng như bảo vệ h&agrave;nh kh&aacute;ch ở độ cao đặc biệt, với điểm cao nhất của cung đường l&ecirc;n tới 5.072 m&eacute;t so với mặt nước biển. Kh&ocirc;ng kh&iacute; b&ecirc;n trong được điều h&ograve;a tự động, cung cấp dưỡng kh&iacute; cho h&agrave;nh kh&aacute;ch.</td>\r\n</tr>\r\n</tbody>\r\n</table>', 'en'),
(57, 29, 'Chùa Đại Chiêu', '', 'Đ&acirc;y l&agrave; một trong những ng&ocirc;i ch&ugrave;a linh thi&ecirc;ng nhất với Phật gi&aacute;o T&acirc;y Tạng &ndash; nơi thờ th&acirc;n tượng đức Th&iacute;ch Ca 12 tuổi', 'vi'),
(58, 29, 'Chua Dai Chieu', '', 'Đ&acirc;y l&agrave; một trong những ng&ocirc;i ch&ugrave;a linh thi&ecirc;ng nhất với Phật gi&aacute;o T&acirc;y Tạng &ndash; nơi thờ th&acirc;n tượng đức Th&iacute;ch Ca 12 tuổi', 'en'),
(59, 30, 'Tu viện Drepung', '', 'L&agrave; tu viện hơn 600 năm tuổi linh thi&ecirc;ng bậc nhất T&acirc;y Tạng, từng l&agrave; một trong ba tu viện lớn c&oacute; tầm ảnh hưởng rộng nhất tr&ecirc;n đất T&acirc;y Tạng với hơn 10000 nh&agrave; sư tu học.', 'vi'),
(60, 30, 'Tu vien Drepung', '', 'L&agrave; tu viện hơn 600 năm tuổi linh thi&ecirc;ng bậc nhất T&acirc;y Tạng, từng l&agrave; một trong ba tu viện lớn c&oacute; tầm ảnh hưởng rộng nhất tr&ecirc;n đất T&acirc;y Tạng với hơn 10000 nh&agrave; sư tu học.', 'en'),
(61, 31, 'Norbulingka', '', 'Norbulingka l&agrave; cung điện để c&aacute;c Đức Đại Lai Lạt Ma l&agrave;m việc v&agrave;o m&ugrave;a h&egrave;, x&acirc;y dựng v&agrave;o năm 1751, nơi đ&acirc;y mang đậm cấu tr&uacute;c vườn hoa điển h&igrave;nh của T&acirc;y Tạng. Norbulingka bắt đầu được sử dụng từ đời Đức Đạt Lai Lạt Ma thứ 7, v&agrave; hiện l&agrave; vườn hoa lớn nhất ở T&acirc;y Tạng.', 'vi'),
(62, 31, 'Norbulingka', '', 'Norbulingka l&agrave; cung điện để c&aacute;c Đức Đại Lai Lạt Ma l&agrave;m việc v&agrave;o m&ugrave;a h&egrave;, x&acirc;y dựng v&agrave;o năm 1751, nơi đ&acirc;y mang đậm cấu tr&uacute;c vườn hoa điển h&igrave;nh của T&acirc;y Tạng. Norbulingka bắt đầu được sử dụng từ đời Đức Đạt Lai Lạt Ma thứ 7, v&agrave; hiện l&agrave; vườn hoa lớn nhất ở T&acirc;y Tạng.', 'en'),
(63, 32, 'Tu viện Sera', '', 'L&agrave; một trong ba tu viện lớn của T&acirc;y Tạng được th&agrave;nh lập v&agrave;o năm 1419, đại diện cho d&ograve;ng Gelugpa &ndash; ph&aacute;i C&aacute;ch Lỗ. Tu viện gồm c&oacute; hai đại học độc lập Sera Je v&agrave; Sera Mey, v&agrave; trường Mật t&ocirc;ng Ngagpa Dratsang.', 'vi'),
(64, 32, 'Tu vien Sera', '', 'L&agrave; một trong ba tu viện lớn của T&acirc;y Tạng được th&agrave;nh lập v&agrave;o năm 1419, đại diện cho d&ograve;ng Gelugpa &ndash; ph&aacute;i C&aacute;ch Lỗ. Tu viện gồm c&oacute; hai đại học độc lập Sera Je v&agrave; Sera Mey, v&agrave; trường Mật t&ocirc;ng Ngagpa Dratsang.', 'en'),
(65, 33, 'Thánh hồ Yamdrok', '', 'Hồ Yamdrok c&ograve;n được gọi với c&aacute;i t&ecirc;n kh&aacute;c l&agrave; Hồ San h&ocirc; (Coral Lake) nằm c&aacute;ch thủ phủ Lhasa của Khu tự trị T&acirc;y Tạng khoảng hơn 100 km. Nằm ở độ cao 4.441m, Yamdrok được coi l&agrave; một trong bốn hồ nước thi&ecirc;ng nhất tại T&acirc;y Tạng (ba hồ kh&aacute;c l&agrave; Lhamo Latso, Namtso v&agrave; Manasarovar). \"Yamdrok\" trong ti&ecirc;́ng Tạng có nghĩa là h&ocirc;̀ thi&ecirc;n nga. Tương truyền thánh h&ocirc;̀ này là hóa th&acirc;n của Long nữ - nữ th&acirc;̀n bảo h&ocirc;̣ cho người d&acirc;n T&acirc;y Tạng. N&ecirc;́u ai tới Thánh hồ Yamdrok thành t&acirc;m cầu nguy&ecirc;̣n và chạm tay vào nước Thánh h&ocirc;̀ sẽ đươc ti&ecirc;u trừ nghi&ecirc;̣p chướng từ nhi&ecirc;̀u đời nhi&ecirc;̀u khi&ecirc;́p. N&ecirc;́u ai thành t&acirc;m c&acirc;̀u nguy&ecirc;̣n và cúng dường 01 đồng xu xu&ocirc;́ng Thánh h&ocirc;̀ thì kh&ocirc;ng m&acirc;́y l&acirc;u lại có tịnh tài và nh&acirc;n duy&ecirc;n trở v&ecirc;̀ tham quan T&acirc;y Tạng l&acirc;̀n nữa.', 'vi'),
(66, 33, 'Thanh ho Yamdrok', '', 'Hồ Yamdrok c&ograve;n được gọi với c&aacute;i t&ecirc;n kh&aacute;c l&agrave; Hồ San h&ocirc; (Coral Lake) nằm c&aacute;ch thủ phủ Lhasa của Khu tự trị T&acirc;y Tạng khoảng hơn 100 km. Nằm ở độ cao 4.441m, Yamdrok được coi l&agrave; một trong bốn hồ nước thi&ecirc;ng nhất tại T&acirc;y Tạng (ba hồ kh&aacute;c l&agrave; Lhamo Latso, Namtso v&agrave; Manasarovar). \"Yamdrok\" trong ti&ecirc;́ng Tạng có nghĩa là h&ocirc;̀ thi&ecirc;n nga. Tương truyền thánh h&ocirc;̀ này là hóa th&acirc;n của Long nữ - nữ th&acirc;̀n bảo h&ocirc;̣ cho người d&acirc;n T&acirc;y Tạng. N&ecirc;́u ai tới Thánh hồ Yamdrok thành t&acirc;m cầu nguy&ecirc;̣n và chạm tay vào nước Thánh h&ocirc;̀ sẽ đươc ti&ecirc;u trừ nghi&ecirc;̣p chướng từ nhi&ecirc;̀u đời nhi&ecirc;̀u khi&ecirc;́p. N&ecirc;́u ai thành t&acirc;m c&acirc;̀u nguy&ecirc;̣n và cúng dường 01 đồng xu xu&ocirc;́ng Thánh h&ocirc;̀ thì kh&ocirc;ng m&acirc;́y l&acirc;u lại có tịnh tài và nh&acirc;n duy&ecirc;n trở v&ecirc;̀ tham quan T&acirc;y Tạng l&acirc;̀n nữa.', 'en'),
(67, 34, 'Tu viện Palkhor', '', 'L&agrave; một tu viện nổi tiếng v&igrave; đ&acirc;y l&agrave; nơi tu h&agrave;nh của 3 hệ ph&aacute;i Phật gi&aacute;o kh&aacute;c nhau bao gồm: ph&aacute;i Sakyapa, Kadampa v&agrave; Gelugpa. C&aacute;c hệ ph&aacute;i n&agrave;y c&ugrave;ng chia sẻ một ch&aacute;nh điện v&agrave; c&aacute;c ph&ograve;ng nghi&ecirc;n cứu Phật gi&aacute;o.&nbsp;', 'vi'),
(68, 34, 'Tu vien Palkhor', '', 'L&agrave; một tu viện nổi tiếng v&igrave; đ&acirc;y l&agrave; nơi tu h&agrave;nh của 3 hệ ph&aacute;i Phật gi&aacute;o kh&aacute;c nhau bao gồm: ph&aacute;i Sakyapa, Kadampa v&agrave; Gelugpa. C&aacute;c hệ ph&aacute;i n&agrave;y c&ugrave;ng chia sẻ một ch&aacute;nh điện v&agrave; c&aacute;c ph&ograve;ng nghi&ecirc;n cứu Phật gi&aacute;o.&nbsp;', 'en'),
(69, 35, 'Tu viện Kumbum', '', 'Tu viện KumBum l&agrave; một trong số s&aacute;u tu viện lớn của d&ograve;ng truyền thừa C&aacute;ch lỗ &ndash; Gelukpa ( 5 tu viện lớn kh&aacute;c l&agrave; Ganden, Drepung, Sera, Tashillunpo v&agrave; Labrang). Tu viện KumBum l&agrave; nơi Đạo sư T&ocirc;ng -kh&aacute;ch -ba (Tsongkhapa), người s&aacute;ng lập ra d&ograve;ng truyền thừa Gelukpa sinh ra v&agrave; lớn l&ecirc;n. Đạo sư T&ocirc;ng -kh&aacute;ch -ba l&agrave; vị l&atilde;nh tụ tinh thần tối cao của d&ograve;ng Gelukpa v&agrave; l&agrave; vị Ganden Tripa đầu ti&ecirc;n ( danh vị của l&atilde;nh tụ tinh thần của trường ph&aacute;i Geluk). Hai học tr&ograve; xuất sắc của Ng&agrave;i l&agrave; Đạt lai Lạt ma v&agrave; Ban thiền Lạt ma l&agrave; hai người l&atilde;nh đạo ch&iacute;nh của d&ograve;ng Mũ v&agrave;ng của Phật gi&aacute;o T&acirc;y tạng.', 'vi'),
(70, 35, 'Tu vien Kumbum', '', 'Tu viện KumBum l&agrave; một trong số s&aacute;u tu viện lớn của d&ograve;ng truyền thừa C&aacute;ch lỗ &ndash; Gelukpa ( 5 tu viện lớn kh&aacute;c l&agrave; Ganden, Drepung, Sera, Tashillunpo v&agrave; Labrang). Tu viện KumBum l&agrave; nơi Đạo sư T&ocirc;ng -kh&aacute;ch -ba (Tsongkhapa), người s&aacute;ng lập ra d&ograve;ng truyền thừa Gelukpa sinh ra v&agrave; lớn l&ecirc;n. Đạo sư T&ocirc;ng -kh&aacute;ch -ba l&agrave; vị l&atilde;nh tụ tinh thần tối cao của d&ograve;ng Gelukpa v&agrave; l&agrave; vị Ganden Tripa đầu ti&ecirc;n ( danh vị của l&atilde;nh tụ tinh thần của trường ph&aacute;i Geluk). Hai học tr&ograve; xuất sắc của Ng&agrave;i l&agrave; Đạt lai Lạt ma v&agrave; Ban thiền Lạt ma l&agrave; hai người l&atilde;nh đạo ch&iacute;nh của d&ograve;ng Mũ v&agrave;ng của Phật gi&aacute;o T&acirc;y tạng.', 'en'),
(71, 36, 'Tu viện Tashilhunpo ', '', 'Tu viện của c&aacute;c đời Phật sống Ban Thiền cũng l&agrave; một trong 4 đại tu viện lớn nhất v&agrave; đẹp nhất T&acirc;y Tạng.', 'vi'),
(72, 36, 'Tu vien Tashilhunpo ', '', 'Tu viện của c&aacute;c đời Phật sống Ban Thiền cũng l&agrave; một trong 4 đại tu viện lớn nhất v&agrave; đẹp nhất T&acirc;y Tạng.', 'en'),
(73, 37, 'Trương Gia Giới', '', 'Trương Gia Giới nằm ở T&acirc;y Bắc tỉnh Hồ Nam &ndash; Trung Quốc, được tạo h&oacute;a ban tặng cảnh sắc thi&ecirc;n nhi&ecirc;n h&ugrave;ng vĩ với hơn 3.000 cột đ&aacute; h&igrave;nh th&ugrave; thi&ecirc;n biến vạn h&oacute;a. Kh&ocirc;ng chỉ vậy ở Trương Gia Giới c&ograve;n c&oacute; thị trấn cổ Phượng Ho&agrave;ng với 1.300 năm tuổi lưu giữ rất nhiều n&eacute;t gi&aacute; trị văn h&oacute;a của người Trung Hoa. Nằm cạnh con s&ocirc;ng Đ&agrave; Giang xinh đẹp, thơ mộng Trương Gia Giới &ndash; Phượng Ho&agrave;ng Trấn đang trở th&agrave;nh địa điểm du lịch phượt hấp dẫn với rất nhiều bạn trẻ.', 'vi'),
(74, 37, 'Truong Gia Gioi', '', 'Trương Gia Giới nằm ở T&acirc;y Bắc tỉnh Hồ Nam &ndash; Trung Quốc, được tạo h&oacute;a ban tặng cảnh sắc thi&ecirc;n nhi&ecirc;n h&ugrave;ng vĩ với hơn 3.000 cột đ&aacute; h&igrave;nh th&ugrave; thi&ecirc;n biến vạn h&oacute;a. Kh&ocirc;ng chỉ vậy ở Trương Gia Giới c&ograve;n c&oacute; thị trấn cổ Phượng Ho&agrave;ng với 1.300 năm tuổi lưu giữ rất nhiều n&eacute;t gi&aacute; trị văn h&oacute;a của người Trung Hoa. Nằm cạnh con s&ocirc;ng Đ&agrave; Giang xinh đẹp, thơ mộng Trương Gia Giới &ndash; Phượng Ho&agrave;ng Trấn đang trở th&agrave;nh địa điểm du lịch phượt hấp dẫn với rất nhiều bạn trẻ.', 'en'),
(75, 38, 'Thang máy Bách Long', '', 'Thang m&aacute;y B&aacute;ch Long hay thang m&aacute;y &ldquo;Trăm Rồng&rdquo;, l&agrave; thang m&aacute;y k&iacute;nh được x&acirc;y dựng b&ecirc;n cạnh một n&uacute;i đ&aacute; sa thạch anh nằm ở khu tham quan Ngũ Lăng thuộc tỉnh Hồ Nam. <br />Tr&ecirc;n đỉnh l&agrave; cảnh quan tuyệt đẹp c&ugrave;ng với một c&aacute;i nh&igrave;n to&agrave;n cảnh C&ocirc;ng vi&ecirc;n Quốc gia Trương Gia Giới &ndash; một di sản thế giới.&nbsp;', 'vi'),
(76, 38, 'Thanh may Bach Long', '', 'Thang m&aacute;y B&aacute;ch Long hay thang m&aacute;y &ldquo;Trăm Rồng&rdquo;, l&agrave; thang m&aacute;y k&iacute;nh được x&acirc;y dựng b&ecirc;n cạnh một n&uacute;i đ&aacute; sa thạch anh nằm ở khu tham quan Ngũ Lăng thuộc tỉnh Hồ Nam. <br />Tr&ecirc;n đỉnh l&agrave; cảnh quan tuyệt đẹp c&ugrave;ng với một c&aacute;i nh&igrave;n to&agrave;n cảnh C&ocirc;ng vi&ecirc;n Quốc gia Trương Gia Giới &ndash; một di sản thế giới.&nbsp;', 'en'),
(77, 39, 'Thiên Hạ Đệ Nhất Kiều', '', 'Thi&ecirc;n Hạ Đệ Nhất Kiều &ndash; l&agrave; c&acirc;y cầu đ&aacute; tự nhi&ecirc;n nằm bắc giữa hai ngọn n&uacute;i của khu bảo tồn thi&ecirc;n nhi&ecirc;n quốc gia Trương Gia Giới.', 'vi'),
(78, 39, 'Thien Ha De Nhat Kieu', '', 'Thi&ecirc;n Hạ Đệ Nhất Kiều &ndash; l&agrave; c&acirc;y cầu đ&aacute; tự nhi&ecirc;n nằm bắc giữa hai ngọn n&uacute;i của khu bảo tồn thi&ecirc;n nhi&ecirc;n quốc gia Trương Gia Giới.', 'en'),
(79, 40, 'Mê Hồn Đài', '', '', 'vi'),
(80, 40, 'Me Hon Dai', '', '', 'en'),
(81, 41, 'Núi Avatar Hallelujah', '', 'Đầu năm 2010, một ngọn n&uacute;i mang t&ecirc;n \"Cột trụ trời Nam\" tại Trương Gia Giới được đổi t&ecirc;n th&agrave;nh \"Avatar Hallelujah\", dựa theo bộ phim \"Avatar\" l&uacute;c đ&oacute; đang l&agrave;m mưa l&agrave;m gi&oacute; tr&ecirc;n m&agrave;n ảnh thế giới. Cột trụ cao 1.080 m v&agrave; 3.000 cột đ&aacute; tương tự ở C&ocirc;ng vi&ecirc;n Rừng quốc gia Trương Gia Giới v&agrave; đ&atilde; truyền cảm hứng cho những đỉnh n&uacute;i treo thần kỳ trong bộ phim của đạo diễn James Cameron, sau khi một thợ ảnh Hollywood bỏ thời gian săn l&ugrave;ng ở đ&acirc;y năm 2008.', 'vi'),
(82, 41, 'Nui Avatar Hallelujah', '', 'Đầu năm 2010, một ngọn n&uacute;i mang t&ecirc;n \"Cột trụ trời Nam\" tại Trương Gia Giới được đổi t&ecirc;n th&agrave;nh \"Avatar Hallelujah\", dựa theo bộ phim \"Avatar\" l&uacute;c đ&oacute; đang l&agrave;m mưa l&agrave;m gi&oacute; tr&ecirc;n m&agrave;n ảnh thế giới. Cột trụ cao 1.080 m v&agrave; 3.000 cột đ&aacute; tương tự ở C&ocirc;ng vi&ecirc;n Rừng quốc gia Trương Gia Giới v&agrave; đ&atilde; truyền cảm hứng cho những đỉnh n&uacute;i treo thần kỳ trong bộ phim của đạo diễn James Cameron, sau khi một thợ ảnh Hollywood bỏ thời gian săn l&ugrave;ng ở đ&acirc;y năm 2008.', 'en'),
(83, 42, 'Phượng Hoàng cổ trấn', '', 'Phượng Ho&agrave;ng cổ trấn l&agrave; một trấn nhỏ của huyện Phượng Ho&agrave;ng, ph&iacute;a t&acirc;y tỉnh Hồ Nam, Trung Quốc, một nơi m&agrave; ai trong đời cũng ao ước được tới tham quan d&ugrave; chỉ một lần.<br />Ti&ecirc;n cảnh v&agrave; n&eacute;t cổ trang tạo n&ecirc;n một thị trấn đậm n&eacute;t m&agrave; ta chỉ thấy trong những bộ phim kiếm hiệp! Nếu ai chưa một lần đến đ&acirc;y, xem qua ảnh cũng đ&atilde; cho&aacute;ng ngợp, thực sự l&agrave; một vẻ đẹp hớp hồn người.', 'vi'),
(84, 42, 'Phuong Hoang Co Tran', '', 'Phượng Ho&agrave;ng cổ trấn l&agrave; một trấn nhỏ của huyện Phượng Ho&agrave;ng, ph&iacute;a t&acirc;y tỉnh Hồ Nam, Trung Quốc, một nơi m&agrave; ai trong đời cũng ao ước được tới tham quan d&ugrave; chỉ một lần.<br />Ti&ecirc;n cảnh v&agrave; n&eacute;t cổ trang tạo n&ecirc;n một thị trấn đậm n&eacute;t m&agrave; ta chỉ thấy trong những bộ phim kiếm hiệp! Nếu ai chưa một lần đến đ&acirc;y, xem qua ảnh cũng đ&atilde; cho&aacute;ng ngợp, thực sự l&agrave; một vẻ đẹp hớp hồn người.', 'en'),
(85, 43, 'Dòng Đà Giang', '', 'Đ&agrave; Giang gắn liền với vẻ đẹp của Phượng Ho&agrave;ng Cổ Trấn, cũng gắn liền với đời sống sinh hoạt của người d&acirc;n nơi đ&acirc;y. Đi thuyền xu&ocirc;i theo d&ograve;ng s&ocirc;ng, du kh&aacute;ch c&oacute; thể dễ d&agrave;ng nh&igrave;n thấy cảnh những người d&acirc;n nơi đ&acirc;y tắm rửa, giặt giũ, rửa rau, bắt c&aacute; b&ecirc;n bờ s&ocirc;ng. Đ&agrave; Giang trong vắt n&ecirc;n thơ đ&atilde; trở th&agrave;nh một phần kh&ocirc;ng thể thiếu của người d&acirc;n Phượng Ho&agrave;ng Cổ Trấn.', 'vi'),
(86, 43, 'Dong Da Giang', '', 'Phượng Ho&agrave;ng cổ trấn l&agrave; một trấn nhỏ của huyện Phượng Ho&agrave;ng, ph&iacute;a t&acirc;y tỉnh Hồ Nam, Trung Quốc, một nơi m&agrave; ai trong đời cũng ao ước được tới tham quan d&ugrave; chỉ một lần.<br />Ti&ecirc;n cảnh v&agrave; n&eacute;t cổ trang tạo n&ecirc;n một thị trấn đậm n&eacute;t m&agrave; ta chỉ thấy trong những bộ phim kiếm hiệp! Nếu ai chưa một lần đến đ&acirc;y, xem qua ảnh cũng đ&atilde; cho&aacute;ng ngợp, thực sự l&agrave; một vẻ đẹp hớp hồn người.', 'en'),
(87, 44, 'Phù Dung Trấn', '', 'Ph&ugrave; Dung Trấn được biết đến l&agrave; một trấn cố thuộc ch&acirc;u tự trị d&acirc;n tộc Thổ Mi&ecirc;u huyện YongShun, Tương T&acirc;y, Hồ Nam, Trung Quốc. Bởi c&oacute; d&ograve;ng th&aacute;c h&ugrave;ng vĩ chảy qua n&ecirc;n được gọi l&agrave; &ldquo;cổ trấn ng&agrave;n năm tr&ecirc;n d&ograve;ng th&aacute;c&rdquo;. Th&ecirc;m nữa nơi đ&acirc;y c&ograve;n l&agrave; bối cảnh trong phim &ldquo;Ph&ugrave; Dung Trấn&rdquo; từ đ&oacute; nơi n&agrave;y được gọi l&agrave; Trấn Ph&ugrave; Dung. <br />Ph&ugrave; Dung Trấn - m&ocirc;̣t thị tr&acirc;́n c&ocirc;̉ đã có hơn 2000 năm lịch sử, đ&ecirc;́n thị tr&acirc;́n Phù Dung, dạo bước tr&ecirc;n đường ph&ocirc;́ trải đá xanh sẽ khi&ecirc;́n ta có th&ecirc;̉ từ trong cảnh đẹp mơ màng &acirc;́y tìm th&acirc;́y những nét đ&ocirc;̣c đáo của thị tr&acirc;́n này, những đường ph&ocirc;́, n&ecirc;́p nhà sàn, tường khắc hoa khi &acirc;̉n khi hi&ecirc;̣n, dưới ánh chi&ecirc;̀u tà, nhà cửa trong thị tr&acirc;́n c&ocirc;̉ m&ocirc;̣c mạc nằm rải rác đó đ&acirc;y.', 'vi'),
(88, 44, 'Phu Dung Tran', '', 'Ph&ugrave; Dung Trấn được biết đến l&agrave; một trấn cố thuộc ch&acirc;u tự trị d&acirc;n tộc Thổ Mi&ecirc;u huyện YongShun, Tương T&acirc;y, Hồ Nam, Trung Quốc. Bởi c&oacute; d&ograve;ng th&aacute;c h&ugrave;ng vĩ chảy qua n&ecirc;n được gọi l&agrave; &ldquo;cổ trấn ng&agrave;n năm tr&ecirc;n d&ograve;ng th&aacute;c&rdquo;. Th&ecirc;m nữa nơi đ&acirc;y c&ograve;n l&agrave; bối cảnh trong phim &ldquo;Ph&ugrave; Dung Trấn&rdquo; từ đ&oacute; nơi n&agrave;y được gọi l&agrave; Trấn Ph&ugrave; Dung. <br />Ph&ugrave; Dung Trấn - m&ocirc;̣t thị tr&acirc;́n c&ocirc;̉ đã có hơn 2000 năm lịch sử, đ&ecirc;́n thị tr&acirc;́n Phù Dung, dạo bước tr&ecirc;n đường ph&ocirc;́ trải đá xanh sẽ khi&ecirc;́n ta có th&ecirc;̉ từ trong cảnh đẹp mơ màng &acirc;́y tìm th&acirc;́y những nét đ&ocirc;̣c đáo của thị tr&acirc;́n này, những đường ph&ocirc;́, n&ecirc;́p nhà sàn, tường khắc hoa khi &acirc;̉n khi hi&ecirc;̣n, dưới ánh chi&ecirc;̀u tà, nhà cửa trong thị tr&acirc;́n c&ocirc;̉ m&ocirc;̣c mạc nằm rải rác đó đ&acirc;y.', 'en'),
(89, 45, 'Công viên rừng núi Thiên Môn Sơn', '', 'Đ&acirc;y l&agrave; ngọn n&uacute;i nổi tiếng với con đường tr&ecirc;n trời v&agrave; hệ thống c&aacute;p treo d&agrave;i 9km tại Thi&ecirc;n M&ocirc;n được tuy&ecirc;n bố trong c&aacute;c ấn phẩm du lịch l&agrave; &ldquo;c&aacute;p treo d&agrave;i nhất tại một ngọn n&uacute;i cao nhất tr&ecirc;n thế giới&rdquo;.', 'vi'),
(90, 45, 'Cong vien rung nui Thien Mon Son', '', 'Đ&acirc;y l&agrave; ngọn n&uacute;i nổi tiếng với con đường tr&ecirc;n trời v&agrave; hệ thống c&aacute;p treo d&agrave;i 9km tại Thi&ecirc;n M&ocirc;n được tuy&ecirc;n bố trong c&aacute;c ấn phẩm du lịch l&agrave; &ldquo;c&aacute;p treo d&agrave;i nhất tại một ngọn n&uacute;i cao nhất tr&ecirc;n thế giới&rdquo;.', 'en'),
(91, 46, 'Sạn đạo quỷ cốc', '', '', 'vi'),
(92, 46, 'san dao quy coc', '', '', 'en'),
(93, 47, 'Skywalk', '', 'Con đường tr&ecirc;n trời l&agrave;m từ những tấm k&iacute;nh trong suốt, d&agrave;y hơn 6cm. Skywalk đ&atilde; trở th&agrave;nh một trong những điểm thu h&uacute;t kh&aacute;ch du lịch hấp dẫn nhất tại Trương Gia Giới.', 'vi'),
(94, 47, 'Skywalk', '', 'Con đường tr&ecirc;n trời l&agrave;m từ những tấm k&iacute;nh trong suốt, d&agrave;y hơn 6cm. Skywalk đ&atilde; trở th&agrave;nh một trong những điểm thu h&uacute;t kh&aacute;ch du lịch hấp dẫn nhất tại Trương Gia Giới.', 'en'),
(95, 48, 'Vườn thú Sriracha Tiger Zoo ', '', 'Đ&acirc;y l&agrave; nơi nu&ocirc;i dưỡng hơn 400 con hổ thuộc giống Bengal c&ugrave;ng với voi v&agrave; nhiều lo&agrave;i động vật đến từ nhiều v&ugrave;ng tr&ecirc;n thế giới. Đến với vườn th&uacute; Sriracha Tiger Zoo qu&yacute; kh&aacute;ch c&oacute; thể tận mắt nh&igrave;n thấy những lo&agrave;i th&uacute; hoang d&atilde; v&agrave; qu&yacute; hiếm, kh&ocirc;ng chỉ tham quan c&aacute;c con vật hoang d&atilde; m&agrave; qu&yacute; kh&aacute;ch c&ograve;n được tận mắt xem những con th&uacute; th&ocirc;ng minh biển diễn c&aacute;c m&agrave;n tr&igrave;nh diễn đầy cuống h&uacute;t', 'vi'),
(96, 48, 'Vuon thu Sriracha Tiger Zoo ', '', 'Đ&acirc;y l&agrave; nơi nu&ocirc;i dưỡng hơn 400 con hổ thuộc giống Bengal c&ugrave;ng với voi v&agrave; nhiều lo&agrave;i động vật đến từ nhiều v&ugrave;ng tr&ecirc;n thế giới. Đến với vườn th&uacute; Sriracha Tiger Zoo qu&yacute; kh&aacute;ch c&oacute; thể tận mắt nh&igrave;n thấy những lo&agrave;i th&uacute; hoang d&atilde; v&agrave; qu&yacute; hiếm, kh&ocirc;ng chỉ tham quan c&aacute;c con vật hoang d&atilde; m&agrave; qu&yacute; kh&aacute;ch c&ograve;n được tận mắt xem những con th&uacute; th&ocirc;ng minh biển diễn c&aacute;c m&agrave;n tr&igrave;nh diễn đầy cuống h&uacute;t', 'en');
INSERT INTO `localtion_lang` (`id`, `localtion_id`, `title`, `description`, `content`, `language`) VALUES
(97, 49, 'Đảo san hô Coral', '', 'Nằm c&aacute;ch th&agrave;nh phố Pattaya khoảng hơn 30&prime; đi bằng cano, Đảo san h&ocirc; Coral nổi tiếng sự đa dạng của san h&ocirc; v&agrave; sinh vật biển. Kh&aacute;c hẳn với kh&ocirc;ng kh&iacute; phồn hoa tấp nập của Pattaya, tại đ&acirc;y Du kh&aacute;ch c&oacute; thể ho&agrave; m&igrave;nh v&agrave;o kh&ocirc;ng kh&iacute; m&aacute;t lạnh của một v&ugrave;ng biển đảo, thoả sức kh&aacute;m ph&aacute; sự th&uacute; vị của c&aacute;c m&ocirc;n thể thao tr&ecirc;n biển v&agrave; lặn xuống s&acirc;u duới đ&aacute;y đại duơng để nh&igrave;n ngắm quần thể san h&ocirc; xinh đẹp tuyệt vời.', 'vi'),
(98, 49, 'Đao san ho Coral', '', 'Nằm c&aacute;ch th&agrave;nh phố Pattaya khoảng hơn 30&prime; đi bằng cano, Đảo san h&ocirc; Coral nổi tiếng sự đa dạng của san h&ocirc; v&agrave; sinh vật biển. Kh&aacute;c hẳn với kh&ocirc;ng kh&iacute; phồn hoa tấp nập của Pattaya, tại đ&acirc;y Du kh&aacute;ch c&oacute; thể ho&agrave; m&igrave;nh v&agrave;o kh&ocirc;ng kh&iacute; m&aacute;t lạnh của một v&ugrave;ng biển đảo, thoả sức kh&aacute;m ph&aacute; sự th&uacute; vị của c&aacute;c m&ocirc;n thể thao tr&ecirc;n biển v&agrave; lặn xuống s&acirc;u duới đ&aacute;y đại duơng để nh&igrave;n ngắm quần thể san h&ocirc; xinh đẹp tuyệt vời.', 'en'),
(99, 50, 'Trân Bảo Phật Sơn', '', 'Tr&acirc;n Bảo Phật Sơn hay c&ograve;n gọi l&agrave; Khau Chee Chan, l&agrave; ngọn n&uacute;i nằm ở tỉnh Chon Buri, c&aacute;ch thi&ecirc;n đường biển du lịch Th&aacute;i Lan &ndash; Pattaya khoảng 15 km. Ngọn n&uacute;i c&ograve;n được người d&acirc;n ưu &aacute;i gọi t&ecirc;n n&uacute;i d&aacute;t v&agrave;ng, ch&iacute;nh l&agrave; do bức tượng Phật Th&iacute;ch Ca M&acirc;u Ni đang ngồi thiền được tạc tr&ecirc;n v&aacute;ch n&uacute;i giữa trời. Sự độc đ&aacute;o của bức tượng Phật lớn n&agrave;y l&agrave; được khắc nổi bằng v&agrave;ng r&ograve;ng 24 kara, cao 130 m, rộng hơn 70m, được x&acirc;y dựng v&agrave;o năm 1996, nh&acirc;n dịp Quốc vương RaMa IX trị v&igrave; vương quốc Th&aacute;i Lan được 50 năm', 'vi'),
(100, 50, 'Tran Bao Phat Son', '', 'Tr&acirc;n Bảo Phật Sơn hay c&ograve;n gọi l&agrave; Khau Chee Chan, l&agrave; ngọn n&uacute;i nằm ở tỉnh Chon Buri, c&aacute;ch thi&ecirc;n đường biển du lịch Th&aacute;i Lan &ndash; Pattaya khoảng 15 km. Ngọn n&uacute;i c&ograve;n được người d&acirc;n ưu &aacute;i gọi t&ecirc;n n&uacute;i d&aacute;t v&agrave;ng, ch&iacute;nh l&agrave; do bức tượng Phật Th&iacute;ch Ca M&acirc;u Ni đang ngồi thiền được tạc tr&ecirc;n v&aacute;ch n&uacute;i giữa trời. Sự độc đ&aacute;o của bức tượng Phật lớn n&agrave;y l&agrave; được khắc nổi bằng v&agrave;ng r&ograve;ng 24 kara, cao 130 m, rộng hơn 70m, được x&acirc;y dựng v&agrave;o năm 1996, nh&acirc;n dịp Quốc vương RaMa IX trị v&igrave; vương quốc Th&aacute;i Lan được 50 năm', 'en'),
(101, 51, 'Tượng Phật bốn mặt    ', '', 'Tượng Phật bốn mặt (Tứ Diện Thần) đặt tại đền Erawan, ngay trung t&acirc;m thủ đ&ocirc; Th&aacute;i Lan, được người d&acirc;n nước n&agrave;y n&oacute;i ri&ecirc;ng v&agrave; kh&aacute;ch du lịch n&oacute;i chung rất t&ocirc;n k&iacute;nh. Bất kỳ ai đến đ&acirc;y đều d&acirc;ng hoa v&agrave;ng kết v&ograve;ng mang theo niềm tin để lời nguyện cầu trở th&agrave;nh sự thật. Bởi lẽ, mỗi chi tiết, giai thoại về tượng Phật bốn mặt đều mang những &yacute; nghĩa linh thi&ecirc;ng kh&aacute;c nhau.<br />Theo đ&oacute;, bốn khu&ocirc;n mặt quay ra bốn hướng của Tứ Diện Thần mang &yacute; nghĩa biểu tượng cao qu&yacute; của l&ograve;ng tốt &ndash; nh&acirc;n từ &ndash; cảm th&ocirc;ng &ndash; c&ocirc;ng bằng (Từ, Bi, Hỷ, Xả; t&iacute;nh từ mặt ch&iacute;nh diện theo chiều kim đồng hồ). Mỗi khu&ocirc;n mặt của tượng c&oacute; đầy đủ mắt, tai, mũi, miệng, với tổng thể 8 c&aacute;nh tay, mỗi tay đều cầm một ph&aacute;p kh&iacute; mang &yacute; nghĩa cụ thế ri&ecirc;ng.', 'vi'),
(102, 51, 'Tuong Phat bon mat    ', '', 'Tượng Phật bốn mặt (Tứ Diện Thần) đặt tại đền Erawan, ngay trung t&acirc;m thủ đ&ocirc; Th&aacute;i Lan, được người d&acirc;n nước n&agrave;y n&oacute;i ri&ecirc;ng v&agrave; kh&aacute;ch du lịch n&oacute;i chung rất t&ocirc;n k&iacute;nh. Bất kỳ ai đến đ&acirc;y đều d&acirc;ng hoa v&agrave;ng kết v&ograve;ng mang theo niềm tin để lời nguyện cầu trở th&agrave;nh sự thật. Bởi lẽ, mỗi chi tiết, giai thoại về tượng Phật bốn mặt đều mang những &yacute; nghĩa linh thi&ecirc;ng kh&aacute;c nhau.<br />Theo đ&oacute;, bốn khu&ocirc;n mặt quay ra bốn hướng của Tứ Diện Thần mang &yacute; nghĩa biểu tượng cao qu&yacute; của l&ograve;ng tốt &ndash; nh&acirc;n từ &ndash; cảm th&ocirc;ng &ndash; c&ocirc;ng bằng (Từ, Bi, Hỷ, Xả; t&iacute;nh từ mặt ch&iacute;nh diện theo chiều kim đồng hồ). Mỗi khu&ocirc;n mặt của tượng c&oacute; đầy đủ mắt, tai, mũi, miệng, với tổng thể 8 c&aacute;nh tay, mỗi tay đều cầm một ph&aacute;p kh&iacute; mang &yacute; nghĩa cụ thế ri&ecirc;ng.', 'en'),
(103, 52, 'Chùa Phật vàng', '', 'Đ&acirc;y l&agrave; một ng&ocirc;i ch&ugrave;a nổi tiếng ở Bangkok với pho tượng Phật ngồi cao 3 m&eacute;t đ&uacute;c bằng v&agrave;ng khối, nặng 5,5 tấn. Tượng được đ&uacute;c theo phong c&aacute;ch Sukhothai tĩnh lặng v&agrave; được kh&aacute;m ph&aacute; một c&aacute;ch t&igrave;nh cờ v&agrave;o thập ni&ecirc;n 1950. Người d&acirc;n địa phương cho rằng bức tượng lớn nhất thế giới n&agrave;y biểu thị cho sự thịnh vượng v&agrave; thuần khiết cũng như sức mạnh v&agrave; quyền năng.', 'vi'),
(104, 52, 'Chua Phat vang', '', 'Đ&acirc;y l&agrave; một ng&ocirc;i ch&ugrave;a nổi tiếng ở Bangkok với pho tượng Phật ngồi cao 3 m&eacute;t đ&uacute;c bằng v&agrave;ng khối, nặng 5,5 tấn. Tượng được đ&uacute;c theo phong c&aacute;ch Sukhothai tĩnh lặng v&agrave; được kh&aacute;m ph&aacute; một c&aacute;ch t&igrave;nh cờ v&agrave;o thập ni&ecirc;n 1950. Người d&acirc;n địa phương cho rằng bức tượng lớn nhất thế giới n&agrave;y biểu thị cho sự thịnh vượng v&agrave; thuần khiết cũng như sức mạnh v&agrave; quyền năng.', 'en'),
(105, 53, 'Dạo thuyền trên sông Chaophaya', '', 'S&ocirc;ng Chao Phraya chảy từ ph&iacute;a Bắc đến ph&iacute;a Nam với chiều d&agrave;i 372 km từ c&aacute;c đồng bằng Trung bộ đến Bangkok v&agrave; vịnh Th&aacute;i Lan. Ngồi tr&ecirc;n thuyền ngắm cảnh, du kh&aacute;ch sẽ c&oacute; một h&igrave;nh dung tương đối r&otilde; về đời sống ở Bangkok, cảm nhận cuộc sống y&ecirc;n b&igrave;nh của khu d&acirc;n cư nằm dọc theo hai b&ecirc;n bờ, nh&igrave;n thấy những ng&ocirc;i nh&agrave; gỗ được dựng tr&ecirc;n mặt nước, cảm nhận được m&ugrave;i vị, h&igrave;nh ảnh v&agrave; ẩm thực của một đời sống thực.', 'vi'),
(106, 53, 'Dao thuyen tren song Chaophaya', '', 'S&ocirc;ng Chao Phraya chảy từ ph&iacute;a Bắc đến ph&iacute;a Nam với chiều d&agrave;i 372 km từ c&aacute;c đồng bằng Trung bộ đến Bangkok v&agrave; vịnh Th&aacute;i Lan. Ngồi tr&ecirc;n thuyền ngắm cảnh, du kh&aacute;ch sẽ c&oacute; một h&igrave;nh dung tương đối r&otilde; về đời sống ở Bangkok, cảm nhận cuộc sống y&ecirc;n b&igrave;nh của khu d&acirc;n cư nằm dọc theo hai b&ecirc;n bờ, nh&igrave;n thấy những ng&ocirc;i nh&agrave; gỗ được dựng tr&ecirc;n mặt nước, cảm nhận được m&ugrave;i vị, h&igrave;nh ảnh v&agrave; ẩm thực của một đời sống thực.', 'en');

-- --------------------------------------------------------

--
-- Cấu trúc bảng cho bảng `login_attempts`
--

CREATE TABLE `login_attempts` (
  `id` int(11) UNSIGNED NOT NULL,
  `ip_address` varchar(15) NOT NULL,
  `login` varchar(100) NOT NULL,
  `time` int(11) UNSIGNED DEFAULT NULL
) ENGINE=InnoDB DEFAULT CHARSET=utf8 ROW_FORMAT=COMPACT;

-- --------------------------------------------------------

--
-- Cấu trúc bảng cho bảng `post`
--

CREATE TABLE `post` (
  `id` int(11) NOT NULL,
  `post_category_id` int(11) NOT NULL,
  `slug` varchar(255) COLLATE utf8mb4_unicode_ci NOT NULL,
  `avatar` text COLLATE utf8mb4_unicode_ci NOT NULL,
  `image` text COLLATE utf8mb4_unicode_ci NOT NULL,
  `created_at` datetime NOT NULL,
  `created_by` varchar(100) COLLATE utf8mb4_unicode_ci NOT NULL,
  `updated_at` datetime NOT NULL,
  `updated_by` varchar(100) COLLATE utf8mb4_unicode_ci NOT NULL,
  `is_deleted` tinyint(4) NOT NULL DEFAULT '0',
  `is_activated` tinyint(4) DEFAULT '0' COMMENT '0 : active; 1 : deactive'
) ENGINE=InnoDB DEFAULT CHARSET=utf8mb4 COLLATE=utf8mb4_unicode_ci;

--
-- Đang đổ dữ liệu cho bảng `post`
--

INSERT INTO `post` (`id`, `post_category_id`, `slug`, `avatar`, `image`, `created_at`, `created_by`, `updated_at`, `updated_by`, `is_deleted`, `is_activated`) VALUES
(1, 1, 'dong-luc-va-su-menh', '', '', '2018-06-28 10:51:09', 'administrator', '2018-06-28 10:51:09', 'administrator', 0, 0),
(2, 1, 've-cong-ty', '', '', '2018-06-28 10:52:31', 'administrator', '2018-06-28 10:52:31', 'administrator', 0, 0),
(3, 1, 'diem-khac-biet', '', '', '2018-06-28 10:53:06', 'administrator', '2018-06-28 10:53:06', 'administrator', 0, 0),
(4, 1, 'loi-ich-cua-ban-khi-lua-chon-chung-toi', '', '', '2018-06-28 10:53:44', 'administrator', '2018-06-28 10:53:44', 'administrator', 0, 0),
(5, 2, 'thu-ngo', '', '', '2018-06-28 10:55:40', 'administrator', '2018-06-28 10:55:40', 'administrator', 0, 0),
(6, 4, 'kinh-nghiem-phong-tranh-phan-ung-do-cao', '', 'a7d25986f0905af920c4fec989214304.jpg', '2018-06-28 10:59:34', 'administrator', '2018-06-28 10:59:34', 'administrator', 0, 0),
(7, 4, 'mang-gi-khi-di-du-lich', '', '0faaef1df210465b9c1ed293293b87a9.jpg', '2018-06-28 11:00:30', 'administrator', '2018-06-28 11:00:30', 'administrator', 0, 0),
(9, 4, 'nhung-loi-ich-tu-viec-di-du-lich', '', '42fcad2f1e83e7b1dcc05018b485cb5b.jpg', '2018-06-28 14:22:19', 'administrator', '2018-06-28 14:22:19', 'administrator', 0, 0),
(10, 5, 'nhat-ky-doan-phuong-hoang-co-tran', '', '7a1be435281808e249bcb9862f89c188.jpg', '2018-06-28 11:12:19', 'administrator', '2018-06-28 11:12:19', 'administrator', 0, 0),
(11, 7, 'thu-tuc-xin-visa-du-lich-dai-loan', '', '37de2376d0edc6c6b850e1589eab107d.jpg', '2018-06-28 11:15:09', 'administrator', '2018-06-28 11:15:09', 'administrator', 0, 0),
(12, 7, 'thu-tuc-xin-visa-trung-quoc', '', 'eee703c3d61210f3b9152044b650f3f5.jpg', '2018-06-28 11:23:19', 'administrator', '2018-06-28 11:23:19', 'administrator', 0, 0),
(13, 7, 'thu-tuc-xin-visa-an-do', '', 'b6d4ecbd76b9e55995282eacc3e830f3.jpg', '2018-06-28 11:24:15', 'administrator', '2018-06-28 11:24:15', 'administrator', 0, 0),
(14, 7, 'thu-tuc-xin-visa-han-quoc', '', '7c02107b27d46d4caa8099cab09e4c95.jpg', '2018-06-28 11:25:04', 'administrator', '2018-06-28 11:25:04', 'administrator', 0, 0),
(15, 9, 'lorem-ipsum-dolor-sit-amet-consectetur-adipiscing-elit', '', 'e60d5efdbf3a60cf86f600144c5b9fa9.jpg', '2018-07-20 10:21:28', 'administrator', '2018-07-20 10:21:28', 'administrator', 0, 0),
(16, 10, 'proin-a-risus-in-nibh-egestas-tincidunt', '', '72f9fbd2c45939b31ac269527089a1f3.jpg', '2018-07-06 16:07:37', 'administrator', '2018-07-06 16:07:37', 'administrator', 0, 0);

-- --------------------------------------------------------

--
-- Cấu trúc bảng cho bảng `post_category`
--

CREATE TABLE `post_category` (
  `id` int(11) NOT NULL,
  `slug` varchar(255) COLLATE utf8mb4_unicode_ci NOT NULL,
  `parent_id` int(11) NOT NULL,
  `project` varchar(255) COLLATE utf8mb4_unicode_ci NOT NULL,
  `image` text COLLATE utf8mb4_unicode_ci,
  `sort` tinyint(4) DEFAULT NULL,
  `type` tinyint(4) DEFAULT '0' COMMENT '0 : list; 1 : detail',
  `is_activated` tinyint(4) DEFAULT '0' COMMENT '0 : active; 1 : deactive',
  `is_deleted` tinyint(4) NOT NULL DEFAULT '0',
  `created_at` datetime NOT NULL,
  `created_by` varchar(100) COLLATE utf8mb4_unicode_ci NOT NULL,
  `updated_at` datetime NOT NULL,
  `updated_by` varchar(100) COLLATE utf8mb4_unicode_ci NOT NULL
) ENGINE=InnoDB DEFAULT CHARSET=utf8mb4 COLLATE=utf8mb4_unicode_ci;

--
-- Đang đổ dữ liệu cho bảng `post_category`
--

INSERT INTO `post_category` (`id`, `slug`, `parent_id`, `project`, `image`, `sort`, `type`, `is_activated`, `is_deleted`, `created_at`, `created_by`, `updated_at`, `updated_by`) VALUES
(1, 'gioi-thieu', 0, '', 'ae8a2ff15b4fcae3d092e1405ef4faaf.png', NULL, 0, 0, 0, '2018-07-07 22:43:25', 'administrator', '2018-07-07 22:43:25', 'administrator'),
(2, 'thu-ngo', 0, '', 'e5ee1f0227a2974a85a611ba3e024536.jpg', NULL, 0, 0, 0, '2018-07-07 22:43:34', 'administrator', '2018-07-07 22:43:34', 'administrator'),
(3, 'bai-viet', 0, '', 'd525b29730d3f19dca23d330a49faa0e.png', NULL, 0, 0, 0, '2018-07-07 22:42:14', 'administrator', '2018-07-07 22:42:14', 'administrator'),
(4, 'cam-nang', 3, '', '8eff73279e87289e13af89f848ac33cd.png', NULL, 0, 0, 0, '2018-07-07 22:41:41', 'administrator', '2018-07-07 22:41:41', 'administrator'),
(5, 'nhat-ky', 3, '', '02093625eba78b817c829d468151c52f.jpg', NULL, 0, 0, 0, '2018-07-07 22:41:59', 'administrator', '2018-07-07 22:41:59', 'administrator'),
(6, 'visa', 0, '', '18a387ab49fc32c26873425684f28452.jpg', NULL, 0, 0, 0, '2018-07-07 22:42:33', 'administrator', '2018-07-07 22:42:33', 'administrator'),
(7, 'thu-tuc-xin-visa', 6, '', '7c8903de0ae271302d19b5d7d0fced70.jpg', NULL, 0, 0, 0, '2018-07-07 22:42:47', 'administrator', '2018-07-07 22:42:47', 'administrator'),
(8, 'diem-den', 3, '', 'fc22845fb4053169b4347f616b303fb0.jpg', NULL, 0, 0, 1, '2018-06-28 18:10:33', 'administrator', '2018-06-28 18:10:33', 'administrator'),
(9, 'khach-san', 11, '', '1a67397aac394ce390b20d02b841113b.png', NULL, 0, 0, 0, '2018-07-07 22:33:23', 'administrator', '2018-07-07 22:33:23', 'administrator'),
(10, 've-may-bay', 11, '', '2be6d266b4908671e84cbe7b9292f26a.png', NULL, 0, 0, 0, '2018-07-07 22:32:31', 'administrator', '2018-07-07 22:32:31', 'administrator'),
(11, 'dich-vu', 0, '', '707e9fc7418ff043240c8b1ea70d872b.jpg', NULL, 0, 0, 0, '2018-07-07 22:34:30', 'administrator', '2018-07-07 22:34:30', 'administrator'),
(12, 'mice', 0, '', 'a7c25570bb06db2b1198c2343e8a568a.jpg', NULL, 0, 0, 0, '2018-07-07 22:01:44', 'administrator', '2018-07-07 22:01:44', 'administrator'),
(13, 'meeting', 12, '', '008c2e9156355dd13f4349985efdb695.png', NULL, 0, 0, 0, '2018-07-09 16:56:06', 'administrator', '2018-07-09 16:56:06', 'administrator'),
(14, 'incentives', 12, '', '68a0b32aa6ba0e2f83f8e7900d341f8e.png', NULL, 0, 0, 0, '2018-07-09 16:56:10', 'administrator', '2018-07-09 16:56:10', 'administrator'),
(15, 'conventions', 12, '', '32ceeac788164c40fb91b846b00a6d7c.png', NULL, 0, 0, 0, '2018-07-09 16:56:14', 'administrator', '2018-07-09 16:56:14', 'administrator'),
(16, 'event', 12, '', '75746a59943bddcd538ddcf4babf393b.jpg', NULL, 0, 0, 0, '2018-07-09 16:56:19', 'administrator', '2018-07-09 16:56:19', 'administrator'),
(17, 'form-thong-tin', 6, '', '636723dd6270eab390d1edf4acf06a1c.jpg', NULL, 0, 0, 0, '2018-07-07 23:03:55', 'administrator', '2018-07-07 23:03:55', 'administrator');

-- --------------------------------------------------------

--
-- Cấu trúc bảng cho bảng `post_category_lang`
--

CREATE TABLE `post_category_lang` (
  `id` int(11) NOT NULL,
  `post_category_id` int(11) NOT NULL,
  `title` varchar(255) COLLATE utf8mb4_unicode_ci NOT NULL,
  `content` text COLLATE utf8mb4_unicode_ci NOT NULL,
  `language` varchar(100) COLLATE utf8mb4_unicode_ci NOT NULL
) ENGINE=InnoDB DEFAULT CHARSET=utf8mb4 COLLATE=utf8mb4_unicode_ci;

--
-- Đang đổ dữ liệu cho bảng `post_category_lang`
--

INSERT INTO `post_category_lang` (`id`, `post_category_id`, `title`, `content`, `language`) VALUES
(1, 1, '  Giới thiệu', '<strong>Lorem Ipsum</strong>&nbsp;chỉ đơn giản l&agrave; một đoạn văn bản giả, được d&ugrave;ng v&agrave;o việc tr&igrave;nh b&agrave;y v&agrave; d&agrave;n trang phục vụ cho in ấn. Lorem Ipsum đ&atilde; được sử dụng như một văn bản chuẩn cho ng&agrave;nh c&ocirc;ng nghiệp in ấn từ những năm 1500, khi một họa sĩ v&ocirc; danh gh&eacute;p nhiều đoạn văn bản với nhau để tạo th&agrave;nh một bản mẫu văn bản. Đoạn văn bản n&agrave;y kh&ocirc;ng những đ&atilde; tồn tại năm thế kỉ, m&agrave; khi được &aacute;p dụng v&agrave;o tin học văn ph&ograve;ng, nội dung của n&oacute; vẫn kh&ocirc;ng hề bị thay đổi. N&oacute; đ&atilde; được phổ biến trong những năm 1960 nhờ việc b&aacute;n những bản giấy Letraset in những đoạn Lorem Ipsum, v&agrave; gần đ&acirc;y hơn, được sử dụng trong c&aacute;c ứng dụng d&agrave;n trang, như Aldus PageMaker.', 'vi'),
(2, 1, 'About Us  ', '<strong>Lorem Ipsum</strong>&nbsp;is simply dummy text of the printing and typesetting industry. Lorem Ipsum has been the industry\'s standard dummy text ever since the 1500s, when an unknown printer took a galley of type and scrambled it to make a type specimen book. It has survived not only five centuries, but also the leap into electronic typesetting, remaining essentially unchanged. It was popularised in the 1960s with the release of Letraset sheets containing Lorem Ipsum passages, and more recently with desktop publishing software like Aldus PageMaker including versions of Lorem Ipsum.', 'en'),
(3, 2, '  Thư Ngỏ', '<strong>Lorem Ipsum</strong>&nbsp;is simply dummy text of the printing and typesetting industry. Lorem Ipsum has been the industry\'s standard dummy text ever since the 1500s, when an unknown printer took a galley of type and scrambled it to make a type specimen book. It has survived not only five centuries, but also the leap into electronic typesetting, remaining essentially unchanged. It was popularised in the 1960s with the release of Letraset sheets containing Lorem Ipsum passages, and more recently with desktop publishing software like Aldus PageMaker including versions of Lorem Ipsum.', 'vi'),
(4, 2, 'Open letter  ', '<strong>Lorem Ipsum</strong>&nbsp;is simply dummy text of the printing and typesetting industry. Lorem Ipsum has been the industry\'s standard dummy text ever since the 1500s, when an unknown printer took a galley of type and scrambled it to make a type specimen book. It has survived not only five centuries, but also the leap into electronic typesetting, remaining essentially unchanged. It was popularised in the 1960s with the release of Letraset sheets containing Lorem Ipsum passages, and more recently with desktop publishing software like Aldus PageMaker including versions of Lorem Ipsum.', 'en'),
(5, 3, ' Bài Viết', '<strong>Lorem Ipsum</strong>&nbsp;chỉ đơn giản l&agrave; một đoạn văn bản giả, được d&ugrave;ng v&agrave;o việc tr&igrave;nh b&agrave;y v&agrave; d&agrave;n trang phục vụ cho in ấn. Lorem Ipsum đ&atilde; được sử dụng như một văn bản chuẩn cho ng&agrave;nh c&ocirc;ng nghiệp in ấn từ những năm 1500, khi một họa sĩ v&ocirc; danh gh&eacute;p nhiều đoạn văn bản với nhau để tạo th&agrave;nh một bản mẫu văn bản. Đoạn văn bản n&agrave;y kh&ocirc;ng những đ&atilde; tồn tại năm thế kỉ, m&agrave; khi được &aacute;p dụng v&agrave;o tin học văn ph&ograve;ng, nội dung của n&oacute; vẫn kh&ocirc;ng hề bị thay đổi. N&oacute; đ&atilde; được phổ biến trong những năm 1960 nhờ việc b&aacute;n những bản giấy Letraset in những đoạn Lorem Ipsum, v&agrave; gần đ&acirc;y hơn, được sử dụng trong c&aacute;c ứng dụng d&agrave;n trang, như Aldus PageMaker.', 'vi'),
(6, 3, 'Blogs ', '<strong>Lorem Ipsum</strong>&nbsp;is simply dummy text of the printing and typesetting industry. Lorem Ipsum has been the industry\'s standard dummy text ever since the 1500s, when an unknown printer took a galley of type and scrambled it to make a type specimen book. It has survived not only five centuries, but also the leap into electronic typesetting, remaining essentially unchanged. It was popularised in the 1960s with the release of Letraset sheets containing Lorem Ipsum passages, and more recently with desktop publishing software like Aldus PageMaker including versions of Lorem Ipsum.', 'en'),
(7, 4, '  Cẩm nang', '<strong>Lorem Ipsum</strong>&nbsp;is simply dummy text of the printing and typesetting industry. Lorem Ipsum has been the industry\'s standard dummy text ever since the 1500s, when an unknown printer took a galley of type and scrambled it to make a type specimen book. It has survived not only five centuries, but also the leap into electronic typesetting, remaining essentially unchanged. It was popularised in the 1960s with the release of Letraset sheets containing Lorem Ipsum passages, and more recently with desktop publishing software like Aldus PageMaker including versions of Lorem Ipsum.', 'vi'),
(8, 4, 'Handbook  ', '<strong>Lorem Ipsum</strong>&nbsp;chỉ đơn giản l&agrave; một đoạn văn bản giả, được d&ugrave;ng v&agrave;o việc tr&igrave;nh b&agrave;y v&agrave; d&agrave;n trang phục vụ cho in ấn. Lorem Ipsum đ&atilde; được sử dụng như một văn bản chuẩn cho ng&agrave;nh c&ocirc;ng nghiệp in ấn từ những năm 1500, khi một họa sĩ v&ocirc; danh gh&eacute;p nhiều đoạn văn bản với nhau để tạo th&agrave;nh một bản mẫu văn bản. Đoạn văn bản n&agrave;y kh&ocirc;ng những đ&atilde; tồn tại năm thế kỉ, m&agrave; khi được &aacute;p dụng v&agrave;o tin học văn ph&ograve;ng, nội dung của n&oacute; vẫn kh&ocirc;ng hề bị thay đổi. N&oacute; đ&atilde; được phổ biến trong những năm 1960 nhờ việc b&aacute;n những bản giấy Letraset in những đoạn Lorem Ipsum, v&agrave; gần đ&acirc;y hơn, được sử dụng trong c&aacute;c ứng dụng d&agrave;n trang, như Aldus PageMaker.', 'en'),
(9, 5, '  Nhật ký', '<strong>Lorem Ipsum</strong>&nbsp;chỉ đơn giản l&agrave; một đoạn văn bản giả, được d&ugrave;ng v&agrave;o việc tr&igrave;nh b&agrave;y v&agrave; d&agrave;n trang phục vụ cho in ấn. Lorem Ipsum đ&atilde; được sử dụng như một văn bản chuẩn cho ng&agrave;nh c&ocirc;ng nghiệp in ấn từ những năm 1500, khi một họa sĩ v&ocirc; danh gh&eacute;p nhiều đoạn văn bản với nhau để tạo th&agrave;nh một bản mẫu văn bản. Đoạn văn bản n&agrave;y kh&ocirc;ng những đ&atilde; tồn tại năm thế kỉ, m&agrave; khi được &aacute;p dụng v&agrave;o tin học văn ph&ograve;ng, nội dung của n&oacute; vẫn kh&ocirc;ng hề bị thay đổi. N&oacute; đ&atilde; được phổ biến trong những năm 1960 nhờ việc b&aacute;n những bản giấy Letraset in những đoạn Lorem Ipsum, v&agrave; gần đ&acirc;y hơn, được sử dụng trong c&aacute;c ứng dụng d&agrave;n trang, như Aldus PageMaker.', 'vi'),
(10, 5, 'Diary  ', '<strong>Lorem Ipsum</strong>&nbsp;is simply dummy text of the printing and typesetting industry. Lorem Ipsum has been the industry\'s standard dummy text ever since the 1500s, when an unknown printer took a galley of type and scrambled it to make a type specimen book. It has survived not only five centuries, but also the leap into electronic typesetting, remaining essentially unchanged. It was popularised in the 1960s with the release of Letraset sheets containing Lorem Ipsum passages, and more recently with desktop publishing software like Aldus PageMaker including versions of Lorem Ipsum.', 'en'),
(11, 6, ' Visa', '<strong>Lorem Ipsum</strong>&nbsp;chỉ đơn giản l&agrave; một đoạn văn bản giả, được d&ugrave;ng v&agrave;o việc tr&igrave;nh b&agrave;y v&agrave; d&agrave;n trang phục vụ cho in ấn. Lorem Ipsum đ&atilde; được sử dụng như một văn bản chuẩn cho ng&agrave;nh c&ocirc;ng nghiệp in ấn từ những năm 1500, khi một họa sĩ v&ocirc; danh gh&eacute;p nhiều đoạn văn bản với nhau để tạo th&agrave;nh một bản mẫu văn bản. Đoạn văn bản n&agrave;y kh&ocirc;ng những đ&atilde; tồn tại năm thế kỉ, m&agrave; khi được &aacute;p dụng v&agrave;o tin học văn ph&ograve;ng, nội dung của n&oacute; vẫn kh&ocirc;ng hề bị thay đổi. N&oacute; đ&atilde; được phổ biến trong những năm 1960 nhờ việc b&aacute;n những bản giấy Letraset in những đoạn Lorem Ipsum, v&agrave; gần đ&acirc;y hơn, được sử dụng trong c&aacute;c ứng dụng d&agrave;n trang, như Aldus PageMaker.', 'vi'),
(12, 6, 'Visa ', '<strong>Lorem Ipsum</strong>&nbsp;is simply dummy text of the printing and typesetting industry. Lorem Ipsum has been the industry\'s standard dummy text ever since the 1500s, when an unknown printer took a galley of type and scrambled it to make a type specimen book. It has survived not only five centuries, but also the leap into electronic typesetting, remaining essentially unchanged. It was popularised in the 1960s with the release of Letraset sheets containing Lorem Ipsum passages, and more recently with desktop publishing software like Aldus PageMaker including versions of Lorem Ipsum.', 'en'),
(13, 7, ' Thủ tục xin Visa', '<strong>Lorem Ipsum</strong>&nbsp;chỉ đơn giản l&agrave; một đoạn văn bản giả, được d&ugrave;ng v&agrave;o việc tr&igrave;nh b&agrave;y v&agrave; d&agrave;n trang phục vụ cho in ấn. Lorem Ipsum đ&atilde; được sử dụng như một văn bản chuẩn cho ng&agrave;nh c&ocirc;ng nghiệp in ấn từ những năm 1500, khi một họa sĩ v&ocirc; danh gh&eacute;p nhiều đoạn văn bản với nhau để tạo th&agrave;nh một bản mẫu văn bản. Đoạn văn bản n&agrave;y kh&ocirc;ng những đ&atilde; tồn tại năm thế kỉ, m&agrave; khi được &aacute;p dụng v&agrave;o tin học văn ph&ograve;ng, nội dung của n&oacute; vẫn kh&ocirc;ng hề bị thay đổi. N&oacute; đ&atilde; được phổ biến trong những năm 1960 nhờ việc b&aacute;n những bản giấy Letraset in những đoạn Lorem Ipsum, v&agrave; gần đ&acirc;y hơn, được sử dụng trong c&aacute;c ứng dụng d&agrave;n trang, như Aldus PageMaker.', 'vi'),
(14, 7, 'Visa procedures ', '<strong>Lorem Ipsum</strong>&nbsp;is simply dummy text of the printing and typesetting industry. Lorem Ipsum has been the industry\'s standard dummy text ever since the 1500s, when an unknown printer took a galley of type and scrambled it to make a type specimen book. It has survived not only five centuries, but also the leap into electronic typesetting, remaining essentially unchanged. It was popularised in the 1960s with the release of Letraset sheets containing Lorem Ipsum passages, and more recently with desktop publishing software like Aldus PageMaker including versions of Lorem Ipsum.', 'en'),
(15, 8, 'Điểm Đến', 'Aenean porttitor diam non orci viverra, ut gravida justo mattis. Phasellus mollis leo vitae mi consectetur, eget ultrices metus aliquam', 'vi'),
(16, 8, 'Điểm Đến', 'Aenean porttitor diam non orci viverra, ut gravida justo mattis. Phasellus mollis leo vitae mi consectetur, eget ultrices metus aliquam', 'en'),
(17, 9, '   Khách Sạn', '<strong>Lorem Ipsum</strong>&nbsp;chỉ đơn giản l&agrave; một đoạn văn bản giả, được d&ugrave;ng v&agrave;o việc tr&igrave;nh b&agrave;y v&agrave; d&agrave;n trang phục vụ cho in ấn. Lorem Ipsum đ&atilde; được sử dụng như một văn bản chuẩn cho ng&agrave;nh c&ocirc;ng nghiệp in ấn từ những năm 1500, khi một họa sĩ v&ocirc; danh gh&eacute;p nhiều đoạn văn bản với nhau để tạo th&agrave;nh một bản mẫu văn bản. Đoạn văn bản n&agrave;y kh&ocirc;ng những đ&atilde; tồn tại năm thế kỉ, m&agrave; khi được &aacute;p dụng v&agrave;o tin học văn ph&ograve;ng, nội dung của n&oacute; vẫn kh&ocirc;ng hề bị thay đổi. N&oacute; đ&atilde; được phổ biến trong những năm 1960 nhờ việc b&aacute;n những bản giấy Letraset in những đoạn Lorem Ipsum, v&agrave; gần đ&acirc;y hơn, được sử dụng trong c&aacute;c ứng dụng d&agrave;n trang, như Aldus PageMaker.', 'vi'),
(18, 9, 'Hotel   ', '<strong>Lorem Ipsum</strong>&nbsp;is simply dummy text of the printing and typesetting industry. Lorem Ipsum has been the industry\'s standard dummy text ever since the 1500s, when an unknown printer took a galley of type and scrambled it to make a type specimen book. It has survived not only five centuries, but also the leap into electronic typesetting, remaining essentially unchanged. It was popularised in the 1960s with the release of Letraset sheets containing Lorem Ipsum passages, and more recently with desktop publishing software like Aldus PageMaker including versions of Lorem Ipsum.', 'en'),
(19, 10, '  Vé Máy Bay', '<strong>Lorem Ipsum</strong>&nbsp;chỉ đơn giản l&agrave; một đoạn văn bản giả, được d&ugrave;ng v&agrave;o việc tr&igrave;nh b&agrave;y v&agrave; d&agrave;n trang phục vụ cho in ấn. Lorem Ipsum đ&atilde; được sử dụng như một văn bản chuẩn cho ng&agrave;nh c&ocirc;ng nghiệp in ấn từ những năm 1500, khi một họa sĩ v&ocirc; danh gh&eacute;p nhiều đoạn văn bản với nhau để tạo th&agrave;nh một bản mẫu văn bản. Đoạn văn bản n&agrave;y kh&ocirc;ng những đ&atilde; tồn tại năm thế kỉ, m&agrave; khi được &aacute;p dụng v&agrave;o tin học văn ph&ograve;ng, nội dung của n&oacute; vẫn kh&ocirc;ng hề bị thay đổi. N&oacute; đ&atilde; được phổ biến trong những năm 1960 nhờ việc b&aacute;n những bản giấy Letraset in những đoạn Lorem Ipsum, v&agrave; gần đ&acirc;y hơn, được sử dụng trong c&aacute;c ứng dụng d&agrave;n trang, như Aldus PageMaker.', 'vi'),
(20, 10, 'Ticket  ', '<strong>Lorem Ipsum</strong>&nbsp;is simply dummy text of the printing and typesetting industry. Lorem Ipsum has been the industry\'s standard dummy text ever since the 1500s, when an unknown printer took a galley of type and scrambled it to make a type specimen book. It has survived not only five centuries, but also the leap into electronic typesetting, remaining essentially unchanged. It was popularised in the 1960s with the release of Letraset sheets containing Lorem Ipsum passages, and more recently with desktop publishing software like Aldus PageMaker including versions of Lorem Ipsum.', 'en'),
(21, 11, '  Dịch vụ', '<strong>Lorem Ipsum</strong>&nbsp;chỉ đơn giản l&agrave; một đoạn văn bản giả, được d&ugrave;ng v&agrave;o việc tr&igrave;nh b&agrave;y v&agrave; d&agrave;n trang phục vụ cho in ấn. Lorem Ipsum đ&atilde; được sử dụng như một văn bản chuẩn cho ng&agrave;nh c&ocirc;ng nghiệp in ấn từ những năm 1500, khi một họa sĩ v&ocirc; danh gh&eacute;p nhiều đoạn văn bản với nhau để tạo th&agrave;nh một bản mẫu văn bản. Đoạn văn bản n&agrave;y kh&ocirc;ng những đ&atilde; tồn tại năm thế kỉ, m&agrave; khi được &aacute;p dụng v&agrave;o tin học văn ph&ograve;ng, nội dung của n&oacute; vẫn kh&ocirc;ng hề bị thay đổi. N&oacute; đ&atilde; được phổ biến trong những năm 1960 nhờ việc b&aacute;n những bản giấy Letraset in những đoạn Lorem Ipsum, v&agrave; gần đ&acirc;y hơn, được sử dụng trong c&aacute;c ứng dụng d&agrave;n trang, như Aldus PageMaker.', 'vi'),
(22, 11, 'services  ', '<strong>Lorem Ipsum</strong>&nbsp;is simply dummy text of the printing and typesetting industry. Lorem Ipsum has been the industry\'s standard dummy text ever since the 1500s, when an unknown printer took a galley of type and scrambled it to make a type specimen book. It has survived not only five centuries, but also the leap into electronic typesetting, remaining essentially unchanged. It was popularised in the 1960s with the release of Letraset sheets containing Lorem Ipsum passages, and more recently with desktop publishing software like Aldus PageMaker including versions of Lorem Ipsum.', 'en'),
(23, 12, 'Mice', '<strong>Lorem Ipsum</strong>&nbsp;chỉ đơn giản l&agrave; một đoạn văn bản giả, được d&ugrave;ng v&agrave;o việc tr&igrave;nh b&agrave;y v&agrave; d&agrave;n trang phục vụ cho in ấn. Lorem Ipsum đ&atilde; được sử dụng như một văn bản chuẩn cho ng&agrave;nh c&ocirc;ng nghiệp in ấn từ những năm 1500, khi một họa sĩ v&ocirc; danh gh&eacute;p nhiều đoạn văn bản với nhau để tạo th&agrave;nh một bản mẫu văn bản. Đoạn văn bản n&agrave;y kh&ocirc;ng những đ&atilde; tồn tại năm thế kỉ, m&agrave; khi được &aacute;p dụng v&agrave;o tin học văn ph&ograve;ng, nội dung của n&oacute; vẫn kh&ocirc;ng hề bị thay đổi. N&oacute; đ&atilde; được phổ biến trong những năm 1960 nhờ việc b&aacute;n những bản giấy Letraset in những đoạn Lorem Ipsum, v&agrave; gần đ&acirc;y hơn, được sử dụng trong c&aacute;c ứng dụng d&agrave;n trang, như Aldus PageMaker.', 'vi'),
(24, 12, 'Mice', '<strong>Lorem Ipsum</strong>&nbsp;is simply dummy text of the printing and typesetting industry. Lorem Ipsum has been the industry\'s standard dummy text ever since the 1500s, when an unknown printer took a galley of type and scrambled it to make a type specimen book. It has survived not only five centuries, but also the leap into electronic typesetting, remaining essentially unchanged. It was popularised in the 1960s with the release of Letraset sheets containing Lorem Ipsum passages, and more recently with desktop publishing software like Aldus PageMaker including versions of Lorem Ipsum.', 'en'),
(25, 13, 'Meeting', '<strong>Lorem Ipsum</strong>&nbsp;chỉ đơn giản l&agrave; một đoạn văn bản giả, được d&ugrave;ng v&agrave;o việc tr&igrave;nh b&agrave;y v&agrave; d&agrave;n trang phục vụ cho in ấn. Lorem Ipsum đ&atilde; được sử dụng như một văn bản chuẩn cho ng&agrave;nh c&ocirc;ng nghiệp in ấn từ những năm 1500, khi một họa sĩ v&ocirc; danh gh&eacute;p nhiều đoạn văn bản với nhau để tạo th&agrave;nh một bản mẫu văn bản. Đoạn văn bản n&agrave;y kh&ocirc;ng những đ&atilde; tồn tại năm thế kỉ, m&agrave; khi được &aacute;p dụng v&agrave;o tin học văn ph&ograve;ng, nội dung của n&oacute; vẫn kh&ocirc;ng hề bị thay đổi. N&oacute; đ&atilde; được phổ biến trong những năm 1960 nhờ việc b&aacute;n những bản giấy Letraset in những đoạn Lorem Ipsum, v&agrave; gần đ&acirc;y hơn, được sử dụng trong c&aacute;c ứng dụng d&agrave;n trang, như Aldus PageMaker.', 'vi'),
(26, 13, 'Meeting', '<strong>Lorem Ipsum</strong>&nbsp;is simply dummy text of the printing and typesetting industry. Lorem Ipsum has been the industry\'s standard dummy text ever since the 1500s, when an unknown printer took a galley of type and scrambled it to make a type specimen book. It has survived not only five centuries, but also the leap into electronic typesetting, remaining essentially unchanged. It was popularised in the 1960s with the release of Letraset sheets containing Lorem Ipsum passages, and more recently with desktop publishing software like Aldus PageMaker including versions of Lorem Ipsum.', 'en'),
(27, 14, 'Incentives', '<strong>Lorem Ipsum</strong>&nbsp;chỉ đơn giản l&agrave; một đoạn văn bản giả, được d&ugrave;ng v&agrave;o việc tr&igrave;nh b&agrave;y v&agrave; d&agrave;n trang phục vụ cho in ấn. Lorem Ipsum đ&atilde; được sử dụng như một văn bản chuẩn cho ng&agrave;nh c&ocirc;ng nghiệp in ấn từ những năm 1500, khi một họa sĩ v&ocirc; danh gh&eacute;p nhiều đoạn văn bản với nhau để tạo th&agrave;nh một bản mẫu văn bản. Đoạn văn bản n&agrave;y kh&ocirc;ng những đ&atilde; tồn tại năm thế kỉ, m&agrave; khi được &aacute;p dụng v&agrave;o tin học văn ph&ograve;ng, nội dung của n&oacute; vẫn kh&ocirc;ng hề bị thay đổi. N&oacute; đ&atilde; được phổ biến trong những năm 1960 nhờ việc b&aacute;n những bản giấy Letraset in những đoạn Lorem Ipsum, v&agrave; gần đ&acirc;y hơn, được sử dụng trong c&aacute;c ứng dụng d&agrave;n trang, như Aldus PageMaker.', 'vi'),
(28, 14, 'Incentives', '<strong>Lorem Ipsum</strong>&nbsp;is simply dummy text of the printing and typesetting industry. Lorem Ipsum has been the industry\'s standard dummy text ever since the 1500s, when an unknown printer took a galley of type and scrambled it to make a type specimen book. It has survived not only five centuries, but also the leap into electronic typesetting, remaining essentially unchanged. It was popularised in the 1960s with the release of Letraset sheets containing Lorem Ipsum passages, and more recently with desktop publishing software like Aldus PageMaker including versions of Lorem Ipsum.', 'en'),
(29, 15, 'Conventions', '<strong>Lorem Ipsum</strong>&nbsp;chỉ đơn giản l&agrave; một đoạn văn bản giả, được d&ugrave;ng v&agrave;o việc tr&igrave;nh b&agrave;y v&agrave; d&agrave;n trang phục vụ cho in ấn. Lorem Ipsum đ&atilde; được sử dụng như một văn bản chuẩn cho ng&agrave;nh c&ocirc;ng nghiệp in ấn từ những năm 1500, khi một họa sĩ v&ocirc; danh gh&eacute;p nhiều đoạn văn bản với nhau để tạo th&agrave;nh một bản mẫu văn bản. Đoạn văn bản n&agrave;y kh&ocirc;ng những đ&atilde; tồn tại năm thế kỉ, m&agrave; khi được &aacute;p dụng v&agrave;o tin học văn ph&ograve;ng, nội dung của n&oacute; vẫn kh&ocirc;ng hề bị thay đổi. N&oacute; đ&atilde; được phổ biến trong những năm 1960 nhờ việc b&aacute;n những bản giấy Letraset in những đoạn Lorem Ipsum, v&agrave; gần đ&acirc;y hơn, được sử dụng trong c&aacute;c ứng dụng d&agrave;n trang, như Aldus PageMaker.', 'vi'),
(30, 15, 'Conventions', '<strong>Lorem Ipsum</strong>&nbsp;is simply dummy text of the printing and typesetting industry. Lorem Ipsum has been the industry\'s standard dummy text ever since the 1500s, when an unknown printer took a galley of type and scrambled it to make a type specimen book. It has survived not only five centuries, but also the leap into electronic typesetting, remaining essentially unchanged. It was popularised in the 1960s with the release of Letraset sheets containing Lorem Ipsum passages, and more recently with desktop publishing software like Aldus PageMaker including versions of Lorem Ipsum.', 'en'),
(31, 16, 'Event', '<strong>Lorem Ipsum</strong>&nbsp;chỉ đơn giản l&agrave; một đoạn văn bản giả, được d&ugrave;ng v&agrave;o việc tr&igrave;nh b&agrave;y v&agrave; d&agrave;n trang phục vụ cho in ấn. Lorem Ipsum đ&atilde; được sử dụng như một văn bản chuẩn cho ng&agrave;nh c&ocirc;ng nghiệp in ấn từ những năm 1500, khi một họa sĩ v&ocirc; danh gh&eacute;p nhiều đoạn văn bản với nhau để tạo th&agrave;nh một bản mẫu văn bản. Đoạn văn bản n&agrave;y kh&ocirc;ng những đ&atilde; tồn tại năm thế kỉ, m&agrave; khi được &aacute;p dụng v&agrave;o tin học văn ph&ograve;ng, nội dung của n&oacute; vẫn kh&ocirc;ng hề bị thay đổi. N&oacute; đ&atilde; được phổ biến trong những năm 1960 nhờ việc b&aacute;n những bản giấy Letraset in những đoạn Lorem Ipsum, v&agrave; gần đ&acirc;y hơn, được sử dụng trong c&aacute;c ứng dụng d&agrave;n trang, như Aldus PageMaker.', 'vi'),
(32, 16, 'Event', '<strong>Lorem Ipsum</strong>&nbsp;is simply dummy text of the printing and typesetting industry. Lorem Ipsum has been the industry\'s standard dummy text ever since the 1500s, when an unknown printer took a galley of type and scrambled it to make a type specimen book. It has survived not only five centuries, but also the leap into electronic typesetting, remaining essentially unchanged. It was popularised in the 1960s with the release of Letraset sheets containing Lorem Ipsum passages, and more recently with desktop publishing software like Aldus PageMaker including versions of Lorem Ipsum.', 'en'),
(33, 17, ' Form thông tin', '<strong>Lorem Ipsum</strong>&nbsp;chỉ đơn giản l&agrave; một đoạn văn bản giả, được d&ugrave;ng v&agrave;o việc tr&igrave;nh b&agrave;y v&agrave; d&agrave;n trang phục vụ cho in ấn. Lorem Ipsum đ&atilde; được sử dụng như một văn bản chuẩn cho ng&agrave;nh c&ocirc;ng nghiệp in ấn từ những năm 1500, khi một họa sĩ v&ocirc; danh gh&eacute;p nhiều đoạn văn bản với nhau để tạo th&agrave;nh một bản mẫu văn bản. Đoạn văn bản n&agrave;y kh&ocirc;ng những đ&atilde; tồn tại năm thế kỉ, m&agrave; khi được &aacute;p dụng v&agrave;o tin học văn ph&ograve;ng, nội dung của n&oacute; vẫn kh&ocirc;ng hề bị thay đổi. N&oacute; đ&atilde; được phổ biến trong những năm 1960 nhờ việc b&aacute;n những bản giấy Letraset in những đoạn Lorem Ipsum, v&agrave; gần đ&acirc;y hơn, được sử dụng trong c&aacute;c ứng dụng d&agrave;n trang, như Aldus PageMaker.', 'vi'),
(34, 17, 'Form Information ', '<strong>Lorem Ipsum</strong>&nbsp;is simply dummy text of the printing and typesetting industry. Lorem Ipsum has been the industry\'s standard dummy text ever since the 1500s, when an unknown printer took a galley of type and scrambled it to make a type specimen book. It has survived not only five centuries, but also the leap into electronic typesetting, remaining essentially unchanged. It was popularised in the 1960s with the release of Letraset sheets containing Lorem Ipsum passages, and more recently with desktop publishing software like Aldus PageMaker including versions of Lorem Ipsum.', 'en');

-- --------------------------------------------------------

--
-- Cấu trúc bảng cho bảng `post_lang`
--

CREATE TABLE `post_lang` (
  `id` int(11) NOT NULL,
  `post_id` int(11) NOT NULL,
  `title` varchar(255) COLLATE utf8mb4_unicode_ci NOT NULL,
  `description` text COLLATE utf8mb4_unicode_ci NOT NULL,
  `content` text COLLATE utf8mb4_unicode_ci NOT NULL,
  `language` varchar(100) COLLATE utf8mb4_unicode_ci NOT NULL
) ENGINE=InnoDB DEFAULT CHARSET=utf8mb4 COLLATE=utf8mb4_unicode_ci;

--
-- Đang đổ dữ liệu cho bảng `post_lang`
--

INSERT INTO `post_lang` (`id`, `post_id`, `title`, `description`, `content`, `language`) VALUES
(1, 1, 'Động lực và sứ mệnh', '', '<p>Trong thời đại x&atilde; hội ph&aacute;t triển như hiện nay, khi con người lu&ocirc;n bận rộn với những cạnh tranh, những lo toan cuộc sống h&agrave;ng ng&agrave;y, du lịch trở n&ecirc;n l&agrave; nhu cầu kh&ocirc;ng thể thiếu để c&acirc;n bằng cuộc sống cho mỗi c&aacute; nh&acirc;n, mỗi tập thể. Mặt kh&aacute;c, với đội ngũ hướng dẫn vi&ecirc;n v&agrave; nh&acirc;n vi&ecirc;n điều h&agrave;nh chuy&ecirc;n nghiệp, lu&ocirc;n coi kh&aacute;ch h&agrave;ng l&agrave; trung t&acirc;m, ch&uacute;ng t&ocirc;i tin chắc sẽ l&agrave;m h&agrave;i l&ograve;ng qu&yacute; kh&aacute;ch.</p>\r\n<p>Sứ mệnh của ch&uacute;ng t&ocirc;i l&agrave; trở th&agrave;nh một c&ocirc;ng ty du lịch năng động với ti&ecirc;u ch&iacute; chất lượng dịch vụ được đặt l&ecirc;n tr&ecirc;n hết.</p>', 'vi'),
(2, 1, 'Motivation and mission', '', '<p>Trong thời đại x&atilde; hội ph&aacute;t triển như hiện nay, khi con người lu&ocirc;n bận rộn với những cạnh tranh, những lo toan cuộc sống h&agrave;ng ng&agrave;y, du lịch trở n&ecirc;n l&agrave; nhu cầu kh&ocirc;ng thể thiếu để c&acirc;n bằng cuộc sống cho mỗi c&aacute; nh&acirc;n, mỗi tập thể. Mặt kh&aacute;c, với đội ngũ hướng dẫn vi&ecirc;n v&agrave; nh&acirc;n vi&ecirc;n điều h&agrave;nh chuy&ecirc;n nghiệp, lu&ocirc;n coi kh&aacute;ch h&agrave;ng l&agrave; trung t&acirc;m, ch&uacute;ng t&ocirc;i tin chắc sẽ l&agrave;m h&agrave;i l&ograve;ng qu&yacute; kh&aacute;ch.</p>\r\n<p>Sứ mệnh của ch&uacute;ng t&ocirc;i l&agrave; trở th&agrave;nh một c&ocirc;ng ty du lịch năng động với ti&ecirc;u ch&iacute; chất lượng dịch vụ được đặt l&ecirc;n tr&ecirc;n hết.</p>', 'en'),
(3, 2, 'Về công ty', '', '<p><strong>C&ocirc;ng ty cổ phần đầu tư v&agrave; ph&aacute;t triển du lịch Kim Cương</strong>&nbsp;được th&agrave;nh lập th&aacute;ng 6/2017 bởi một đội ngũ s&aacute;ng lập trẻ v&agrave; t&agrave;i năng, những th&agrave;nh vi&ecirc;n c&oacute; bề d&agrave;y kinh nghiệm trong lĩnh vực du lịch với c&aacute;c mảng tour v&agrave; dịch vụ ch&iacute;nh như:</p>\r\n<ul>\r\n<li>Tour du lịch H&agrave;nh hương</li>\r\n<li>Tour du lịch Người cao tuổi</li>\r\n<li>Tour du lịch Vip</li>\r\n<li>Tour phượt, trải nghiệm</li>\r\n<li>Tư vấn thiết kế chương tr&igrave;nh theo y&ecirc;u cầu</li>\r\n<li>Dịch vụ v&eacute; m&aacute;y bay</li>\r\n</ul>\r\nV&agrave; c&aacute;c dịch vụ lẻ kh&aacute;c (ph&ograve;ng kh&aacute;ch sạn, xe du lịch&hellip;)', 'vi'),
(4, 2, 'About Us', '', '<p><strong>C&ocirc;ng ty cổ phần đầu tư v&agrave; ph&aacute;t triển du lịch Kim Cương</strong>&nbsp;được th&agrave;nh lập th&aacute;ng 6/2017 bởi một đội ngũ s&aacute;ng lập trẻ v&agrave; t&agrave;i năng, những th&agrave;nh vi&ecirc;n c&oacute; bề d&agrave;y kinh nghiệm trong lĩnh vực du lịch với c&aacute;c mảng tour v&agrave; dịch vụ ch&iacute;nh như:</p>\r\n<ul>\r\n<li>Tour du lịch H&agrave;nh hương</li>\r\n<li>Tour du lịch Người cao tuổi</li>\r\n<li>Tour du lịch Vip</li>\r\n<li>Tour phượt, trải nghiệm</li>\r\n<li>Tư vấn thiết kế chương tr&igrave;nh theo y&ecirc;u cầu</li>\r\n<li>Dịch vụ v&eacute; m&aacute;y bay</li>\r\n</ul>\r\nV&agrave; c&aacute;c dịch vụ lẻ kh&aacute;c (ph&ograve;ng kh&aacute;ch sạn, xe du lịch&hellip;)', 'en'),
(5, 3, 'Điểm khác biệt', '', '<p>Ch&uacute;ng t&ocirc;i c&ugrave;ng phấn đấu để tạo ra sự kh&aacute;c biệt r&otilde; r&agrave;ng giữa Diamondtour v&agrave; c&aacute;c c&ocirc;ng ty kh&aacute;c ở những điểm:</p>\r\n<ul>\r\n<li>Gi&aacute; cả cạnh tranh.</li>\r\n<li>Chất lượng h&agrave;ng đầu.</li>\r\n<li>Tr&aacute;ch nhiệm, tận t&acirc;m với kh&aacute;ch h&agrave;ng.</li>\r\n</ul>', 'vi'),
(6, 3, 'Difference', '', '<p>Ch&uacute;ng t&ocirc;i c&ugrave;ng phấn đấu để tạo ra sự kh&aacute;c biệt r&otilde; r&agrave;ng giữa Diamondtour v&agrave; c&aacute;c c&ocirc;ng ty kh&aacute;c ở những điểm:</p>\r\n<ul>\r\n<li>Gi&aacute; cả cạnh tranh.</li>\r\n<li>Chất lượng h&agrave;ng đầu.</li>\r\n<li>Tr&aacute;ch nhiệm, tận t&acirc;m với kh&aacute;ch h&agrave;ng.</li>\r\n</ul>', 'en'),
(7, 4, 'Lợi ích của bạn khi lựa chọn chúng tôi', '', '<ul>\r\n<li>C&aacute;c sản phẩm tour với chất lượng dịch vụ cao, chuẩn quốc tế.</li>\r\n<li>Hiệu quả v&agrave; tiết kiệm chi ph&iacute;.</li>\r\n</ul>\r\nThoả m&atilde;n mọi nhu cầu của mọi qu&yacute; kh&aacute;ch.', 'vi'),
(8, 4, 'Your benefits when choosing us', '', '<ul>\r\n<li>C&aacute;c sản phẩm tour với chất lượng dịch vụ cao, chuẩn quốc tế.</li>\r\n<li>Hiệu quả v&agrave; tiết kiệm chi ph&iacute;.</li>\r\n</ul>\r\nThoả m&atilde;n mọi nhu cầu của mọi qu&yacute; kh&aacute;ch.', 'en'),
(9, 5, 'Thư Ngỏ', 'Kính gửi: Quý khách hàng!\r\n\r\nLời đầu tiên, Diamondtour xin gửi lời chúc sức khoẻ, lời chào trân trọng tới quý khách hàng đã, đang và sẽ sử dụng dịch vụ của chúng tôi!\r\n\r\n', '<p>C&ocirc;ng ty ch&uacute;ng t&ocirc;i được x&acirc;y dựng n&ecirc;n từ những th&agrave;nh vi&ecirc;n c&oacute; kinh nghiệm nhiều năm trong lĩnh vực du lịch, khao kh&aacute;t đem những trải nghiệm, cảm hứng chia sẻ cho người th&acirc;n, cho gia đ&igrave;nh v&agrave; xa hơn l&agrave; cho những người c&oacute; c&ugrave;ng sở th&iacute;ch đi du lịch. Ch&iacute;nh v&igrave; vậy, bằng nhiệt huyết của m&igrave;nh, ch&uacute;ng t&ocirc;i lu&ocirc;n tin rằng m&igrave;nh sẽ th&agrave;nh c&ocirc;ng trong việc mang những gi&aacute; trị, cảm hứng v&agrave; trải nghiệm du lịch đến với mọi người.</p>\r\n<p>Với mục ti&ecirc;u vươn cao v&agrave; vươn xa hơn nữa trong ng&agrave;nh du lịch, ch&uacute;ng t&ocirc;i v&ocirc; c&ugrave;ng mong muốn nhận được niềm tin của qu&yacute; kh&aacute;ch h&agrave;ng gửi trao cho <strong>Diamondtour</strong>, để ch&uacute;ng t&ocirc;i vinh dự được đồng h&agrave;nh tr&ecirc;n khắp c&aacute;c nẻo đường c&ugrave;ng qu&yacute; vị chi&ecirc;m b&aacute;i c&aacute;c Th&aacute;nh t&iacute;ch, thả l&ograve;ng thưởng ngoạn ti&ecirc;n cảnh chốn nh&acirc;n gian, thể nghiệm cuộc sống kh&aacute;c m&igrave;nh ở những miền đất lạ, t&igrave;m ra những gi&aacute; trị ch&acirc;n thực trong những chuyến đi&hellip; đi thật xa để biết thật nhiều, để sống tốt v&agrave; cống hiến nhiều hơn cho x&atilde; hội.</p>\r\n<p><strong><em>Với ch&uacute;ng t&ocirc;i, th&agrave;nh c&ocirc;ng kh&ocirc;ng lấy lợi nhuận l&agrave;m thước đo m&agrave; được t&iacute;nh bằng những gi&aacute; trị ch&acirc;n thực gặt h&aacute;i được sau mỗi chuyến đi của qu&yacute; kh&aacute;ch h&agrave;ng</em></strong>.</p>\r\n<p>Ch&uacute;ng t&ocirc;i rất mong được lắng nghe &yacute; kiến đ&oacute;ng g&oacute;p của qu&yacute; kh&aacute;ch h&agrave;ng để mọi dịch vụ của c&ocirc;ng ty ch&uacute;ng t&ocirc;i được ho&agrave;n thiện hơn nữa, chuy&ecirc;n nghiệp hơn nữa trong tương lai.</p>\r\n<p>&nbsp;</p>\r\n<p>Mọi &yacute; kiến đ&oacute;ng g&oacute;p cho ch&uacute;ng t&ocirc;i xin gửi về:</p>\r\n<p>Email: <a href=\"mailto:info@diamondtour.vn\">info@diamondtour.vn</a></p>\r\n<p>Phone: 02422 393 599</p>\r\n<p>Hotline: 0869 770 333</p>', 'vi'),
(10, 5, 'Open letter', 'Kính gửi: Quý khách hàng!\r\n\r\nLời đầu tiên, Diamondtour xin gửi lời chúc sức khoẻ, lời chào trân trọng tới quý khách hàng đã, đang và sẽ sử dụng dịch vụ của chúng tôi!\r\n\r\n', '<p>C&ocirc;ng ty ch&uacute;ng t&ocirc;i được x&acirc;y dựng n&ecirc;n từ những th&agrave;nh vi&ecirc;n c&oacute; kinh nghiệm nhiều năm trong lĩnh vực du lịch, khao kh&aacute;t đem những trải nghiệm, cảm hứng chia sẻ cho người th&acirc;n, cho gia đ&igrave;nh v&agrave; xa hơn l&agrave; cho những người c&oacute; c&ugrave;ng sở th&iacute;ch đi du lịch. Ch&iacute;nh v&igrave; vậy, bằng nhiệt huyết của m&igrave;nh, ch&uacute;ng t&ocirc;i lu&ocirc;n tin rằng m&igrave;nh sẽ th&agrave;nh c&ocirc;ng trong việc mang những gi&aacute; trị, cảm hứng v&agrave; trải nghiệm du lịch đến với mọi người.</p>\r\n<p>Với mục ti&ecirc;u vươn cao v&agrave; vươn xa hơn nữa trong ng&agrave;nh du lịch, ch&uacute;ng t&ocirc;i v&ocirc; c&ugrave;ng mong muốn nhận được niềm tin của qu&yacute; kh&aacute;ch h&agrave;ng gửi trao cho <strong>Diamondtour</strong>, để ch&uacute;ng t&ocirc;i vinh dự được đồng h&agrave;nh tr&ecirc;n khắp c&aacute;c nẻo đường c&ugrave;ng qu&yacute; vị chi&ecirc;m b&aacute;i c&aacute;c Th&aacute;nh t&iacute;ch, thả l&ograve;ng thưởng ngoạn ti&ecirc;n cảnh chốn nh&acirc;n gian, thể nghiệm cuộc sống kh&aacute;c m&igrave;nh ở những miền đất lạ, t&igrave;m ra những gi&aacute; trị ch&acirc;n thực trong những chuyến đi&hellip; đi thật xa để biết thật nhiều, để sống tốt v&agrave; cống hiến nhiều hơn cho x&atilde; hội.</p>\r\n<p><strong><em>Với ch&uacute;ng t&ocirc;i, th&agrave;nh c&ocirc;ng kh&ocirc;ng lấy lợi nhuận l&agrave;m thước đo m&agrave; được t&iacute;nh bằng những gi&aacute; trị ch&acirc;n thực gặt h&aacute;i được sau mỗi chuyến đi của qu&yacute; kh&aacute;ch h&agrave;ng</em></strong>.</p>\r\n<p>Ch&uacute;ng t&ocirc;i rất mong được lắng nghe &yacute; kiến đ&oacute;ng g&oacute;p của qu&yacute; kh&aacute;ch h&agrave;ng để mọi dịch vụ của c&ocirc;ng ty ch&uacute;ng t&ocirc;i được ho&agrave;n thiện hơn nữa, chuy&ecirc;n nghiệp hơn nữa trong tương lai.</p>\r\n<p>&nbsp;</p>\r\n<p>Mọi &yacute; kiến đ&oacute;ng g&oacute;p cho ch&uacute;ng t&ocirc;i xin gửi về:</p>\r\n<p>Email: <a href=\"mailto:info@diamondtour.vn\">info@diamondtour.vn</a></p>\r\n<p>Phone: 02422 393 599</p>\r\n<p>Hotline: 0869 770 333</p>', 'en'),
(11, 6, 'Kinh nghiệm phòng tránh phản ứng độ cao', 'Khi khám phá vùng cao nguyên hay núi cao, một điều cần phải lưu ý là bạn phải tìm hiểu kĩ về cách phòng chống phản ứng độ cao, bởi càng lên cao thì không khí càng loãng. Nếu không tìm hiểu kĩ lưỡng sẽ ảnh hưởng xấu tới hiệu quả chuyến đi của bạn. Cùng Diamondtour tìm hiểu về phản ứng độ cao để nắm rõ bí kíp phòng tránh nào!', '<p>1, Định nghĩa phản ứng độ cao</p>\r\n<p>Phản ứng độ cao l&agrave; hiện tượng thiếu oxy cấp khi bạn leo l&ecirc;n n&uacute;i cao tr&ecirc;n 3000m như đi du lịch, leo n&uacute;i. Theo nhiều nghi&ecirc;n cứu chỉ ra, 75% người leo n&uacute;i sẽ gặp phải t&igrave;nh huống n&agrave;y nhưng t&ugrave;y những mức độ kh&aacute;c nhau.</p>\r\n<p>2, Biểu hiện của phản ứng độ cao</p>\r\n<p>Hoạt động của hệ h&ocirc; hấp gặp kh&oacute; khăn do lượng oxi thấp dẫn tới c&aacute;c phản ứng như n&ocirc;n nao, đau đầu, buồn n&ocirc;n, mất cảm gi&aacute;c ngon miệng, ch&oacute;ng mặt v&agrave; mệt mỏi. Khi AMS tăng nặng, người bệnh bị mất phương hướng, ph&ugrave; n&atilde;o, ph&ugrave; phổi cấp, nếu kh&ocirc;ng cấp cứu kịp thời c&oacute; thể tử vong.</p>\r\n<p>3, C&aacute;ch ph&ograve;ng chống</p>\r\n<p>Nắm gọn 10 b&iacute; k&iacute;p sau để đương đầu với phản ứng độ cao nh&eacute;:</p>\r\n<ul>\r\n<li>Duy tr&igrave; trạng th&aacute;i t&acirc;m l&iacute; lạc quan, thoải m&aacute;i, thả lỏng cơ thể v&agrave; hạn chế kh&ocirc;ng nghĩ tới phản ứng độ cao.</li>\r\n<li><strong>Trước khi leo n&uacute;i v&agrave;i ng&agrave;y cần ch&uacute; &yacute; nghỉ ngơi, điều chỉnh cho cơ thể trở về trạng th&aacute;i b&igrave;nh thường</strong>.</li>\r\n<li>Sau khi v&agrave;o v&ugrave;ng n&uacute;i cao cần c&acirc;n bằng đi lại, nghỉ ngơi, kh&ocirc;ng n&ecirc;n ăn qu&aacute; nhiều.</li>\r\n<li><strong>Kh&ocirc;ng n&ecirc;n phụ thuộc nhiều v&agrave;o lọ/ b&igrave;nh &ocirc;xi.</strong></li>\r\n<li>Đề ph&ograve;ng bị cảm.</li>\r\n<li>Chuẩn bị trước c&aacute;c loại thuốc thường d&ugrave;ng.</li>\r\n<li>Điều tiết c&aacute;c loại thức ăn, đồ uống, n&ecirc;n ăn c&aacute;c loại thực phẩm của v&ugrave;ng cao nguy&ecirc;n đ&oacute;.</li>\r\n<li>Đảm bảo cơ thể được cung cấp đủ nước.</li>\r\n<li><strong>Tu&acirc;n thủ nguy&ecirc;n tắc &ldquo;bốn kh&ocirc;ng&rdquo;: Kh&ocirc;ng vận động mạnh, gấp; kh&ocirc;ng tắm trong ng&agrave;y đầu ti&ecirc;n v&agrave;o cao nguy&ecirc;n; kh&ocirc;ng ăn no; kh&ocirc;ng n&oacute;i to.</strong></li>\r\n<li>Nếu cảm thấy cơ thể kh&ocirc;ng ổn cần kịp thời gọi b&aacute;c sĩ (b&aacute;c sĩ thường ở lu&ocirc;n tại c&aacute;c kh&aacute;ch sạn trong cao nguy&ecirc;n) hoặc cử một th&agrave;nh vi&ecirc;n trong đo&agrave;n dẫn tới bệnh viện gần đ&oacute;, hoặc gọi tới đường d&acirc;y cấp cứu tại địa phương.</li>\r\n</ul>', 'vi'),
(12, 6, 'High altitude response experience', 'Khi khám phá vùng cao nguyên hay núi cao, một điều cần phải lưu ý là bạn phải tìm hiểu kĩ về cách phòng chống phản ứng độ cao, bởi càng lên cao thì không khí càng loãng. Nếu không tìm hiểu kĩ lưỡng sẽ ảnh hưởng xấu tới hiệu quả chuyến đi của bạn. Cùng Diamondtour tìm hiểu về phản ứng độ cao để nắm rõ bí kíp phòng tránh nào!', '<p>1, Định nghĩa phản ứng độ cao</p>\r\n<p>Phản ứng độ cao l&agrave; hiện tượng thiếu oxy cấp khi bạn leo l&ecirc;n n&uacute;i cao tr&ecirc;n 3000m như đi du lịch, leo n&uacute;i. Theo nhiều nghi&ecirc;n cứu chỉ ra, 75% người leo n&uacute;i sẽ gặp phải t&igrave;nh huống n&agrave;y nhưng t&ugrave;y những mức độ kh&aacute;c nhau.</p>\r\n<p>2, Biểu hiện của phản ứng độ cao</p>\r\n<p>Hoạt động của hệ h&ocirc; hấp gặp kh&oacute; khăn do lượng oxi thấp dẫn tới c&aacute;c phản ứng như n&ocirc;n nao, đau đầu, buồn n&ocirc;n, mất cảm gi&aacute;c ngon miệng, ch&oacute;ng mặt v&agrave; mệt mỏi. Khi AMS tăng nặng, người bệnh bị mất phương hướng, ph&ugrave; n&atilde;o, ph&ugrave; phổi cấp, nếu kh&ocirc;ng cấp cứu kịp thời c&oacute; thể tử vong.</p>\r\n<p>3, C&aacute;ch ph&ograve;ng chống</p>\r\n<p>Nắm gọn 10 b&iacute; k&iacute;p sau để đương đầu với phản ứng độ cao nh&eacute;:</p>\r\n<ul>\r\n<li>Duy tr&igrave; trạng th&aacute;i t&acirc;m l&iacute; lạc quan, thoải m&aacute;i, thả lỏng cơ thể v&agrave; hạn chế kh&ocirc;ng nghĩ tới phản ứng độ cao.</li>\r\n<li><strong>Trước khi leo n&uacute;i v&agrave;i ng&agrave;y cần ch&uacute; &yacute; nghỉ ngơi, điều chỉnh cho cơ thể trở về trạng th&aacute;i b&igrave;nh thường</strong>.</li>\r\n<li>Sau khi v&agrave;o v&ugrave;ng n&uacute;i cao cần c&acirc;n bằng đi lại, nghỉ ngơi, kh&ocirc;ng n&ecirc;n ăn qu&aacute; nhiều.</li>\r\n<li><strong>Kh&ocirc;ng n&ecirc;n phụ thuộc nhiều v&agrave;o lọ/ b&igrave;nh &ocirc;xi.</strong></li>\r\n<li>Đề ph&ograve;ng bị cảm.</li>\r\n<li>Chuẩn bị trước c&aacute;c loại thuốc thường d&ugrave;ng.</li>\r\n<li>Điều tiết c&aacute;c loại thức ăn, đồ uống, n&ecirc;n ăn c&aacute;c loại thực phẩm của v&ugrave;ng cao nguy&ecirc;n đ&oacute;.</li>\r\n<li>Đảm bảo cơ thể được cung cấp đủ nước.</li>\r\n<li><strong>Tu&acirc;n thủ nguy&ecirc;n tắc &ldquo;bốn kh&ocirc;ng&rdquo;: Kh&ocirc;ng vận động mạnh, gấp; kh&ocirc;ng tắm trong ng&agrave;y đầu ti&ecirc;n v&agrave;o cao nguy&ecirc;n; kh&ocirc;ng ăn no; kh&ocirc;ng n&oacute;i to.</strong></li>\r\n<li>Nếu cảm thấy cơ thể kh&ocirc;ng ổn cần kịp thời gọi b&aacute;c sĩ (b&aacute;c sĩ thường ở lu&ocirc;n tại c&aacute;c kh&aacute;ch sạn trong cao nguy&ecirc;n) hoặc cử một th&agrave;nh vi&ecirc;n trong đo&agrave;n dẫn tới bệnh viện gần đ&oacute;, hoặc gọi tới đường d&acirc;y cấp cứu tại địa phương.</li>\r\n</ul>', 'en'),
(13, 7, 'Mang gì khi đi du lịch', 'Bạn đang có kế hoạch đi du lịch? Bạn đang băn khoăn không biết liệu mình sẽ phải chuẩn bị những gì cho chuyến đi sắp tới? Mang theo những gì để đáp ứng được hai tiêu chí đầy đủ và gọn nhẹ đây? Cùng tham khảo những bí kíp của “hội những người thích xê dịch” nhà Diamondtour nhé!', '<p>1, Giấy tờ t&ugrave;y th&acirc;n, thẻ v&agrave; tiền mặt</p>\r\n<p>Đương nhi&ecirc;n, việc mang theo giấy tờ t&ugrave;y th&acirc;n l&agrave; ưu ti&ecirc;n h&agrave;ng đầu. Trước khi đi du lịch, bạn nhớ kiểm tra xem m&igrave;nh đ&atilde; mang chứng minh thư, hộ chiếu v&agrave; c&aacute;c giấy tờ kh&aacute;c hay chưa. Nếu đi du h&iacute; tại nước ngo&agrave;i, h&atilde;y nhớ chủ động đổi tiền mặt trước. V&agrave; để đề ph&ograve;ng trường hợp &ldquo;vung tay qu&aacute; tr&aacute;n&rdquo;, bạn nhớ mang theo thẻ ng&acirc;n h&agrave;ng để kịp thời &ldquo;cấp cứu&rdquo; cho ch&iacute;nh m&igrave;nh.</p>\r\n<p>2, Quần &aacute;o, gi&agrave;y d&eacute;p v&agrave; đồ d&ugrave;ng c&aacute; nh&acirc;n</p>\r\n<p>Lựa chọn quần &aacute;o khi đi du lịch: Bạn n&ecirc;n xem trước dự b&aacute;o thời tiết xem thời tiết tại điểm du lịch như thế n&agrave;o để lựa chọn quần &aacute;o, v&agrave; nhớ rằng h&atilde;y chọn những chiếc quần &aacute;o thoải m&aacute;i, dễ di chuyển v&agrave; kh&ocirc;ng dễ bị nhăn, bởi kh&ocirc;ng phải kh&aacute;ch sạn hay nh&agrave; nghỉ n&agrave;o cũng c&oacute; dịch vụ l&agrave; ủi. Gi&agrave;y d&eacute;p: n&ecirc;n chọn loại gi&agrave;y, d&eacute;p đế mềm, tho&aacute;ng kh&iacute; v&agrave; chỉ mang theo từ 2-3 đ&ocirc;i để tr&aacute;nh cồng kềnh.</p>\r\n<p>Đồ d&ugrave;ng c&aacute; nh&acirc;n: Một t&uacute;i đồ d&ugrave;ng c&aacute; nh&acirc;n với những loại đồ d&ugrave;ng cỡ nhỏ như bản chải, kem đ&aacute;nh răng, dầu gội, nước hoa dạng sample, kem chống nắng t&iacute;ch hợp dưỡng ẩm, băng d&aacute;n y tế, dao cạo, thuốc chống đau bụng v&agrave; kem b&ocirc;i ngo&agrave;i da.</p>\r\n<p>3, Sạc v&agrave; pin dự ph&ograve;ng</p>\r\n<p>Với những t&iacute;n đồ du lịch y&ecirc;u th&iacute;ch nhiếp ảnh, th&igrave; khả năng chiếc smartphone của bạn sẽ hoạt động hết c&ocirc;ng suất trong những chuyến đi l&agrave; điều rất dễ xảy ra. Để kịp thời bổ sung &ldquo;vitamin điện&rdquo; cho em dế của m&igrave;nh, đừng qu&ecirc;n mang theo pin dự ph&ograve;ng khi ra ngo&agrave;i v&agrave; nhớ cắm sạc ngay sau khi về tới kh&aacute;ch sạn.</p>\r\n<p>4, T&uacute;i nilong c&oacute; đường rip k&iacute;n</p>\r\n<p>Nghe th&igrave; c&oacute; vẻ kh&ocirc;ng hợp l&iacute;, nhưng thục chất việc trang bị v&agrave;i chiếc t&uacute;i rip trước khi du lịch lại l&agrave; kh&aacute; hợp l&iacute;. V&iacute; dụ như muốn t&aacute;ch ri&ecirc;ng quần &aacute;o đ&atilde; mặc v&agrave; chưa mặc, hay kh&ocirc;ng may lọ nước hoa, sữa tắm của bạn mang theo đột nhi&ecirc;n bị vỡ, thủng... Chiếc t&uacute;i rip sẽ l&agrave; người h&ugrave;ng cứu c&aacute;nh cho cả chuyến đi của bạn bởi t&iacute;nh năng tiện lợi v&agrave; kh&ocirc;ng thấm nước.</p>\r\n<p>Cuối c&ugrave;ng, h&atilde;y nhớ l&ecirc;n danh s&aacute;ch to&agrave;n bộ đồ đạc m&agrave; bạn đ&atilde; mang theo trong chuyến du lịch, để lỡ c&oacute; bị thất lạc đồ th&igrave; bạn cũng nắm được m&igrave;nh đ&atilde; bị mất g&igrave;, để chủ động t&igrave;m lại hoặc bổ sung nh&eacute;!</p>\r\nCh&uacute;c bạn c&oacute; chuyến đi vui vẻ!', 'vi'),
(14, 7, 'What brought when traveling', 'Bạn đang có kế hoạch đi du lịch? Bạn đang băn khoăn không biết liệu mình sẽ phải chuẩn bị những gì cho chuyến đi sắp tới? Mang theo những gì để đáp ứng được hai tiêu chí đầy đủ và gọn nhẹ đây? Cùng tham khảo những bí kíp của “hội những người thích xê dịch” nhà Diamondtour nhé!', '<p>1, Giấy tờ t&ugrave;y th&acirc;n, thẻ v&agrave; tiền mặt</p>\r\n<p>Đương nhi&ecirc;n, việc mang theo giấy tờ t&ugrave;y th&acirc;n l&agrave; ưu ti&ecirc;n h&agrave;ng đầu. Trước khi đi du lịch, bạn nhớ kiểm tra xem m&igrave;nh đ&atilde; mang chứng minh thư, hộ chiếu v&agrave; c&aacute;c giấy tờ kh&aacute;c hay chưa. Nếu đi du h&iacute; tại nước ngo&agrave;i, h&atilde;y nhớ chủ động đổi tiền mặt trước. V&agrave; để đề ph&ograve;ng trường hợp &ldquo;vung tay qu&aacute; tr&aacute;n&rdquo;, bạn nhớ mang theo thẻ ng&acirc;n h&agrave;ng để kịp thời &ldquo;cấp cứu&rdquo; cho ch&iacute;nh m&igrave;nh.</p>\r\n<p>2, Quần &aacute;o, gi&agrave;y d&eacute;p v&agrave; đồ d&ugrave;ng c&aacute; nh&acirc;n</p>\r\n<p>Lựa chọn quần &aacute;o khi đi du lịch: Bạn n&ecirc;n xem trước dự b&aacute;o thời tiết xem thời tiết tại điểm du lịch như thế n&agrave;o để lựa chọn quần &aacute;o, v&agrave; nhớ rằng h&atilde;y chọn những chiếc quần &aacute;o thoải m&aacute;i, dễ di chuyển v&agrave; kh&ocirc;ng dễ bị nhăn, bởi kh&ocirc;ng phải kh&aacute;ch sạn hay nh&agrave; nghỉ n&agrave;o cũng c&oacute; dịch vụ l&agrave; ủi. Gi&agrave;y d&eacute;p: n&ecirc;n chọn loại gi&agrave;y, d&eacute;p đế mềm, tho&aacute;ng kh&iacute; v&agrave; chỉ mang theo từ 2-3 đ&ocirc;i để tr&aacute;nh cồng kềnh.</p>\r\n<p>Đồ d&ugrave;ng c&aacute; nh&acirc;n: Một t&uacute;i đồ d&ugrave;ng c&aacute; nh&acirc;n với những loại đồ d&ugrave;ng cỡ nhỏ như bản chải, kem đ&aacute;nh răng, dầu gội, nước hoa dạng sample, kem chống nắng t&iacute;ch hợp dưỡng ẩm, băng d&aacute;n y tế, dao cạo, thuốc chống đau bụng v&agrave; kem b&ocirc;i ngo&agrave;i da.</p>\r\n<p>3, Sạc v&agrave; pin dự ph&ograve;ng</p>\r\n<p>Với những t&iacute;n đồ du lịch y&ecirc;u th&iacute;ch nhiếp ảnh, th&igrave; khả năng chiếc smartphone của bạn sẽ hoạt động hết c&ocirc;ng suất trong những chuyến đi l&agrave; điều rất dễ xảy ra. Để kịp thời bổ sung &ldquo;vitamin điện&rdquo; cho em dế của m&igrave;nh, đừng qu&ecirc;n mang theo pin dự ph&ograve;ng khi ra ngo&agrave;i v&agrave; nhớ cắm sạc ngay sau khi về tới kh&aacute;ch sạn.</p>\r\n<p>4, T&uacute;i nilong c&oacute; đường rip k&iacute;n</p>\r\n<p>Nghe th&igrave; c&oacute; vẻ kh&ocirc;ng hợp l&iacute;, nhưng thục chất việc trang bị v&agrave;i chiếc t&uacute;i rip trước khi du lịch lại l&agrave; kh&aacute; hợp l&iacute;. V&iacute; dụ như muốn t&aacute;ch ri&ecirc;ng quần &aacute;o đ&atilde; mặc v&agrave; chưa mặc, hay kh&ocirc;ng may lọ nước hoa, sữa tắm của bạn mang theo đột nhi&ecirc;n bị vỡ, thủng... Chiếc t&uacute;i rip sẽ l&agrave; người h&ugrave;ng cứu c&aacute;nh cho cả chuyến đi của bạn bởi t&iacute;nh năng tiện lợi v&agrave; kh&ocirc;ng thấm nước.</p>\r\n<p>Cuối c&ugrave;ng, h&atilde;y nhớ l&ecirc;n danh s&aacute;ch to&agrave;n bộ đồ đạc m&agrave; bạn đ&atilde; mang theo trong chuyến du lịch, để lỡ c&oacute; bị thất lạc đồ th&igrave; bạn cũng nắm được m&igrave;nh đ&atilde; bị mất g&igrave;, để chủ động t&igrave;m lại hoặc bổ sung nh&eacute;!</p>\r\nCh&uacute;c bạn c&oacute; chuyến đi vui vẻ!', 'en'),
(15, 9, '        Những lợi ích từ việc đi du lịch', '        Người ta thường nhắc tới du lịch như một ngành công nghiệp không khói, mỏ vàng của đất nước. Bởi lẽ, du lịch giúp nền kinh tế quốc dân phát triển, đẩy nhanh tiến trình hội nhập kinh tế quốc tế và góp phần đưa hình ảnh của quốc gia đó tới gần hơn với bạn bè quốc tế. Đây đều là những lợi ích ở tầm vĩ mô mà du lịch mang lại. Vậy ở tầm vi mô, tức là phạm vi cá thể, du lịch mang lại những lợi ích gì?', '<p>&ldquo;Đi một ng&agrave;y đ&agrave;ng, học một s&agrave;ng kh&ocirc;n&rdquo; &ndash; đ&acirc;y l&agrave; c&acirc;u tục ngữ được &ocirc;ng cha ta để lại tự ng&agrave;n đời nay. Quả đ&uacute;ng vậy, du lịch l&agrave; một c&aacute;ch tiếp thu kiến thức đầy hiệu quả, bởi những g&igrave; mắt thấy tai nghe, mới l&agrave; những g&igrave; gần nhất, dễ đi v&agrave;o l&ograve;ng người nhất. Một du kh&aacute;ch của đo&agrave;n kh&aacute;m ph&aacute; T&acirc;y Tạng c&ugrave;ng với Diamondtour đ&atilde; chia sẻ: &ldquo;&nbsp;L&agrave; th&agrave;nh vi&ecirc;n tham gia trong đo&agrave;n đi chi&ecirc;m b&aacute;i Th&aacute;nh T&iacute;ch T&acirc;y Tạng Huyền B&iacute; , cảm nhận của m&igrave;nh về v&ugrave;ng đất T&acirc;y Tạng thực sự l&agrave; một v&ugrave;ng đất thi&ecirc;ng li&ecirc;ng v&agrave; l&agrave; niềm ước ao mong mỏi của bất cứ ai c&oacute; l&ograve;ng k&iacute;nh t&iacute;n với c&aacute;c bậc ĐẠI GI&Aacute;C. Cảm ơn người thuyền trưởng của Diamond Tour Trần Anh Tuấn! Một người c&oacute; kiến thức uy&ecirc;n th&acirc;m về Phật gi&aacute;o v&agrave; linh địa T&acirc;y Tạng, người đ&atilde; gi&uacute;p cho c&aacute;c th&agrave;nh vi&ecirc;n trong đo&agrave;n trải qua những cung bậc cảm x&uacute;c v&ocirc; hạn trong suốt h&agrave;nh tr&igrave;nh! Hẹn sẽ được đồng h&agrave;nh c&ugrave;ng c&aacute;c bạn trong những kỳ quan tiếp theo của lĩnh vực t&acirc;m linh trong c&otilde;i Ta B&agrave; v&ocirc; hạn định! Tạ Tạ!&rdquo;. R&otilde; r&agrave;ng, chuyến đi đ&atilde; mang lại cho du kh&aacute;ch tr&ecirc;n một lượng kiến thức phong ph&uacute; v&agrave; đồ sộ m&agrave; kh&ocirc;ng phải theo c&aacute;ch nh&agrave;m ch&aacute;n th&ocirc;ng thường l&agrave; ngồi lật giở từng trang s&aacute;ch. V&agrave; với ấn tượng như vậy, tin rằng những g&igrave; đọng lại trong ấn tượng của vị kh&aacute;ch kia sẽ v&ocirc; c&ugrave;ng đầy đủ v&agrave; ch&acirc;n thực.</p>\r\n<p>Hầu hết ch&uacute;ng ta t&igrave;m đến những chuyến du lịch l&agrave; để giải tỏa những căng thẳng mệt mỏi, &aacute;p lực c&ocirc;ng việc. V&agrave; quả thực đi du lịch l&agrave; một c&aacute;ch xả stress đầy hiệu quả. N&oacute;i như vậy kh&ocirc;ng c&oacute; nghĩa l&agrave; du lịch kh&ocirc;ng tạo ra &aacute;p lực, nhưng &aacute;p lực m&agrave; du lịch tạo ra l&agrave; một dạng &aacute;p lực t&iacute;ch cực, n&oacute; đ&oacute;ng g&oacute;p v&agrave;o việc b&agrave;i trừ những suy nghĩ ti&ecirc;u cực do c&ocirc;ng việc mang lại. Sống chấm lại &ndash; nghĩ kh&aacute;c đi l&agrave; những g&igrave; m&agrave; bạn đ&uacute;c kết được khi t&igrave;m tới những tour du lịch t&acirc;m linh của Diamondtour. T&acirc;m tĩnh, t&acirc;m hồn được gạt bỏ bởi những &aacute;p lực, những thứ xa hoa ph&ugrave; phiếm. Khi trở về bạn nhất định sẽ l&agrave;m việc hiệu quả hơn nhiều.</p>\r\n<p>N&acirc;ng cao khả năng th&iacute;ch nghi với những biến đổi của m&ocirc;i trường sống. Tạm xa nơi m&igrave;nh sinh sống một khoảng thời gian, bạn đặt ch&acirc;n l&ecirc;n một v&ugrave;ng đất mới với phong tục tập qu&aacute;n mới, kh&iacute; hậu kh&aacute;c biệt, ẩm thực lạ nhưng bạn vẫn cảm thấy h&agrave;i l&ograve;ng v&agrave; tận hưởng n&oacute;. Điều đ&oacute; chứng tỏ bạn c&oacute; khả năng th&iacute;ch nghi cao với những m&ocirc;i trường kh&aacute;c nhau, bạn c&oacute; một sức khỏe tốt v&agrave; một trạng th&aacute;i t&acirc;m l&iacute; ho&agrave;n hảo. V&agrave; những sự cố xảy ra trong c&aacute;c chuyến đi như hỏng xe, thất lạc đồ đạc... Những t&igrave;nh huống bất ngờ như vậy sẽ tăng khả năng linh hoạt của bạn, gi&uacute;p bạn trở về v&agrave; xử l&iacute; c&ocirc;ng việc một c&aacute;ch ho&agrave;n hảo hơn.</p>\r\n<p>Cuối c&ugrave;ng, đi du lịch cũng l&agrave; một c&aacute;ch hiệu quả để mở rộng mối quan hệ x&atilde; hội của bạn. C&aacute;c đo&agrave;n kh&aacute;ch của Diamondtour sau khi kết th&uacute;c chuyến h&agrave;nh tr&igrave;nh đều giữ li&ecirc;n lạc, thậm ch&iacute; c&ograve;n c&oacute; những nh&oacute;m ri&ecirc;ng để l&ecirc;n kế hoạch cho những chuyến h&agrave;nh tr&igrave;nh sau. V&agrave; họ trao đổi chia sẻ cho nhau những kinh nghiệm du lịch, kinh nghiệm về cuộc sống, c&ocirc;ng việc, thậm ch&iacute; nhiều người trong số đ&oacute; đ&atilde; trở th&agrave;nh những đối t&aacute;c kinh doanh của nhau.</p>\r\nDu lịch đem lại nhiều lợi &iacute;ch như vậy, tại sao lại kh&ocirc;ng x&aacute;ch ba l&ocirc; l&ecirc;n v&agrave; đi chứ?', 'vi'),
(16, 9, 'The benefits of traveling        ', 'Người ta thường nhắc tới du lịch như một ngành công nghiệp không khói, mỏ vàng của đất nước. Bởi lẽ, du lịch giúp nền kinh tế quốc dân phát triển, đẩy nhanh tiến trình hội nhập kinh tế quốc tế và góp phần đưa hình ảnh của quốc gia đó tới gần hơn với bạn bè quốc tế. Đây đều là những lợi ích ở tầm vĩ mô mà du lịch mang lại. Vậy ở tầm vi mô, tức là phạm vi cá thể, du lịch mang lại những lợi ích gì?        ', '<p>&ldquo;Đi một ng&agrave;y đ&agrave;ng, học một s&agrave;ng kh&ocirc;n&rdquo; &ndash; đ&acirc;y l&agrave; c&acirc;u tục ngữ được &ocirc;ng cha ta để lại tự ng&agrave;n đời nay. Quả đ&uacute;ng vậy, du lịch l&agrave; một c&aacute;ch tiếp thu kiến thức đầy hiệu quả, bởi những g&igrave; mắt thấy tai nghe, mới l&agrave; những g&igrave; gần nhất, dễ đi v&agrave;o l&ograve;ng người nhất. Một du kh&aacute;ch của đo&agrave;n kh&aacute;m ph&aacute; T&acirc;y Tạng c&ugrave;ng với Diamondtour đ&atilde; chia sẻ: &ldquo;&nbsp;L&agrave; th&agrave;nh vi&ecirc;n tham gia trong đo&agrave;n đi chi&ecirc;m b&aacute;i Th&aacute;nh T&iacute;ch T&acirc;y Tạng Huyền B&iacute; , cảm nhận của m&igrave;nh về v&ugrave;ng đất T&acirc;y Tạng thực sự l&agrave; một v&ugrave;ng đất thi&ecirc;ng li&ecirc;ng v&agrave; l&agrave; niềm ước ao mong mỏi của bất cứ ai c&oacute; l&ograve;ng k&iacute;nh t&iacute;n với c&aacute;c bậc ĐẠI GI&Aacute;C. Cảm ơn người thuyền trưởng của Diamond Tour Trần Anh Tuấn! Một người c&oacute; kiến thức uy&ecirc;n th&acirc;m về Phật gi&aacute;o v&agrave; linh địa T&acirc;y Tạng, người đ&atilde; gi&uacute;p cho c&aacute;c th&agrave;nh vi&ecirc;n trong đo&agrave;n trải qua những cung bậc cảm x&uacute;c v&ocirc; hạn trong suốt h&agrave;nh tr&igrave;nh! Hẹn sẽ được đồng h&agrave;nh c&ugrave;ng c&aacute;c bạn trong những kỳ quan tiếp theo của lĩnh vực t&acirc;m linh trong c&otilde;i Ta B&agrave; v&ocirc; hạn định! Tạ Tạ!&rdquo;. R&otilde; r&agrave;ng, chuyến đi đ&atilde; mang lại cho du kh&aacute;ch tr&ecirc;n một lượng kiến thức phong ph&uacute; v&agrave; đồ sộ m&agrave; kh&ocirc;ng phải theo c&aacute;ch nh&agrave;m ch&aacute;n th&ocirc;ng thường l&agrave; ngồi lật giở từng trang s&aacute;ch. V&agrave; với ấn tượng như vậy, tin rằng những g&igrave; đọng lại trong ấn tượng của vị kh&aacute;ch kia sẽ v&ocirc; c&ugrave;ng đầy đủ v&agrave; ch&acirc;n thực.</p>\r\n<p>Hầu hết ch&uacute;ng ta t&igrave;m đến những chuyến du lịch l&agrave; để giải tỏa những căng thẳng mệt mỏi, &aacute;p lực c&ocirc;ng việc. V&agrave; quả thực đi du lịch l&agrave; một c&aacute;ch xả stress đầy hiệu quả. N&oacute;i như vậy kh&ocirc;ng c&oacute; nghĩa l&agrave; du lịch kh&ocirc;ng tạo ra &aacute;p lực, nhưng &aacute;p lực m&agrave; du lịch tạo ra l&agrave; một dạng &aacute;p lực t&iacute;ch cực, n&oacute; đ&oacute;ng g&oacute;p v&agrave;o việc b&agrave;i trừ những suy nghĩ ti&ecirc;u cực do c&ocirc;ng việc mang lại. Sống chấm lại &ndash; nghĩ kh&aacute;c đi l&agrave; những g&igrave; m&agrave; bạn đ&uacute;c kết được khi t&igrave;m tới những tour du lịch t&acirc;m linh của Diamondtour. T&acirc;m tĩnh, t&acirc;m hồn được gạt bỏ bởi những &aacute;p lực, những thứ xa hoa ph&ugrave; phiếm. Khi trở về bạn nhất định sẽ l&agrave;m việc hiệu quả hơn nhiều.</p>\r\n<p>N&acirc;ng cao khả năng th&iacute;ch nghi với những biến đổi của m&ocirc;i trường sống. Tạm xa nơi m&igrave;nh sinh sống một khoảng thời gian, bạn đặt ch&acirc;n l&ecirc;n một v&ugrave;ng đất mới với phong tục tập qu&aacute;n mới, kh&iacute; hậu kh&aacute;c biệt, ẩm thực lạ nhưng bạn vẫn cảm thấy h&agrave;i l&ograve;ng v&agrave; tận hưởng n&oacute;. Điều đ&oacute; chứng tỏ bạn c&oacute; khả năng th&iacute;ch nghi cao với những m&ocirc;i trường kh&aacute;c nhau, bạn c&oacute; một sức khỏe tốt v&agrave; một trạng th&aacute;i t&acirc;m l&iacute; ho&agrave;n hảo. V&agrave; những sự cố xảy ra trong c&aacute;c chuyến đi như hỏng xe, thất lạc đồ đạc... Những t&igrave;nh huống bất ngờ như vậy sẽ tăng khả năng linh hoạt của bạn, gi&uacute;p bạn trở về v&agrave; xử l&iacute; c&ocirc;ng việc một c&aacute;ch ho&agrave;n hảo hơn.</p>\r\n<p>Cuối c&ugrave;ng, đi du lịch cũng l&agrave; một c&aacute;ch hiệu quả để mở rộng mối quan hệ x&atilde; hội của bạn. C&aacute;c đo&agrave;n kh&aacute;ch của Diamondtour sau khi kết th&uacute;c chuyến h&agrave;nh tr&igrave;nh đều giữ li&ecirc;n lạc, thậm ch&iacute; c&ograve;n c&oacute; những nh&oacute;m ri&ecirc;ng để l&ecirc;n kế hoạch cho những chuyến h&agrave;nh tr&igrave;nh sau. V&agrave; họ trao đổi chia sẻ cho nhau những kinh nghiệm du lịch, kinh nghiệm về cuộc sống, c&ocirc;ng việc, thậm ch&iacute; nhiều người trong số đ&oacute; đ&atilde; trở th&agrave;nh những đối t&aacute;c kinh doanh của nhau.</p>\r\nDu lịch đem lại nhiều lợi &iacute;ch như vậy, tại sao lại kh&ocirc;ng x&aacute;ch ba l&ocirc; l&ecirc;n v&agrave; đi chứ?', 'en'),
(17, 10, 'Nhật ký đoàn Phượng Hoàng cổ trấn', '', '', 'vi'),
(18, 10, 'Diocese of Phoenix', '', '✈CHARTER BAY THẲNG PHƯỢNG HO&Agrave;NG CỔ TRẤN &ndash; TRƯƠNG GIA GIỚI✈<br />=============================================<br />????????????Đo&agrave;n du h&iacute; Phượng Ho&agrave;ng cổ trấn &ndash; Trương Gia Giới của Diamondtour đ&atilde; về đến Việt Nam v&agrave; đang bắt đầu một tuần học tập, l&agrave;m việc mới, quay trở lại cuộc sống sinh hoạt thường ng&agrave;y nhưng c&oacute; lẽ những dư &acirc;m của chuyến đi vẫn c&ograve;n đọng lại trong mỗi du kh&aacute;ch.&nbsp;<br />????????????Trong h&agrave;nh tr&igrave;nh 5 ng&agrave;y 4 đ&ecirc;m, Du kh&aacute;ch kh&ocirc;ng chỉ c&oacute; cơ hội tham quan Phượng Ho&agrave;ng Cổ Trấn cổ k&iacute;nh với những m&oacute;n ăn&nbsp;địa phương đặc sắc, ngồi đ&ograve; tr&ecirc;n d&ograve;ng Đ&agrave; Giang thơ mộng, ngồi thuyền tr&ecirc;n Hồ Bảo Phong m&agrave; c&ograve;n được ngắm nh&igrave;n vẻ đẹp h&ugrave;ng vĩ của n&uacute;i rừng Vi&ecirc;n Gia Giới, trải nghiệm thang m&aacute;y B&aacute;ch Long - di chuyển gần 362m theo mặt b&ecirc;n của một v&aacute;ch đ&aacute; l&ecirc;n tr&ecirc;n đỉnh của cao nguy&ecirc;n trong v&ograve;ng 2 ph&uacute;t&hellip; V&agrave; đặc biệt nhiều bức ảnh đẹp đ&atilde; được ghi lại tại nơi được giới trẻ v&iacute; von l&agrave; &ldquo;Thi&ecirc;n đường sống ảo hạ giới&rdquo; n&agrave;y.&nbsp;????<br />Đức Đạt Lai Lạt Ma từng dạy &ldquo;Mỗi lần mỗi năm, h&atilde;y đến một nơi n&agrave;o đ&oacute; m&agrave; bạn chưa từng đặt ch&acirc;n đến.&rdquo; Diamondtour vui v&igrave; được l&agrave;m sứ giả đưa qu&yacute; kh&aacute;ch đến những &ldquo;nơi chưa từng đến&rdquo; đ&oacute;. V&agrave;, ngắm nh&igrave;n những nụ cười h&agrave;i l&ograve;ng của qu&yacute; kh&aacute;ch, nhận được những tin nhắn feedback đầy cảm x&uacute;c của kh&aacute;ch h&agrave;ng, ch&uacute;ng t&ocirc;i hiểu rằng, h&agrave;nh tr&igrave;nh Charter bay thẳng Phượng Ho&agrave;ng Cổ Trấn &ndash; Trương Gia Giới Giới lần đầu ti&ecirc;n do Diamondtour tổ chức thực sự chạm tới tr&aacute;i tim v&agrave; cảm x&uacute;c của du kh&aacute;ch.&nbsp;????&nbsp;Niềm vui v&agrave; sự h&agrave;i l&ograve;ng của du kh&aacute;ch ch&iacute;nh l&agrave; niềm tự h&agrave;o v&agrave; động lực để Diamondtour ho&agrave;n thiện chất lượng dịch vụ của m&igrave;nh hơn nữa.&nbsp;<br />C&ugrave;ng Diamondtour nh&igrave;n lại những h&igrave;nh ảnh đẹp được ghi lại trong h&agrave;nh tr&igrave;nh nh&eacute;!&nbsp;<br /><br /><img src=\"http://localhost/tourist1//source/nhat-ky-phuong-hoang-co-tran-10.jpg?1530158905906\" alt=\"\" width=\"900\" height=\"675\" /><br /><br /><img src=\"http://localhost/tourist1//source/nhat-ky-phuong-hoang-co-tran-15.jpg?1530158930906\" alt=\"nhat-ky-phuong-hoang-co-tran-15\" width=\"900\" height=\"1200\" /><img src=\"http://localhost/tourist1//source/nhat-ky-phuong-hoang-co-tran-16.jpg?1530158933711\" alt=\"nhat-ky-phuong-hoang-co-tran-16\" width=\"900\" /><img src=\"http://localhost/tourist1//source/nhat-ky-phuong-hoang-co-tran-17.jpg?1530158936379\" alt=\"nhat-ky-phuong-hoang-co-tran-17\" width=\"900\" /><img src=\"http://localhost/tourist1//source/nhat-ky-phuong-hoang-co-tran-2.jpg?1530158939519\" alt=\"nhat-ky-phuong-hoang-co-tran-2\" width=\"900\" /><img src=\"http://localhost/tourist1//source/nhat-ky-phuong-hoang-co-tran-3.jpg?1530158943112\" alt=\"nhat-ky-phuong-hoang-co-tran-3\" width=\"900\" /><img src=\"http://localhost/tourist1//source/nhat-ky-phuong-hoang-co-tran-4.jpg?1530158945094\" alt=\"nhat-ky-phuong-hoang-co-tran-4\" width=\"900\" /><img src=\"http://localhost/tourist1//source/nhat-ky-phuong-hoang-co-tran-5.jpg?1530158947707\" alt=\"nhat-ky-phuong-hoang-co-tran-5\" width=\"900\" /><img src=\"http://localhost/tourist1//source/nhat-ky-phuong-hoang-co-tran-6.jpg?1530158950400\" alt=\"nhat-ky-phuong-hoang-co-tran-6\" width=\"900\" /><img src=\"http://localhost/tourist1//source/nhat-ky-phuong-hoang-co-tran-7.jpg?1530158952322\" alt=\"nhat-ky-phuong-hoang-co-tran-7\" width=\"900\" /><img src=\"http://localhost/tourist1//source/nhat-ky-phuong-hoang-co-tran-8.jpg?1530158954284\" alt=\"nhat-ky-phuong-hoang-co-tran-8\" width=\"900\" /><img src=\"http://localhost/tourist1//source/nhat-ky-phuong-hoang-co-tran-9.jpg?1530158956270\" alt=\"nhat-ky-phuong-hoang-co-tran-9\" width=\"900\" />', 'en'),
(19, 11, 'Thủ tục xin visa du lịch Đài Loan', 'Vài năm trở lại đây, xứ Đài đã trở thành điểm đến du lịch hấp dẫn và thu hút rất nhiều du khách Việt. Các tour hành hương chiêm bái chùa tự tại Đài Loan của Diamondtour tổ chức cũng ngày một phát triển. ', '<p>Rất nhiều du kh&aacute;ch quan t&acirc;m đến c&aacute;ch thức xin visa du lịch Đ&agrave;i Loan, trong b&agrave;i viết n&agrave;y, ch&uacute;ng t&ocirc;i sẽ giới thiệu ngắn gọn tới qu&yacute; du kh&aacute;ch c&aacute;ch apply visa Đ&agrave;i Loan tự t&uacute;c.</p>\r\n<p>1, Đối với trường hợp du kh&aacute;ch Việt đ&atilde; c&oacute; thẻ cư tr&uacute; vĩnh viễn, thẻ cư tr&uacute; hoặc visa c&ograve;n hiệu lực hoặc đ&atilde; hết hạn trong v&ograve;ng 10 năm trở lại đ&acirc;y của c&aacute;c nước Mỹ, Canada, Nhật Bản, Australia, New Zealand, Anh, c&aacute;c nước Schengen, H&agrave;n Quốc v&agrave; Đ&agrave;i Loan (trừ trường hợp đ&atilde; từng đi lao động phổ th&ocirc;ng) sẽ được được cấp chứng nhận cho ph&eacute;p nhập cảnh Đ&agrave;i Loan nhiều lần, lưu tr&uacute; trong thời gian 30 ng&agrave;y. Qu&yacute; kh&aacute;ch v&agrave;o link sau đ&acirc;y để nhập tờ khai miễn thị thực: <a href=\"https://niaspeedy.immigration.gov.tw/nia_southeast\"><strong>https://niaspeedy.immigration.gov.tw/nia_southeast</strong></a> hoặc <strong>https://immigration.gov.tw =&gt; Online Application =&gt;(5), sau đ&oacute; phải in tờ khai miễn thị thực để nhập cảnh Đ&agrave;i Loan.</strong></p>\r\n<p>2, Đối với trường hợp du kh&aacute;ch Việt apply visa Đ&agrave;i Loan th&ocirc;ng thường, cần chuẩn bị những giấy tờ sau:</p>\r\n<ul>\r\n<li>Hộ chiếu gốc c&ograve;n hạn tr&ecirc;n 6 th&aacute;ng</li>\r\n<li>2 Ảnh 4 x 6 , mới chụp trong 6 th&aacute;ng trở lại đ&acirc;y</li>\r\n<li>1 bản mẫu đơn xin visa được k&ecirc; khai đầy đủ v&agrave; k&yacute; t&ecirc;n (trường hợp k&ecirc; khai cho trẻ em th&igrave; bố hoặc mẹ đi c&ugrave;ng k&yacute; t&ecirc;n) . Bản k&ecirc; khai n&agrave;y l&agrave;m online, bạn vui l&ograve;ng truy cập site sau đ&acirc;y để điền form:&nbsp;<a href=\"https://visawebapp.boca.gov.tw/\">https://visawebapp.boca.gov.tw</a></li>\r\n<li>Giấy chứng nhận c&ocirc;ng việc tại c&ocirc;ng ty bạn đang l&agrave;m + giấy xin ph&eacute;p nghỉ việc trong thời gian đi du lịch Đ&agrave;i Loan (song ngữ Việt &amp; tiếng Anh)</li>\r\n<li>trường hợp bạn l&agrave; chủ doanh nghiệp (cực kỳ thuận lợi khi nộp đơn) th&igrave; bạn chỉ cẩn giấy photo c&ocirc;ng chứng Giấy Ph&eacute;p Đăng K&yacute; Kinh Doanh, mang bản GỐC&nbsp;đi c&ugrave;ng để đối chiếu.</li>\r\n<li>Giấy chứng nhận t&agrave;i ch&iacute;nh, thường sẽ l&agrave; Sổ tiết kiệm (từ 50 triệu trở l&ecirc;n, n&ecirc;n l&agrave; từ &gt;100 triệu), cần mang bản gốc + bản photo để đối chiếu.</li>\r\n<li>V&eacute; m&aacute;y bay khứ hồi</li>\r\n<li>Lịch tr&igrave;nh chuyến đi du lịch của bạn (c&agrave;ng chi tiết c&agrave;ng tốt)</li>\r\n</ul>\r\n<p>Sau đ&oacute;, bạn tới hai địa điểm sau để nộp hồ sơ:</p>\r\n<p>Tại H&agrave; Nội</p>\r\n<ul>\r\n<li>Địa chỉ: Tầng 5, HITC 239 Xu&acirc;n Thủy, Cầu Giấy, H&agrave; Nội</li>\r\n<li>ĐT: (04) 3833 5501 &ndash; (04) 3833 5505 (m&aacute;y nh&aacute;nh 128, 129, 130)</li>\r\n<li>E-mail: tecohn@netnam.vn</li>\r\n</ul>\r\n<p>Tại th&agrave;nh phố Hồ Ch&iacute; Minh:</p>\r\n<ul>\r\n<li>19F, Flemington, 182 L&ecirc; Đại H&agrave;nh, Q.11, TP HCM</li>\r\n<li>ĐT: 08-39621745/50</li>\r\n<li>Email: suggest@tecohcm.org.vn</li>\r\n</ul>\r\n<p>V&agrave; đợi th&ocirc;ng b&aacute;o từ văn ph&ograve;ng văn h&oacute;a kinh tế Đ&agrave;i Bắc l&agrave; ok!</p>\r\n<p>Diamondtour chuy&ecirc;n cung cấp dịch vụ l&agrave;m visa đo&agrave;n du lịch Đ&agrave;i Loan nhanh ch&oacute;ng, tiện lơi, kh&ocirc;ng cần chứng minh t&agrave;i ch&iacute;nh v&agrave; tỉ lệ đậu cao. Li&ecirc;n hệ với ch&uacute;ng t&ocirc;i để biết th&ecirc;m chi tiết!</p>', 'vi'),
(20, 11, 'Application for Taiwan Tourist Visa', 'Vài năm trở lại đây, xứ Đài đã trở thành điểm đến du lịch hấp dẫn và thu hút rất nhiều du khách Việt. Các tour hành hương chiêm bái chùa tự tại Đài Loan của Diamondtour tổ chức cũng ngày một phát triển. ', '<p>Rất nhiều du kh&aacute;ch quan t&acirc;m đến c&aacute;ch thức xin visa du lịch Đ&agrave;i Loan, trong b&agrave;i viết n&agrave;y, ch&uacute;ng t&ocirc;i sẽ giới thiệu ngắn gọn tới qu&yacute; du kh&aacute;ch c&aacute;ch apply visa Đ&agrave;i Loan tự t&uacute;c.</p>\r\n<p>1, Đối với trường hợp du kh&aacute;ch Việt đ&atilde; c&oacute; thẻ cư tr&uacute; vĩnh viễn, thẻ cư tr&uacute; hoặc visa c&ograve;n hiệu lực hoặc đ&atilde; hết hạn trong v&ograve;ng 10 năm trở lại đ&acirc;y của c&aacute;c nước Mỹ, Canada, Nhật Bản, Australia, New Zealand, Anh, c&aacute;c nước Schengen, H&agrave;n Quốc v&agrave; Đ&agrave;i Loan (trừ trường hợp đ&atilde; từng đi lao động phổ th&ocirc;ng) sẽ được được cấp chứng nhận cho ph&eacute;p nhập cảnh Đ&agrave;i Loan nhiều lần, lưu tr&uacute; trong thời gian 30 ng&agrave;y. Qu&yacute; kh&aacute;ch v&agrave;o link sau đ&acirc;y để nhập tờ khai miễn thị thực: <a href=\"https://niaspeedy.immigration.gov.tw/nia_southeast\"><strong>https://niaspeedy.immigration.gov.tw/nia_southeast</strong></a> hoặc <strong>https://immigration.gov.tw =&gt; Online Application =&gt;(5), sau đ&oacute; phải in tờ khai miễn thị thực để nhập cảnh Đ&agrave;i Loan.</strong></p>\r\n<p>2, Đối với trường hợp du kh&aacute;ch Việt apply visa Đ&agrave;i Loan th&ocirc;ng thường, cần chuẩn bị những giấy tờ sau:</p>\r\n<ul>\r\n<li>Hộ chiếu gốc c&ograve;n hạn tr&ecirc;n 6 th&aacute;ng</li>\r\n<li>2 Ảnh 4 x 6 , mới chụp trong 6 th&aacute;ng trở lại đ&acirc;y</li>\r\n<li>1 bản mẫu đơn xin visa được k&ecirc; khai đầy đủ v&agrave; k&yacute; t&ecirc;n (trường hợp k&ecirc; khai cho trẻ em th&igrave; bố hoặc mẹ đi c&ugrave;ng k&yacute; t&ecirc;n) . Bản k&ecirc; khai n&agrave;y l&agrave;m online, bạn vui l&ograve;ng truy cập site sau đ&acirc;y để điền form:&nbsp;<a href=\"https://visawebapp.boca.gov.tw/\">https://visawebapp.boca.gov.tw</a></li>\r\n<li>Giấy chứng nhận c&ocirc;ng việc tại c&ocirc;ng ty bạn đang l&agrave;m + giấy xin ph&eacute;p nghỉ việc trong thời gian đi du lịch Đ&agrave;i Loan (song ngữ Việt &amp; tiếng Anh)</li>\r\n<li>trường hợp bạn l&agrave; chủ doanh nghiệp (cực kỳ thuận lợi khi nộp đơn) th&igrave; bạn chỉ cẩn giấy photo c&ocirc;ng chứng Giấy Ph&eacute;p Đăng K&yacute; Kinh Doanh, mang bản GỐC&nbsp;đi c&ugrave;ng để đối chiếu.</li>\r\n<li>Giấy chứng nhận t&agrave;i ch&iacute;nh, thường sẽ l&agrave; Sổ tiết kiệm (từ 50 triệu trở l&ecirc;n, n&ecirc;n l&agrave; từ &gt;100 triệu), cần mang bản gốc + bản photo để đối chiếu.</li>\r\n<li>V&eacute; m&aacute;y bay khứ hồi</li>\r\n<li>Lịch tr&igrave;nh chuyến đi du lịch của bạn (c&agrave;ng chi tiết c&agrave;ng tốt)</li>\r\n</ul>\r\n<p>Sau đ&oacute;, bạn tới hai địa điểm sau để nộp hồ sơ:</p>\r\n<p>Tại H&agrave; Nội</p>\r\n<ul>\r\n<li>Địa chỉ: Tầng 5, HITC 239 Xu&acirc;n Thủy, Cầu Giấy, H&agrave; Nội</li>\r\n<li>ĐT: (04) 3833 5501 &ndash; (04) 3833 5505 (m&aacute;y nh&aacute;nh 128, 129, 130)</li>\r\n<li>E-mail: tecohn@netnam.vn</li>\r\n</ul>\r\n<p>Tại th&agrave;nh phố Hồ Ch&iacute; Minh:</p>\r\n<ul>\r\n<li>19F, Flemington, 182 L&ecirc; Đại H&agrave;nh, Q.11, TP HCM</li>\r\n<li>ĐT: 08-39621745/50</li>\r\n<li>Email: suggest@tecohcm.org.vn</li>\r\n</ul>\r\n<p>V&agrave; đợi th&ocirc;ng b&aacute;o từ văn ph&ograve;ng văn h&oacute;a kinh tế Đ&agrave;i Bắc l&agrave; ok!</p>\r\n<p>Diamondtour chuy&ecirc;n cung cấp dịch vụ l&agrave;m visa đo&agrave;n du lịch Đ&agrave;i Loan nhanh ch&oacute;ng, tiện lơi, kh&ocirc;ng cần chứng minh t&agrave;i ch&iacute;nh v&agrave; tỉ lệ đậu cao. Li&ecirc;n hệ với ch&uacute;ng t&ocirc;i để biết th&ecirc;m chi tiết!</p>', 'en'),
(21, 12, 'Thủ tục xin visa Trung Quốc', 'Rất nhiều du khách muốn đi tham quan Trung Quốc và băn khoăn không biết thủ tục xin visa Trung Quốc tại Việt Nam có phức tạp không, đợi bao lâu thì được duyệt hồ sơ… Tham khảo bài viết của Diamondtour để có phương án xin visa hợp lí nhất.\r\n', '<p>Hiện tại, c&oacute; hai địa điểm sau cho qu&yacute; kh&aacute;ch apply hồ sơ xin visa:</p>\r\n<ul>\r\n<li>Ph&iacute;a Bắc: số 46 Ho&agrave;ng Diệu, Ba Đ&igrave;nh, H&agrave; Nội, chỉ nhận hồ sơ từ Đ&agrave; Nẵng trở ra Bắc</li>\r\n<li>Tại Ph&iacute;a Nam: Hai B&agrave; Trưng, Quận 3, HCM</li>\r\n</ul>\r\n<p><strong>Thời gian l&agrave;m visa:</strong>&nbsp;4 ng&agrave;y từ thứ 2 &ndash; thứ 6 kh&ocirc;ng kể ng&agrave;y nghỉ lễ Việt nam v&agrave; Trung Quốc v&agrave; c&aacute;c ng&agrave;y nghỉ cuối tuần.</p>\r\n<p>Thứ hai, hồ sơ xin visa Trung Quốc gồm những giấy tờ g&igrave;?</p>\r\n<ol>\r\n<li><strong>Hộ chiếu gốc + 02 bản photo hộ chiếu</strong></li>\r\n</ol>\r\n<p>Y&ecirc;u cầu:</p>\r\n<ul>\r\n<li>Hộ chiếu gốc c&ograve;n thời hạn 6 th&aacute;ng trở l&ecirc;n, c&ograve;n &iacute;t nhất 1 trang trống (để đ&oacute;ng dấu xuất nhập cảnh).</li>\r\n<li>Bản photo sổ hộ chiếu, trong đ&oacute; c&ograve;n &iacute;t nhất 1 trang trống (để cộp dấu xuất nhập cảnh lần đi n&agrave;y). Photo mỗi trang tr&ecirc;n 1 mặt tờ A4.</li>\r\n</ul>\r\n<ol>\r\n<li><strong>Chứng minh thư gốc + 02 bản photo</strong>&nbsp;(photo 2 mặt CMT tr&ecirc;n 1 mặt tờ A4)</li>\r\n<li><strong>Sổ hộ khẩu bản gốc + 01 bản photo</strong></li>\r\n<li><strong>02 ảnh thẻ</strong>&nbsp;k&iacute;ch thước 3.6&times;4.5cm; nền trắng; mắt nh&igrave;n thẳng; chụp trong v&ograve;ng 6 th&aacute;ng (1 ảnh d&aacute;n v&agrave;o tờ đơn xin visa, 1 ảnh dập ghim v&agrave;o b&igrave;a cuốn hộ chiếu)</li>\r\n<li><strong>Đơn xin visa&nbsp;</strong></li>\r\n</ol>\r\n<ol>\r\n<li><strong>Chứng minh t&agrave;i ch&iacute;nh bản gốc</strong></li>\r\n</ol>\r\n<ol>\r\n<li><strong>Hợp đồng lao động bản gốc + 01 bản photo</strong>&nbsp;(bản gốc để đối chiếu rồi trả lại)</li>\r\n</ol>\r\n<ol>\r\n<li><strong>Đơn xin nghỉ ph&eacute;p c&oacute; dấu đỏ bản gốc&nbsp;</strong></li>\r\n<li><strong>Booking m&aacute;y bay/ t&agrave;u xe&nbsp;</strong></li>\r\n</ol>\r\n<ol start=\"11\">\r\n<li><strong>Booking kh&aacute;ch sạn&nbsp;</strong></li>\r\n</ol>\r\n<p>&nbsp;</p>\r\n<p>Thứ ba, lệ ph&iacute; l&agrave;m visa Trung Quốc l&agrave; bao nhi&ecirc;u?</p>\r\n<ul>\r\n<li>Loại visa 3 th&aacute;ng 1 lần:&nbsp;<strong>90&nbsp;USD</strong></li>\r\n<li>Loại visa 3 th&aacute;ng 2 lần:&nbsp;<strong>140&nbsp;USD</strong></li>\r\n<li>Loại visa 6 th&aacute;ng nhiều lần:&nbsp;<strong>250&nbsp;USD</strong></li>\r\n<li>Loại visa 1 năm nhiều lần:&nbsp;<strong>350&nbsp;USD</strong></li>\r\n</ul>\r\n<p><strong>(Gi&aacute; mang t&iacute;nh chất tham khảo)</strong></p>\r\n<p>Thứ tư, bao l&acirc;u kể từ khi apply visa th&igrave; bạn nhận được visa?</p>\r\n<p>Th&ocirc;ng thường, sau khoảng thời gian từ 4 &ndash; 6 ng&agrave;y l&agrave;m việc l&agrave; bạn c&oacute; thể nhận được visa. Trong trường hợp cần gấp, bạn c&oacute; thể xin cấp visa khẩn. Tuy nhi&ecirc;n, bạn phải đ&oacute;ng th&ecirc;m ph&iacute; cho đại sứ qu&aacute;n.</p>\r\n<p>Với những th&ocirc;ng tin tr&ecirc;n, hi vọng qu&yacute; kh&aacute;ch sẽ th&agrave;nh c&ocirc;ng trong việc xin visa Trung Quốc v&agrave; c&oacute; chuyến đi đ&aacute;ng nhớ tới c&aacute;i n&ocirc;i của nền văn h&oacute;a phương Đ&ocirc;ng n&agrave;y!</p>\r\nNgo&agrave;i ra, Diamondtour chuy&ecirc;n cung cấp dịch vụ l&agrave;m visa đo&agrave;n du lịch Trung Quốc nhanh ch&oacute;ng, tiện lơi, kh&ocirc;ng cần chứng minh t&agrave;i ch&iacute;nh v&agrave; tỉ lệ đậu cao. Li&ecirc;n hệ với ch&uacute;ng t&ocirc;i để biết th&ecirc;m chi tiết!', 'vi');
INSERT INTO `post_lang` (`id`, `post_id`, `title`, `description`, `content`, `language`) VALUES
(22, 12, 'Chinese visa application process', 'Rất nhiều du khách muốn đi tham quan Trung Quốc và băn khoăn không biết thủ tục xin visa Trung Quốc tại Việt Nam có phức tạp không, đợi bao lâu thì được duyệt hồ sơ… Tham khảo bài viết của Diamondtour để có phương án xin visa hợp lí nhất.\r\n', '<p>Hiện tại, c&oacute; hai địa điểm sau cho qu&yacute; kh&aacute;ch apply hồ sơ xin visa:</p>\r\n<ul>\r\n<li>Ph&iacute;a Bắc: số 46 Ho&agrave;ng Diệu, Ba Đ&igrave;nh, H&agrave; Nội, chỉ nhận hồ sơ từ Đ&agrave; Nẵng trở ra Bắc</li>\r\n<li>Tại Ph&iacute;a Nam: Hai B&agrave; Trưng, Quận 3, HCM</li>\r\n</ul>\r\n<p><strong>Thời gian l&agrave;m visa:</strong>&nbsp;4 ng&agrave;y từ thứ 2 &ndash; thứ 6 kh&ocirc;ng kể ng&agrave;y nghỉ lễ Việt nam v&agrave; Trung Quốc v&agrave; c&aacute;c ng&agrave;y nghỉ cuối tuần.</p>\r\n<p>Thứ hai, hồ sơ xin visa Trung Quốc gồm những giấy tờ g&igrave;?</p>\r\n<ol>\r\n<li><strong>Hộ chiếu gốc + 02 bản photo hộ chiếu</strong></li>\r\n</ol>\r\n<p>Y&ecirc;u cầu:</p>\r\n<ul>\r\n<li>Hộ chiếu gốc c&ograve;n thời hạn 6 th&aacute;ng trở l&ecirc;n, c&ograve;n &iacute;t nhất 1 trang trống (để đ&oacute;ng dấu xuất nhập cảnh).</li>\r\n<li>Bản photo sổ hộ chiếu, trong đ&oacute; c&ograve;n &iacute;t nhất 1 trang trống (để cộp dấu xuất nhập cảnh lần đi n&agrave;y). Photo mỗi trang tr&ecirc;n 1 mặt tờ A4.</li>\r\n</ul>\r\n<ol>\r\n<li><strong>Chứng minh thư gốc + 02 bản photo</strong>&nbsp;(photo 2 mặt CMT tr&ecirc;n 1 mặt tờ A4)</li>\r\n<li><strong>Sổ hộ khẩu bản gốc + 01 bản photo</strong></li>\r\n<li><strong>02 ảnh thẻ</strong>&nbsp;k&iacute;ch thước 3.6&times;4.5cm; nền trắng; mắt nh&igrave;n thẳng; chụp trong v&ograve;ng 6 th&aacute;ng (1 ảnh d&aacute;n v&agrave;o tờ đơn xin visa, 1 ảnh dập ghim v&agrave;o b&igrave;a cuốn hộ chiếu)</li>\r\n<li><strong>Đơn xin visa&nbsp;</strong></li>\r\n</ol>\r\n<ol>\r\n<li><strong>Chứng minh t&agrave;i ch&iacute;nh bản gốc</strong></li>\r\n</ol>\r\n<ol>\r\n<li><strong>Hợp đồng lao động bản gốc + 01 bản photo</strong>&nbsp;(bản gốc để đối chiếu rồi trả lại)</li>\r\n</ol>\r\n<ol>\r\n<li><strong>Đơn xin nghỉ ph&eacute;p c&oacute; dấu đỏ bản gốc&nbsp;</strong></li>\r\n<li><strong>Booking m&aacute;y bay/ t&agrave;u xe&nbsp;</strong></li>\r\n</ol>\r\n<ol start=\"11\">\r\n<li><strong>Booking kh&aacute;ch sạn&nbsp;</strong></li>\r\n</ol>\r\n<p>&nbsp;</p>\r\n<p>Thứ ba, lệ ph&iacute; l&agrave;m visa Trung Quốc l&agrave; bao nhi&ecirc;u?</p>\r\n<ul>\r\n<li>Loại visa 3 th&aacute;ng 1 lần:&nbsp;<strong>90&nbsp;USD</strong></li>\r\n<li>Loại visa 3 th&aacute;ng 2 lần:&nbsp;<strong>140&nbsp;USD</strong></li>\r\n<li>Loại visa 6 th&aacute;ng nhiều lần:&nbsp;<strong>250&nbsp;USD</strong></li>\r\n<li>Loại visa 1 năm nhiều lần:&nbsp;<strong>350&nbsp;USD</strong></li>\r\n</ul>\r\n<p><strong>(Gi&aacute; mang t&iacute;nh chất tham khảo)</strong></p>\r\n<p>Thứ tư, bao l&acirc;u kể từ khi apply visa th&igrave; bạn nhận được visa?</p>\r\n<p>Th&ocirc;ng thường, sau khoảng thời gian từ 4 &ndash; 6 ng&agrave;y l&agrave;m việc l&agrave; bạn c&oacute; thể nhận được visa. Trong trường hợp cần gấp, bạn c&oacute; thể xin cấp visa khẩn. Tuy nhi&ecirc;n, bạn phải đ&oacute;ng th&ecirc;m ph&iacute; cho đại sứ qu&aacute;n.</p>\r\n<p>Với những th&ocirc;ng tin tr&ecirc;n, hi vọng qu&yacute; kh&aacute;ch sẽ th&agrave;nh c&ocirc;ng trong việc xin visa Trung Quốc v&agrave; c&oacute; chuyến đi đ&aacute;ng nhớ tới c&aacute;i n&ocirc;i của nền văn h&oacute;a phương Đ&ocirc;ng n&agrave;y!</p>\r\nNgo&agrave;i ra, Diamondtour chuy&ecirc;n cung cấp dịch vụ l&agrave;m visa đo&agrave;n du lịch Trung Quốc nhanh ch&oacute;ng, tiện lơi, kh&ocirc;ng cần chứng minh t&agrave;i ch&iacute;nh v&agrave; tỉ lệ đậu cao. Li&ecirc;n hệ với ch&uacute;ng t&ocirc;i để biết th&ecirc;m chi tiết!', 'en'),
(23, 13, 'Thủ tục xin visa Ấn Độ', 'Bạn đang lên kế hoạch cho một tour hành hương Ấn Độ? Bạn muốn khám phá Tứ thánh tích nhưng còn chưa biết phải chuẩn bị những gì để xin visa Ấn? Đừng lo, hãy để Diamondtour giúp bạn! ', '<p>Với mỗi tour h&agrave;nh hương Ấn Độ do Diamondtour tổ chức, qu&yacute; du kh&aacute;ch kh&ocirc;ng chỉ được tới Ấn Độ v&agrave;o những thời điểm đẹp nhất trong năm m&agrave; c&ograve;n được hưởng g&oacute;i dịch vụ trọn g&oacute;i từ book v&eacute; m&aacute;y bay, kh&aacute;ch sạn cho tới thủ tục l&agrave;m visa. Với nhiều năm kinh nghiệm xin visa du lịch, qu&yacute; du kh&aacute;ch chỉ cần cung cấp hộ chiếu, đ&oacute;ng đủ tiền &ndash; những thứ kh&aacute;c đ&atilde; c&oacute; Diamondtour lo từ A tới Z!</p>\r\n<p>C&ograve;n nếu qu&yacute; kh&aacute;ch muốn xin visa Ấn Độ tự t&uacute;c, h&atilde;y tham khảo c&aacute;c bước dưới đ&acirc;y của ch&uacute;ng t&ocirc;i:</p>\r\n<p><strong>Bước 1:&nbsp;Scan trang hộ chiếu v&agrave; chuẩn bị file ảnh mềm đề điền tờ khai online</strong></p>\r\n<ol>\r\n<li>Chuẩn bị bản scan trang hộ chiếu (<em>format PDF, k&iacute;ch cỡ: tối thiểu 10KB, tối đa 300KB</em>) v&agrave; file ảnh mềm (<em>5&times;3.5cm, format JPEG, K&iacute;ch cỡ: minimum 10KB, maximum 1MB</em>);</li>\r\n<li>Truy cập v&agrave;o website của Đại sứ qu&aacute;n Ấn Độ tại địa chỉ&nbsp;<a href=\"https://indianvisaonline.gov.in/visa/info1.jsp\">https://indianvisaonline.gov.in/visa/info1.jsp</a>.</li>\r\n<li>Chọn Regular Visa Application, điền th&ocirc;ng tin xin visa online.</li>\r\n<li>Tải l&ecirc;n bản scan hộ chiếu v&agrave; file ảnh mềm tại c&aacute;c vị tr&iacute; y&ecirc;u cầu.</li>\r\n<li>Xuất bản in k&egrave;m hồ sơ để mang tới nộp tại đại sứ qu&aacute;n Ấn Độ.</li>\r\n</ol>\r\n<p><strong>Bước 2: Nộp lệ ph&iacute; để&nbsp;</strong><a href=\"https://visana.vn/dich-vu/visa-di-an-do/visa-du-lich-cong-tac/\"><strong>l&agrave;m visa Ấn Độ</strong></a></p>\r\n<p>Sau khi điền xong v&agrave; nộp tờ khai xin visa Ấn Độ online, bạn sẽ nhận được một m&atilde; code để thanh to&aacute;n ph&iacute; visa. Nhiệm vụ của bạn l&agrave; in m&atilde; code n&agrave;y v&agrave; tới ng&acirc;n h&agrave;ng đ&atilde; được Đại sứ qu&aacute;n ghi r&otilde; để nộp lệ ph&iacute; visa.&nbsp;</p>\r\n<p><strong>Bước 3: Chuẩn bị v&agrave; nộp hồ sơ l&agrave;m visa Ấn Độ</strong></p>\r\n<p>Sau khi thanh to&aacute;n xong, bạn sẽ nhận được một email từ Đại sứ qu&aacute;n th&ocirc;ng b&aacute;o đ&atilde; nhận được ph&iacute; visa của bạn.</p>\r\n<p>Sau đ&oacute;, bạn h&atilde;y đến Đại sứ qu&aacute;n (hoặc Tổng l&atilde;nh sự) để nộp bộ hồ sơ bao gồm:</p>\r\n<ol>\r\n<li>Hộ chiếu gốc (c&ograve;n hiệu lực &iacute;t nhất 6 th&aacute;ng t&iacute;nh từ ng&agrave;y nhập cảnh Ấn Độ v&agrave; c&ograve;n &iacute;t nhất 2 trang trống);</li>\r\n<li>02 ảnh 3,5*3,5cm (nền trắng, mới chụp);</li>\r\n<li>Tờ khai xin visa Ấn Độ (điền online v&agrave; in ra);</li>\r\n<li>Photo Chứng minh thư hoặc Thẻ căn cước;</li>\r\n</ol>\r\n<p><strong>Địa chỉ Đại sứ qu&aacute;n Ấn Độ ở H&agrave; Nội:</strong>&nbsp;58-60 Trần Hưng Đạo, Ho&agrave;n Kiếm, H&agrave; Nội</p>\r\n<p>Tel: 04 3824 4989 ; Thời gian l&agrave;m việc: 9:30 &ndash; 12:30.</p>\r\n<p>Đại sứ qu&aacute;n Ấn Độ tại H&agrave; Nội chỉ thu hồ sơ của những người c&oacute; hộ khẩu từ Đ&agrave; Nẵng đổ ra, hoặc những người c&oacute; giấy tờ chứng minh đang sinh sống, học tập hoặc l&agrave;m việc từ Đ&agrave; Nẵng đổ ra.</p>\r\n<p><strong>Địa chỉ Tổng l&atilde;nh sự Ấn Độ tại Hồ Ch&iacute; Minh:</strong>&nbsp;55 Nguyễn Đ&igrave;nh Chiểu, 6, Quận 3, Hồ Ch&iacute; Minh</p>\r\n<p>Tel: 08 3823 7050 ; Thời gian l&agrave;m việc: 08:30 &ndash; 17:00&nbsp;</p>\r\n<p><strong>Bước 4: Nhận email th&ocirc;ng b&aacute;o kết quả visa Ấn Độ</strong></p>\r\n<p>Trong v&ograve;ng 72 tiếng kể từ thời điểm thanh to&aacute;n ph&iacute; online th&agrave;nh c&ocirc;ng, bạn sẽ nhận được email x&aacute;c nhận kết quả xin visa Ấn Độ của m&igrave;nh.</p>\r\nIn kết quả ra, v&agrave; xuất tr&igrave;nh khi nhập cảnh v&agrave;o Ấn Độ.', 'vi'),
(24, 13, 'Indian visa application process', 'Bạn đang lên kế hoạch cho một tour hành hương Ấn Độ? Bạn muốn khám phá Tứ thánh tích nhưng còn chưa biết phải chuẩn bị những gì để xin visa Ấn? Đừng lo, hãy để Diamondtour giúp bạn! ', '<p>Với mỗi tour h&agrave;nh hương Ấn Độ do Diamondtour tổ chức, qu&yacute; du kh&aacute;ch kh&ocirc;ng chỉ được tới Ấn Độ v&agrave;o những thời điểm đẹp nhất trong năm m&agrave; c&ograve;n được hưởng g&oacute;i dịch vụ trọn g&oacute;i từ book v&eacute; m&aacute;y bay, kh&aacute;ch sạn cho tới thủ tục l&agrave;m visa. Với nhiều năm kinh nghiệm xin visa du lịch, qu&yacute; du kh&aacute;ch chỉ cần cung cấp hộ chiếu, đ&oacute;ng đủ tiền &ndash; những thứ kh&aacute;c đ&atilde; c&oacute; Diamondtour lo từ A tới Z!</p>\r\n<p>C&ograve;n nếu qu&yacute; kh&aacute;ch muốn xin visa Ấn Độ tự t&uacute;c, h&atilde;y tham khảo c&aacute;c bước dưới đ&acirc;y của ch&uacute;ng t&ocirc;i:</p>\r\n<p><strong>Bước 1:&nbsp;Scan trang hộ chiếu v&agrave; chuẩn bị file ảnh mềm đề điền tờ khai online</strong></p>\r\n<ol>\r\n<li>Chuẩn bị bản scan trang hộ chiếu (<em>format PDF, k&iacute;ch cỡ: tối thiểu 10KB, tối đa 300KB</em>) v&agrave; file ảnh mềm (<em>5&times;3.5cm, format JPEG, K&iacute;ch cỡ: minimum 10KB, maximum 1MB</em>);</li>\r\n<li>Truy cập v&agrave;o website của Đại sứ qu&aacute;n Ấn Độ tại địa chỉ&nbsp;<a href=\"https://indianvisaonline.gov.in/visa/info1.jsp\">https://indianvisaonline.gov.in/visa/info1.jsp</a>.</li>\r\n<li>Chọn Regular Visa Application, điền th&ocirc;ng tin xin visa online.</li>\r\n<li>Tải l&ecirc;n bản scan hộ chiếu v&agrave; file ảnh mềm tại c&aacute;c vị tr&iacute; y&ecirc;u cầu.</li>\r\n<li>Xuất bản in k&egrave;m hồ sơ để mang tới nộp tại đại sứ qu&aacute;n Ấn Độ.</li>\r\n</ol>\r\n<p><strong>Bước 2: Nộp lệ ph&iacute; để&nbsp;</strong><a href=\"https://visana.vn/dich-vu/visa-di-an-do/visa-du-lich-cong-tac/\"><strong>l&agrave;m visa Ấn Độ</strong></a></p>\r\n<p>Sau khi điền xong v&agrave; nộp tờ khai xin visa Ấn Độ online, bạn sẽ nhận được một m&atilde; code để thanh to&aacute;n ph&iacute; visa. Nhiệm vụ của bạn l&agrave; in m&atilde; code n&agrave;y v&agrave; tới ng&acirc;n h&agrave;ng đ&atilde; được Đại sứ qu&aacute;n ghi r&otilde; để nộp lệ ph&iacute; visa.&nbsp;</p>\r\n<p><strong>Bước 3: Chuẩn bị v&agrave; nộp hồ sơ l&agrave;m visa Ấn Độ</strong></p>\r\n<p>Sau khi thanh to&aacute;n xong, bạn sẽ nhận được một email từ Đại sứ qu&aacute;n th&ocirc;ng b&aacute;o đ&atilde; nhận được ph&iacute; visa của bạn.</p>\r\n<p>Sau đ&oacute;, bạn h&atilde;y đến Đại sứ qu&aacute;n (hoặc Tổng l&atilde;nh sự) để nộp bộ hồ sơ bao gồm:</p>\r\n<ol>\r\n<li>Hộ chiếu gốc (c&ograve;n hiệu lực &iacute;t nhất 6 th&aacute;ng t&iacute;nh từ ng&agrave;y nhập cảnh Ấn Độ v&agrave; c&ograve;n &iacute;t nhất 2 trang trống);</li>\r\n<li>02 ảnh 3,5*3,5cm (nền trắng, mới chụp);</li>\r\n<li>Tờ khai xin visa Ấn Độ (điền online v&agrave; in ra);</li>\r\n<li>Photo Chứng minh thư hoặc Thẻ căn cước;</li>\r\n</ol>\r\n<p><strong>Địa chỉ Đại sứ qu&aacute;n Ấn Độ ở H&agrave; Nội:</strong>&nbsp;58-60 Trần Hưng Đạo, Ho&agrave;n Kiếm, H&agrave; Nội</p>\r\n<p>Tel: 04 3824 4989 ; Thời gian l&agrave;m việc: 9:30 &ndash; 12:30.</p>\r\n<p>Đại sứ qu&aacute;n Ấn Độ tại H&agrave; Nội chỉ thu hồ sơ của những người c&oacute; hộ khẩu từ Đ&agrave; Nẵng đổ ra, hoặc những người c&oacute; giấy tờ chứng minh đang sinh sống, học tập hoặc l&agrave;m việc từ Đ&agrave; Nẵng đổ ra.</p>\r\n<p><strong>Địa chỉ Tổng l&atilde;nh sự Ấn Độ tại Hồ Ch&iacute; Minh:</strong>&nbsp;55 Nguyễn Đ&igrave;nh Chiểu, 6, Quận 3, Hồ Ch&iacute; Minh</p>\r\n<p>Tel: 08 3823 7050 ; Thời gian l&agrave;m việc: 08:30 &ndash; 17:00&nbsp;</p>\r\n<p><strong>Bước 4: Nhận email th&ocirc;ng b&aacute;o kết quả visa Ấn Độ</strong></p>\r\n<p>Trong v&ograve;ng 72 tiếng kể từ thời điểm thanh to&aacute;n ph&iacute; online th&agrave;nh c&ocirc;ng, bạn sẽ nhận được email x&aacute;c nhận kết quả xin visa Ấn Độ của m&igrave;nh.</p>\r\nIn kết quả ra, v&agrave; xuất tr&igrave;nh khi nhập cảnh v&agrave;o Ấn Độ.', 'en'),
(25, 14, 'Thủ tục xin visa Hàn Quốc', 'Bạn có mê điệu múa Ariang, mê kimpap, mê kim chi giống như Diamondtour? Nếu có, còn chần chừ gì mà không lên kế hoạch mục sở thị xứ sở kim chi Hàn Quốc chứ. Còn điều gì khiến bạn chưa lên đường vậy? Visa sao? Chuyện nhỏ!', '<p>Đến với tour du lịch H&agrave;n Quốc c&ugrave;ng với Diamondtour, tất tần tật từ những thứ to to như v&eacute; m&aacute;y bay, kh&aacute;ch sạn, nh&agrave; h&agrave;ng, visa đến những thứ nhỏ nhỏ như thuốc ti&ecirc;u h&oacute;a, &ocirc; che nắng, vỏ đựng hộ chiếu thời trang, ch&uacute;ng t&ocirc;i đều bao trọn g&oacute;i. V&agrave; v&igrave; thế, chỉ cần book tour v&agrave; gửi hộ chiếu, đội ngũ ch&uacute;ng t&ocirc;i sẽ l&agrave;m hết, l&agrave;m đủ, v&agrave; l&agrave;m tốt!</p>\r\n<p>C&ograve;n nếu bạn muốn tự trải nghiệm cảm gi&aacute;c tự apply visa, kh&ocirc;ng sao, ch&uacute;ng t&ocirc;i vẫn nhiệt t&igrave;nh hỗ trợ bạn. Tham khảo kinh nghiệm tự apply visa của ch&uacute;ng t&ocirc;i trước khi đi để tỉ lệ đậu cao hơn nh&eacute;!</p>\r\n<p>Để xin visa đi du lịch bạn đến Ph&ograve;ng L&atilde;nh sự - Đại sự qu&aacute;n H&agrave;n Quốc (tầng 7, t&ograve;a nh&agrave; Charmvit 117 Trần Duy Hưng ) tại H&agrave; Nội v&agrave; th&agrave;nh phố Hồ Ch&iacute; Minh (107 đường Nguyễn Du Quận 1) để nghe hướng dẫn v&agrave; lấy mẫu đơn.</p>\r\n<p>Những giấy tờ cần thiết khi xin visa: Hộ chiếu (c&ograve;n hạn tr&ecirc;n 6 th&aacute;ng v&agrave; c&ograve;n 2 trang để trống), đơn xin cấp visa, ảnh 3.5*4.5cm, chụp trong 3 th&aacute;ng gần nhất, mẫu đơn, giấy tờ chứng minh nghề nghiệp (hợp đồng lao động, đơn xin nghỉ ph&eacute;p c&ocirc;ng chứng), giấy tờ chứng minh t&agrave;i ch&iacute;nh (sổ tiết kiệm với số tiền &iacute;t nhất l&agrave; 100 triệu VNĐ), sổ đỏ bản ph&ocirc;t, x&aacute;c nhận mức lương v&agrave; nộp thuế thu nhập c&aacute; nh&acirc;n trong 3 th&aacute;ng gần đ&oacute;, giấy chứng nhận tham gia bảo hiểm x&atilde; hội, chứng minh thư c&ocirc;ng chứng, lịch tr&igrave;nh du lịch k&egrave;m bản dịch sang tiếng H&agrave;n hoặc Trung, x&aacute;c nhận đặt ph&ograve;ng, v&agrave; lệ ph&iacute; visa.</p>\r\n<p>Thời gian để đại sứ qu&aacute;n H&agrave;n Quốc x&eacute;t duyệt hồ sơ v&agrave; trả lời kết quả l&agrave; khoảng 8 ng&agrave;y. Thời gian trả Visa từ 14 - 16h từ thứ 2 - thứ 6 h&agrave;ng tuần trừ ng&agrave;y lễ.</p>\r\n<p>Ch&uacute;c bạn th&agrave;nh c&ocirc;ng!</p>', 'vi'),
(26, 14, 'Korean visa application process', 'Bạn có mê điệu múa Ariang, mê kimpap, mê kim chi giống như Diamondtour? Nếu có, còn chần chừ gì mà không lên kế hoạch mục sở thị xứ sở kim chi Hàn Quốc chứ. Còn điều gì khiến bạn chưa lên đường vậy? Visa sao? Chuyện nhỏ!', '<p>Đến với tour du lịch H&agrave;n Quốc c&ugrave;ng với Diamondtour, tất tần tật từ những thứ to to như v&eacute; m&aacute;y bay, kh&aacute;ch sạn, nh&agrave; h&agrave;ng, visa đến những thứ nhỏ nhỏ như thuốc ti&ecirc;u h&oacute;a, &ocirc; che nắng, vỏ đựng hộ chiếu thời trang, ch&uacute;ng t&ocirc;i đều bao trọn g&oacute;i. V&agrave; v&igrave; thế, chỉ cần book tour v&agrave; gửi hộ chiếu, đội ngũ ch&uacute;ng t&ocirc;i sẽ l&agrave;m hết, l&agrave;m đủ, v&agrave; l&agrave;m tốt!</p>\r\n<p>C&ograve;n nếu bạn muốn tự trải nghiệm cảm gi&aacute;c tự apply visa, kh&ocirc;ng sao, ch&uacute;ng t&ocirc;i vẫn nhiệt t&igrave;nh hỗ trợ bạn. Tham khảo kinh nghiệm tự apply visa của ch&uacute;ng t&ocirc;i trước khi đi để tỉ lệ đậu cao hơn nh&eacute;!</p>\r\n<p>Để xin visa đi du lịch bạn đến Ph&ograve;ng L&atilde;nh sự - Đại sự qu&aacute;n H&agrave;n Quốc (tầng 7, t&ograve;a nh&agrave; Charmvit 117 Trần Duy Hưng ) tại H&agrave; Nội v&agrave; th&agrave;nh phố Hồ Ch&iacute; Minh (107 đường Nguyễn Du Quận 1) để nghe hướng dẫn v&agrave; lấy mẫu đơn.</p>\r\n<p>Những giấy tờ cần thiết khi xin visa: Hộ chiếu (c&ograve;n hạn tr&ecirc;n 6 th&aacute;ng v&agrave; c&ograve;n 2 trang để trống), đơn xin cấp visa, ảnh 3.5*4.5cm, chụp trong 3 th&aacute;ng gần nhất, mẫu đơn, giấy tờ chứng minh nghề nghiệp (hợp đồng lao động, đơn xin nghỉ ph&eacute;p c&ocirc;ng chứng), giấy tờ chứng minh t&agrave;i ch&iacute;nh (sổ tiết kiệm với số tiền &iacute;t nhất l&agrave; 100 triệu VNĐ), sổ đỏ bản ph&ocirc;t, x&aacute;c nhận mức lương v&agrave; nộp thuế thu nhập c&aacute; nh&acirc;n trong 3 th&aacute;ng gần đ&oacute;, giấy chứng nhận tham gia bảo hiểm x&atilde; hội, chứng minh thư c&ocirc;ng chứng, lịch tr&igrave;nh du lịch k&egrave;m bản dịch sang tiếng H&agrave;n hoặc Trung, x&aacute;c nhận đặt ph&ograve;ng, v&agrave; lệ ph&iacute; visa.</p>\r\n<p>Thời gian để đại sứ qu&aacute;n H&agrave;n Quốc x&eacute;t duyệt hồ sơ v&agrave; trả lời kết quả l&agrave; khoảng 8 ng&agrave;y. Thời gian trả Visa từ 14 - 16h từ thứ 2 - thứ 6 h&agrave;ng tuần trừ ng&agrave;y lễ.</p>\r\n<p>Ch&uacute;c bạn th&agrave;nh c&ocirc;ng!</p>', 'en'),
(27, 15, ' Lorem ipsum dolor sit amet, consectetur adipiscing elit', ' Quisque gravida quam nec tortor luctus, sit amet venenatis mi commodo. Nulla tempus lectus hendrerit est maximus tincidunt. Praesent odio arcu, tristique non ex vel, aliquam iaculis orci. Etiam mollis velit at congue malesuada. Proin dolor nulla, commodo id blandit non, bibendum id magna.', 'Etiam iaculis sed nisi sed scelerisque. Sed in nulla ipsum. Donec nec lorem rutrum, elementum libero quis, gravida lacus. Aenean vitae varius odio, quis pretium neque. Mauris massa eros, accumsan vitae leo quis, sollicitudin venenatis orci. Aliquam sagittis arcu ac nibh sollicitudin molestie. Nunc vitae nunc tellus. Morbi sapien risus, faucibus ut tristique nec, interdum sit amet urna. Curabitur hendrerit a ligula et semper. In quis neque fringilla, malesuada erat sit amet, auctor est. Praesent non ultrices magna, et condimentum metus. <iframe src=\"https://www.youtube.com/embed/oo_9Y7lxQrE\" width=\"560\" height=\"315\" frameborder=\"0\" allowfullscreen=\"allowfullscreen\"></iframe>', 'vi'),
(28, 15, 'Lorem ipsum dolor sit amet, consectetur adipiscing elit ', 'Quisque gravida quam nec tortor luctus, sit amet venenatis mi commodo. Nulla tempus lectus hendrerit est maximus tincidunt. Praesent odio arcu, tristique non ex vel, aliquam iaculis orci. Etiam mollis velit at congue malesuada. Proin dolor nulla, commodo id blandit non, bibendum id magna. ', 'Etiam iaculis sed nisi sed scelerisque. Sed in nulla ipsum. Donec nec lorem rutrum, elementum libero quis, gravida lacus. Aenean vitae varius odio, quis pretium neque. Mauris massa eros, accumsan vitae leo quis, sollicitudin venenatis orci. Aliquam sagittis arcu ac nibh sollicitudin molestie. Nunc vitae nunc tellus. Morbi sapien risus, faucibus ut tristique nec, interdum sit amet urna. Curabitur hendrerit a ligula et semper. In quis neque fringilla, malesuada erat sit amet, auctor est. Praesent non ultrices magna, et condimentum metus.', 'en'),
(29, 16, 'Proin a risus in nibh egestas tincidunt.', 'Curabitur consequat condimentum placerat. Maecenas sodales risus nisl, nec placerat ipsum mattis eget. Nulla pellentesque massa vel eros ultricies, sed venenatis ligula pellentesque. Vestibulum id blandit ipsum. Quisque eget ipsum a quam consequat pellentesque. Nullam iaculis sagittis nibh, et feugiat nibh congue vitae. Maecenas non nulla maximus, sollicitudin magna at, cursus erat.', 'Vivamus convallis quam vitae mollis elementum. Sed et sapien eu nibh dapibus feugiat. Curabitur turpis arcu, finibus ut est nec, gravida sodales sapien. Integer nunc arcu, mollis non mollis vulputate, commodo a orci. Aenean eu augue ipsum. Phasellus eu augue ligula. Vivamus gravida ligula ac commodo mollis. Proin eget ex ullamcorper, auctor est ac, vestibulum est. Nam viverra iaculis neque vitae tristique. Aenean dictum tortor quis ante dapibus accumsan. Integer a purus malesuada, aliquet augue sit amet, fermentum purus.', 'vi'),
(30, 16, 'Proin a risus in nibh egestas tincidunt.', 'Curabitur consequat condimentum placerat. Maecenas sodales risus nisl, nec placerat ipsum mattis eget. Nulla pellentesque massa vel eros ultricies, sed venenatis ligula pellentesque. Vestibulum id blandit ipsum. Quisque eget ipsum a quam consequat pellentesque. Nullam iaculis sagittis nibh, et feugiat nibh congue vitae. Maecenas non nulla maximus, sollicitudin magna at, cursus erat.', 'Vivamus convallis quam vitae mollis elementum. Sed et sapien eu nibh dapibus feugiat. Curabitur turpis arcu, finibus ut est nec, gravida sodales sapien. Integer nunc arcu, mollis non mollis vulputate, commodo a orci. Aenean eu augue ipsum. Phasellus eu augue ligula. Vivamus gravida ligula ac commodo mollis. Proin eget ex ullamcorper, auctor est ac, vestibulum est. Nam viverra iaculis neque vitae tristique. Aenean dictum tortor quis ante dapibus accumsan. Integer a purus malesuada, aliquet augue sit amet, fermentum purus.', 'en');

-- --------------------------------------------------------

--
-- Cấu trúc bảng cho bảng `product`
--

CREATE TABLE `product` (
  `id` int(11) NOT NULL,
  `product_category_id` int(11) NOT NULL,
  `slug` varchar(255) COLLATE utf8mb4_unicode_ci NOT NULL,
  `avatar` text COLLATE utf8mb4_unicode_ci NOT NULL,
  `image` text COLLATE utf8mb4_unicode_ci NOT NULL,
  `is_deleted` tinyint(4) NOT NULL DEFAULT '0',
  `is_activated` tinyint(4) DEFAULT '0' COMMENT '0: active; 1:deactive',
  `dateimg` text COLLATE utf8mb4_unicode_ci,
  `vehicles` text COLLATE utf8mb4_unicode_ci,
  `price` decimal(10,0) DEFAULT NULL,
  `priceadults` decimal(10,0) NOT NULL,
  `pricechildren` decimal(10,0) NOT NULL,
  `priceinfants` decimal(10,0) NOT NULL,
  `percen` int(11) DEFAULT NULL,
  `pricepromotion` decimal(10,0) NOT NULL,
  `showpromotion` tinyint(1) NOT NULL DEFAULT '0',
  `imglocaltion` text COLLATE utf8mb4_unicode_ci,
  `localtion` text COLLATE utf8mb4_unicode_ci,
  `librarylocaltion` text COLLATE utf8mb4_unicode_ci NOT NULL,
  `date` datetime NOT NULL,
  `bestselling` tinyint(1) NOT NULL DEFAULT '0',
  `hot` tinyint(1) NOT NULL DEFAULT '0',
  `created_at` datetime NOT NULL,
  `created_by` varchar(100) COLLATE utf8mb4_unicode_ci NOT NULL,
  `updated_at` datetime NOT NULL,
  `updated_by` varchar(100) COLLATE utf8mb4_unicode_ci NOT NULL,
  `count_rating` int(11) DEFAULT NULL,
  `total_rating` int(11) DEFAULT NULL
) ENGINE=InnoDB DEFAULT CHARSET=utf8mb4 COLLATE=utf8mb4_unicode_ci;

--
-- Đang đổ dữ liệu cho bảng `product`
--

INSERT INTO `product` (`id`, `product_category_id`, `slug`, `avatar`, `image`, `is_deleted`, `is_activated`, `dateimg`, `vehicles`, `price`, `priceadults`, `pricechildren`, `priceinfants`, `percen`, `pricepromotion`, `showpromotion`, `imglocaltion`, `localtion`, `librarylocaltion`, `date`, `bestselling`, `hot`, `created_at`, `created_by`, `updated_at`, `updated_by`, `count_rating`, `total_rating`) VALUES
(1, 4, 'chuong-trinh-du-xuan-dau-nam-bai-dinh---trang-an', '', '2678b3e783322c371bc8357d40cd989d.jpg', 0, 1, '[\"c478c98a1c8e4b13b0a15fc66504d464.jpg\"]', '[\"5\"]', '2000000', '100', '85', '30', 0, '0', 0, 'c37a5462ee9f5b5f7d2181ba6a00da90.jpg', 'Hà Nội, Ninh Bình', '[\"\"]', '1970-01-01 08:00:00', 1, 0, '2018-07-07 21:15:50', 'administrator', '2018-07-07 21:15:50', 'administrator', NULL, NULL),
(2, 4, 'chuong-trinh-du-xuan-dau-nam-bai-dinh---trang-an-1', '', '07a1e4956bf88dc889e24c9d275c7fe5.jpg', 0, 0, '[\"1043d1e29aced86f41a2a963ddafb24a.jpg\"]', '[\"2\"]', '2000000', '100', '85', '30', 0, '0', 0, 'b6c1eb8cd4b768d20d38e7e38df1ff83.jpg', 'Hà Nội, Ninh Bình', '[\"\"]', '2018-06-01 00:00:00', 0, 1, '2018-06-28 13:53:37', 'administrator', '2018-06-28 13:53:37', 'administrator', 1, 4),
(3, 22, 'chuong-trinh-du-lich-ket-hop-chiem-bai-danh-tu-phat-giao-dai-loan-5-ngay-4-dem', '', '7076d26c1cd0adb724ec6db79222068c.jpg', 0, 0, '[\"2383dfe52bd73c236764f36545a660df.jpg\",\"dd75ebbf53cfbc4eec586fb02f46bb5e.jpg\",\"d0423d1c6e2ca5d7782b69db8f42ab56.jpg\",\"c1a3478fdd77fc882223038fa0215af3.jpg\",\"0455b4e3f405e3a6f32e22d03d0e95e8.jpg\"]', '[\"2\",\"5\",\"5\",\"5\",\"2\"]', '8000000', '100', '85', '30', 0, '0', 0, 'bdc23bdb844551de139659a9403d2f9e.jpg', 'Hà Nội, Đảo Viên, Đài Bắc, Đài Trung, Gia Nghĩa, Cao Hùng', '[\"1,2,3\",\"4,5,6\",\"7\",\"8,9,10\",\"11,12\"]', '2018-06-01 00:00:00', 0, 0, '2018-07-09 15:46:53', 'administrator', '2018-07-09 15:46:53', 'administrator', NULL, NULL),
(4, 26, 'du-lich-kham-pha-quan-lan-3-ngay-2-dem', '', '5c0b93a2339be66a9a58c2663f9e2646.jpg', 0, 0, '[\"a70bc358bf1fc72bb934f554a7f58ef3.jpg\",\"284ab572d23eb61f0b88e34359d5f9a7.jpg\",\"0836410cb3c527344d64bdabd412e123.jpg\"]', '[\"3\",\"5\",\"5\"]', '9000000', '100', '85', '30', 0, '0', 0, '9bcec7ad5ef844cf55ed90ef64be1406.jpg', 'Hà Nội, Vân Đồn, Quan Lạn', '[\"13\",\"14,15\",\"\"]', '2018-06-02 00:00:00', 0, 0, '2018-07-09 15:45:59', 'administrator', '2018-07-09 15:45:59', 'administrator', NULL, NULL),
(5, 27, 'du-lich-kham-pha-quang-binh-4-ngay-3-dem', '', '777e92f367c644fdf5892048fb87fee3.jpg', 0, 0, '[\"ba16816efb174670a08fe0be37f02928.jpg\",\"3a5eef8fc258b095f902cd3d2648b17b.jpg\",\"fea3f4c7f063b8eab74c62f3adf9a0c6.jpg\",\"9eb4acab1dd1576c9141e599ee777890.jpg\"]', '[\"2\",\"5\",\"5\",\"2\"]', '6000000', '100', '85', '30', 0, '0', 0, 'd522d63ab800119e33a4b74716f5bcc0.jpg', 'Hà Nội, Đồng Hới, Quảng Bình', '[\"\",\"\",\"\",\"\"]', '2018-06-15 00:00:00', 0, 0, '2018-07-09 15:45:07', 'administrator', '2018-07-09 15:45:07', 'administrator', 2, 8),
(6, 25, 'chuong-trinh-kham-pha-tay-tang-tham-du-le-hoi-shoton-9-ngay-8-dem', '', '51cc06081d785316378702b6027130b0.jpg', 0, 0, '[\"6bd84df85148e076b1601b52eb622e67.jpg\",\"13098a047e6e24f1e066005184fda0ed.jpg\",\"42e8d61d18db175d124ce04893f08a25.jpg\",\"28273194ee0d468b512bbf975d2e167d.jpg\",\"de655edbe7f2d675260344c3959be8f4.jpg\",\"2633b3d23e9bd4313e8a6b3bfa80dfe0.jpg\",\"36c83ab9c3857e56805710b3632cd2b1.jpg\",\"3388c3e04434932f7afec247b5d8478a.jpg\",\"55566c9d93ed16d47422634c4d7c891e.jpg\"]', '[\"2\",\"4\",\"5\",\"5\",\"5\",\"5\",\"5\",\"2\",\"5\"]', '9000000', '100', '85', '30', 0, '0', 0, '3fc866c232a85276dc6ee6abcebb1620.jpg', 'Tây Ninh, LHASA, DREPUNG, NORBULINGKA, SERA, SHIGATSE, Nam Ninh, Hữu Nghị Quan, Hà Nội', '[\"\",\"26,27\",\"\",\"28,29\",\"30,31,32\",\"33,34,35\",\"36\",\"\",\"\"]', '2018-06-20 00:00:00', 1, 0, '2018-07-09 15:43:45', 'administrator', '2018-07-09 15:43:45', 'administrator', 3, 11),
(7, 24, 'ha-noi-truong-gia-gioi', '', '7e82b67f746f03249b4d10210b563704.jpg', 0, 0, '[\"9ba07033562b27009fdd1f2274a81cff.jpg\",\"bfc98fa6119f8c6f143295b0ca9e975f.jpg\",\"c87bb6a5572e9151c2e958073c683c44.jpg\",\"dcf24926039250f36dbdb0c1a31a71c1.jpg\",\"ca80fc40d5c9dd96db866241619905ca.jpg\"]', '[\"2\",\"5\",\"5\",\"5\",\"2\"]', '8000000', '100', '85', '30', 0, '0', 0, '0f5f10c727f25097083af96f806214c3.jpg', 'Hà Nội, Trương Gia GIới, Vũ Lăng Nguyên, Phượng Hoàng Cổ Trấn', '[\"37\",\"38,39,40,41\",\"42,43\",\"44\",\"45,46,47\"]', '2018-06-13 00:00:00', 0, 1, '2018-07-09 15:42:12', 'administrator', '2018-07-09 15:42:12', 'administrator', NULL, NULL),
(8, 23, 'kham-pha-xu-so-chua-vang-thai-lan-4-ngay-3-dem', '', '5dd8eedb437c8f9f7312c4bb3ede541d.jpg', 0, 0, '[\"0559193a9e260b0d9e12399e511f6dfe.jpg\",\"d53e40138ee979de92244eb164450bf0.jpg\",\"82593c4b67ebbf825e308f2642444be7.jpg\",\"23ac0a1ccf54d933b6092c00094be0a6.jpg\"]', '[\"2\",\"3\",\"5\",\"2\"]', '8000000', '100', '85', '30', 0, '0', 0, '9a1b8e0b06110b15a6970cf50e4bcda3.jpg', 'Hà Nội, Bangkok, Pattaya, Đảo Coral', '[\"48\",\"49,50\",\"51\",\"52,53\"]', '2018-06-22 00:00:00', 0, 0, '2018-07-09 15:41:19', 'administrator', '2018-07-09 15:41:19', 'administrator', NULL, NULL),
(9, 28, 'where-does-it-come-from-contrary-to-popular-belief-lorem-ipsum-is-not-simply-random-text', '', '39627d45df956864405e9f740d2400b9.jpg', 0, 0, '[\"2d41d9b2865ed48d097e69b518b7c713.jpg\"]', '[\"2\"]', '10000000', '100', '85', '30', 30, '7000000', 1, '2864cb795573268a3423d0cc5d540f0b.png', '', '[\"29\"]', '2018-07-13 00:00:00', 0, 1, '2018-07-16 16:49:24', 'administrator', '2018-07-16 16:49:24', 'administrator', NULL, NULL),
(10, 4, 'where-does-it-come-from-contrary-to-popular-belief-lorem-ipsum-is-not-simply-random-text-1', '', '4289bffb25b72dd43cd3b65340476d09.jpg', 1, 0, '[\"a366229d032218a20977cef91d8e0f1a.png\"]', '[\"2\"]', '1000000', '100', '85', '30', 0, '0', 0, '088015e7e5ecc3718fa0d27533b42602.png', '', '[\"29\"]', '2018-07-13 00:00:00', 0, 0, '2018-07-06 15:14:46', 'administrator', '2018-07-06 15:14:46', 'administrator', NULL, NULL),
(11, 4, 'where-does-it-come-from-contrary-to-popular-belief-lorem-ipsum-is-not-simply-random-text-2', '', '4de659619a24f9f12aa3b43a7388cc2b.jpg', 1, 0, '[\"53edb6e25c944c264d2480aee7b4cbb3.png\"]', '[\"2\"]', '1000000', '100', '85', '30', 0, '0', 0, '198287c758aa50fef896ae4e868e6850.png', '', '[\"29\"]', '2018-07-13 00:00:00', 1, 1, '2018-07-06 15:14:46', 'administrator', '2018-07-06 15:14:46', 'administrator', NULL, NULL),
(12, 4, 'where-does-it-come-from-contrary-to-popular-belief-lorem-ipsum-is-not-simply-random-text-3', '', 'dda78eefc4041ae072debdd934411d18.jpg', 1, 0, '[\"c5831732b3f83dbb3132aa0bd41691cb.png\"]', '[\"2\"]', '1000000', '100', '85', '30', 0, '0', 0, '7b449d46c6775dcd2265d2ade7606e8b.png', '', '[\"29\"]', '2018-07-13 00:00:00', 0, 0, '2018-07-06 15:14:46', 'administrator', '2018-07-06 15:14:46', 'administrator', NULL, NULL),
(13, 10, 'lorem-ipsum-dolor-sit-amet-consectetur-adipiscing-elit-pellentesque-vitae-venenatis-lacus-sodales-suscipit-metus', '', '2b73a94ad3a081b8f7825b29da2cbb21.jpg', 0, 0, '[\"4393c82ee218536e6ef76bc94119eae9.jpg\"]', '[\"2\"]', '10000000', '100', '85', '30', 0, '0', 0, '9060e04fd7c01887b23a2aab44a54f2a.jpg', 'Italy', '[\"28,29\"]', '2018-07-26 00:00:00', 0, 1, '2018-07-07 17:31:20', 'administrator', '2018-07-07 17:31:20', 'administrator', NULL, NULL),
(14, 11, 'integer-eget-arcu-ac-metus-luctus-finibus', '', '7e6cf4fadd8c37e9b91c925ca1452fce.jpg', 0, 0, '[\"7f446034950481f674f039a39c43f616.jpg\"]', '[\"1\"]', '20000000', '100', '85', '35', 0, '0', 0, '69a8bd7ee1a041d539abbf53607568b1.jpg', 'Chau My', '[\"37,38\"]', '2018-07-27 00:00:00', 1, 0, '2018-07-07 17:32:27', 'administrator', '2018-07-07 17:32:27', 'administrator', NULL, NULL),
(15, 12, 'lorem-ipsum-dolor-sit-amet-consectetur-adipiscing-elit-integer-at-magna-rutrum', '', '787be76fca90c1d524f1a27caf0b021e.jpg', 0, 0, '[\"55b3c69d8a7cd796ec95b9c4fb2c3ade.jpg\"]', '[\"1\"]', '30000000', '100', '85', '35', 0, '0', 0, 'be56b252f13b628c8ae0f479c17549a4.jpg', 'Chau phi', '[\"11,12\"]', '2018-07-28 00:00:00', 0, 0, '2018-07-07 17:34:18', 'administrator', '2018-07-07 17:34:18', 'administrator', NULL, NULL),
(16, 13, 'lorem-ipsum-dolor-sit-amet-consectetur-adipiscing-elit', '', '9135f460e8b5a07bc5c4e5e811a2d691.jpg', 0, 0, '[\"f5eb3ee3d273c41e30f9403fceab8159.jpg\",\"76df0455f421e5690953df38b370ca23.jpg\"]', '[\"2\",\"5\"]', '350000000', '100', '85', '35', 0, '0', 0, 'c76a8b7b2485e90699fdbdca3b0f9835.jpg', 'Chau Uc', '[\"2,3\",\"4,5\"]', '2018-07-29 00:00:00', 1, 1, '2018-07-16 16:11:36', 'administrator', '2018-07-16 16:11:36', 'administrator', NULL, NULL),
(17, 29, 'lorem-ipsum', '', '277a76d9aba55033ecdf3db4ef812c81.jpg', 0, 0, '[\"0ab6c193c2a8a24e6d47249749b3baf3.jpg\"]', '[\"4\"]', '5000000', '100', '85', '34', 0, '0', 0, 'd1ec74a52d440e5e67edfffab10a89d2.jpg', 'Ho Chi Minh', '[\"13\"]', '2018-07-27 00:00:00', 0, 0, '2018-07-07 16:49:49', 'administrator', '2018-07-07 16:49:49', 'administrator', 1, 3),
(18, 3, 'lorem-ipsum-dolor-sit-amet', '', '2f54696a674d54873df2d130e85ae95c.jpg', 0, 0, '[\"404b64b7caac3a0ed37b66922e94b075.jpg\"]', '[\"2\"]', '70000000', '100', '85', '35', 0, '0', 0, 'd5bd121311dead2a3a59e0ee16c2a22c.jpg', 'Paris', '[\"12\"]', '2018-08-01 00:00:00', 0, 0, '2018-07-07 17:44:49', 'administrator', '2018-07-07 17:44:49', 'administrator', NULL, NULL),
(19, 3, 'quisque-volutpat-hendrerit-est', '', '3016bdd4331459bcc5c42d3b9f4a8608.jpg', 0, 0, '[\"f7400ded7640c9b635fdd94af26ba19c.jpg\"]', '[\"5\"]', '6500000', '100', '85', '35', 0, '0', 0, '9bf8e1aae9ed80a84dd352fe725a03ca.jpg', 'Ha Long', '[\"17\"]', '2018-08-04 00:00:00', 0, 0, '2018-07-07 18:05:45', 'administrator', '2018-07-07 18:05:45', 'administrator', 1, 4),
(20, 3, 'sed-in-mi-in-ligula-semper-gravida-in-eget-neque', '', 'fa0b6614799b4dbfe8f69c09e7dd2daf.jpg', 0, 0, '[\"e951f979c763554b52cff85289c9f95e.jpg\"]', '[\"2\"]', '4700000', '100', '85', '35', 0, '0', 0, 'ab2bc84557af80855fed5ab5f386b724.jpg', 'Thai Land', '[\"51\"]', '2018-08-03 00:00:00', 0, 0, '2018-07-07 18:09:13', 'administrator', '2018-07-07 18:09:13', 'administrator', NULL, NULL),
(21, 30, 'sed-in-mi-in-ligula-semper-gravida-in-eget-neque-1', '', '27dc2947c288923713d4726c55a5a878.jpg', 0, 0, '[\"b3381499372fc3e4a0a85405f87b1920.jpg\"]', '[\"5\"]', '7000000', '100', '85', '35', 10, '6300000', 0, 'fa048f695b5fd866450fe77cd1439c90.jpg', 'Thai Land', '[\"49,50\"]', '2018-08-03 00:00:00', 1, 0, '2018-07-25 22:54:40', 'administrator', '2018-07-25 22:54:40', 'administrator', NULL, NULL),
(22, 28, 'qud', '', '', 0, 0, '[\"\"]', '[\"2\"]', '0', '0', '0', '0', 0, '0', 0, NULL, '', '[\"37,38,39,40,41,42\"]', '0000-00-00 00:00:00', 0, 0, '2018-07-28 00:03:36', 'administrator', '2018-07-28 00:03:36', 'administrator', NULL, NULL);

-- --------------------------------------------------------

--
-- Cấu trúc bảng cho bảng `product_category`
--

CREATE TABLE `product_category` (
  `id` int(11) NOT NULL,
  `slug` varchar(255) COLLATE utf8mb4_unicode_ci NOT NULL,
  `parent_id` int(11) NOT NULL,
  `is_deleted` tinyint(4) NOT NULL DEFAULT '0',
  `created_at` datetime NOT NULL,
  `created_by` varchar(100) COLLATE utf8mb4_unicode_ci NOT NULL,
  `updated_at` datetime NOT NULL,
  `updated_by` varchar(100) COLLATE utf8mb4_unicode_ci NOT NULL,
  `project` varchar(255) COLLATE utf8mb4_unicode_ci NOT NULL,
  `image` text COLLATE utf8mb4_unicode_ci,
  `sort` tinyint(4) DEFAULT NULL,
  `is_activated` tinyint(4) DEFAULT '0' COMMENT '0: active; 1: deactive'
) ENGINE=InnoDB DEFAULT CHARSET=utf8mb4 COLLATE=utf8mb4_unicode_ci;

--
-- Đang đổ dữ liệu cho bảng `product_category`
--

INSERT INTO `product_category` (`id`, `slug`, `parent_id`, `is_deleted`, `created_at`, `created_by`, `updated_at`, `updated_by`, `project`, `image`, `sort`, `is_activated`) VALUES
(1, 'tour-trong-nuoc', 0, 0, '2018-07-19 09:41:47', 'administrator', '2018-07-19 09:41:47', 'administrator', '', '[\"084ea08c34dba808d0b2193e59da1204.jpg\",\"cd1da68577e1ed502143fb3f6f60ae3b.jpg\",\"02f991c1b92f202614eea3f215932103.jpg\"]', NULL, 0),
(2, 'tour-nuoc-ngoai', 0, 0, '2018-07-07 16:29:23', 'administrator', '2018-07-07 16:29:23', 'administrator', '', '[\"d70028057be988f3bfb01f8247b28b2f.jpg\"]', NULL, 0),
(3, 'tour-dac-biet', 0, 0, '2018-07-07 17:41:30', 'administrator', '2018-07-07 17:41:30', 'administrator', '', '[\"abac7aa22b93c53cbd0313b6c18fbc0a.jpg\"]', NULL, 0),
(4, 'hanh-huong', 1, 0, '2018-07-07 16:20:40', 'administrator', '2018-07-07 16:20:40', 'administrator', '', '[\"4aacd4f324ec1cde1b12dd3dd7aa2a18.jpg\"]', NULL, 0),
(5, 'mien-bac', 1, 0, '2018-07-07 16:21:23', 'administrator', '2018-07-07 16:21:23', 'administrator', '', '[\"d87c7bf74c0083c967fcea0e706add92.jpg\"]', NULL, 0),
(6, 'mien-nam', 1, 0, '2018-07-07 16:22:21', 'administrator', '2018-07-07 16:22:21', 'administrator', '', '[\"0d35abdbff6ddf0f88e30bcebce11457.jpg\"]', NULL, 0),
(7, 'mien-trung', 1, 0, '2018-07-07 16:23:54', 'administrator', '2018-07-07 16:23:54', 'administrator', '', '[\"5043c5644deff1b49fa0f0728bb876bd.jpg\"]', NULL, 0),
(8, 'hanh-huong-1', 2, 0, '2018-07-07 16:30:01', 'administrator', '2018-07-07 16:30:01', 'administrator', '', '[\"b67de5df1f20422b506f8b3cb3685296.jpg\"]', 5, 0),
(9, 'chau-a', 2, 1, '2018-07-12 15:35:56', 'administrator', '2018-07-12 15:35:56', 'administrator', '', '[\"5c64d065e03f060ba48c4ea6eeb0e6f7.jpg\"]', NULL, 1),
(10, 'chau-au', 2, 0, '2018-07-07 16:32:37', 'administrator', '2018-07-07 16:32:37', 'administrator', '', '[\"b1689420a9f2ee6c5237da132d9b8b66.jpg\"]', NULL, 0),
(11, 'chau-mi', 2, 0, '2018-07-07 16:33:51', 'administrator', '2018-07-07 16:33:51', 'administrator', '', '[\"2d9afc595041689ea24d5f78522f650e.jpg\"]', NULL, 0),
(12, 'chau-phi', 2, 0, '2018-07-07 17:37:16', 'administrator', '2018-07-07 17:37:16', 'administrator', '', '[\"ec565771c90cd38cc1036427d00030af.jpg\"]', NULL, 0),
(13, 'chau-uc', 2, 0, '2018-07-07 17:38:01', 'administrator', '2018-07-07 17:38:01', 'administrator', '', '[\"bb8b335f428e3148a88212211432d480.jpg\"]', NULL, 0),
(14, 'an-do', 8, 0, '2018-07-07 16:56:37', 'administrator', '2018-07-07 16:56:37', 'administrator', '', '[\"bfa1447a67d4c058ae98182554fbee87.jpg\"]', NULL, 0),
(15, 'kim-cuong-thua', 8, 0, '2018-07-07 16:57:46', 'administrator', '2018-07-07 16:57:46', 'administrator', '', '[\"1923649f01b9de11168f7a9235d81bd2.jpg\"]', NULL, 0),
(16, 'pali', 8, 0, '2018-07-07 17:00:37', 'administrator', '2018-07-07 17:00:37', 'administrator', '', '[\"4c6a6391cd3da2eadeb8f6fc7accd4be.jpg\"]', NULL, 0),
(17, 'dong-bac-a', 2, 0, '2018-07-12 15:23:13', 'administrator', '2018-07-12 15:23:13', 'administrator', '', '[\"ad4b357f680151b4aeba9f83e9985291.jpg\"]', 3, 0),
(18, 'dong-nam-a', 2, 0, '2018-07-12 15:23:46', 'administrator', '2018-07-12 15:23:46', 'administrator', '', '[\"9976539c251127432b501997c20b7d72.jpg\"]', 4, 0),
(19, 'tay-nam-a', 2, 0, '2018-07-12 15:24:58', 'administrator', '2018-07-12 15:24:58', 'administrator', '', '[\"052f99e3c7e7bd1ccf742d873a8eaf3b.jpg\"]', 2, 0),
(20, 'nam-a', 2, 0, '2018-07-12 15:25:21', 'administrator', '2018-07-12 15:25:21', 'administrator', '', '[\"5d059b8745f557be62e19a1b3fa84626.jpg\"]', 1, 0),
(21, 'trung-quoc', 17, 0, '2018-07-12 15:35:37', 'administrator', '2018-07-12 15:35:37', 'administrator', '', '[\"b6be3e925e0aaa85a60dc8a5bd9e6897.jpg\"]', NULL, 0),
(22, 'dai-loan', 17, 0, '2018-07-07 17:09:02', 'administrator', '2018-07-07 17:09:02', 'administrator', '', '[\"d7f99017ab8bf2c76377aa2c5a56514e.jpg\"]', NULL, 0),
(23, 'thai-lan', 18, 0, '2018-07-07 17:10:05', 'administrator', '2018-07-07 17:10:05', 'administrator', '', '[\"b4e4fc4c35c4c98f90a09f34c961b1c4.jpg\"]', NULL, 0),
(24, 'phuong-hoang-co-tran', 21, 0, '2018-07-07 17:12:12', 'administrator', '2018-07-07 17:12:12', 'administrator', '', '[\"ffae88897fd110e6719b0c0b3752fc2e.jpg\"]', NULL, 0),
(25, 'tay-tang', 21, 0, '2018-07-07 17:12:57', 'administrator', '2018-07-07 17:12:57', 'administrator', '', '[\"209546ac9bba8f456a5f2df9c0634bb7.jpg\"]', NULL, 0),
(26, 'quan-lan', 5, 0, '2018-07-07 16:25:46', 'administrator', '2018-07-07 16:25:46', 'administrator', '', '0b97a6f93e54612fe5891de1489b005b.jpg', NULL, 0),
(27, 'quang-binh', 7, 0, '2018-07-07 16:26:30', 'administrator', '2018-07-07 16:26:30', 'administrator', '', 'a29e7f479f20fae323c451d2faff6bea.jpg', NULL, 0),
(28, 'lorem-ipsum', 4, 0, '2018-07-07 16:27:16', 'administrator', '2018-07-07 16:27:16', 'administrator', '', 'f269d872d3db7de6a6bdf03a3823eee2.jpg', NULL, 0),
(29, 'lorem-ipsum-1', 6, 0, '2018-07-07 16:26:17', 'administrator', '2018-07-07 16:26:17', 'administrator', '', '488e8d0fe29d3369487e29eea22f13c5.jpg', NULL, 0),
(30, 'lorem-ipsum-2', 4, 0, '2018-07-07 21:16:59', 'administrator', '2018-07-07 21:16:59', 'administrator', '', '426bef98216dbb021ab252387ab60d8b.jpg', NULL, 0),
(31, 'asd', 1, 1, '2018-07-19 16:09:11', 'administrator', '2018-07-19 16:09:11', 'administrator', '', NULL, NULL, 0);

-- --------------------------------------------------------

--
-- Cấu trúc bảng cho bảng `product_category_lang`
--

CREATE TABLE `product_category_lang` (
  `id` int(11) NOT NULL,
  `product_category_id` int(11) NOT NULL,
  `title` varchar(255) COLLATE utf8mb4_unicode_ci NOT NULL,
  `content` text COLLATE utf8mb4_unicode_ci NOT NULL,
  `language` varchar(100) COLLATE utf8mb4_unicode_ci NOT NULL,
  `metakeywords` varchar(255) COLLATE utf8mb4_unicode_ci NOT NULL DEFAULT '',
  `metadescription` varchar(255) COLLATE utf8mb4_unicode_ci NOT NULL DEFAULT ''
) ENGINE=InnoDB DEFAULT CHARSET=utf8mb4 COLLATE=utf8mb4_unicode_ci;

--
-- Đang đổ dữ liệu cho bảng `product_category_lang`
--

INSERT INTO `product_category_lang` (`id`, `product_category_id`, `title`, `content`, `language`, `metakeywords`, `metadescription`) VALUES
(1, 1, 'Tour trong nước', '<strong>Lorem Ipsum</strong>&nbsp;chỉ đơn giản l&agrave; một đoạn văn bản giả, được d&ugrave;ng v&agrave;o việc tr&igrave;nh b&agrave;y v&agrave; d&agrave;n trang phục vụ cho in ấn. Lorem Ipsum đ&atilde; được sử dụng như một văn bản chuẩn cho ng&agrave;nh c&ocirc;ng nghiệp in ấn từ những năm 1500, khi một họa sĩ v&ocirc; danh gh&eacute;p nhiều đoạn văn bản với nhau để tạo th&agrave;nh một bản mẫu văn bản. Đoạn văn bản n&agrave;y kh&ocirc;ng những đ&atilde; tồn tại năm thế kỉ, m&agrave; khi được &aacute;p dụng v&agrave;o tin học văn ph&ograve;ng, nội dung của n&oacute; vẫn kh&ocirc;ng hề bị thay đổi. N&oacute; đ&atilde; được phổ biến trong những năm 1960 nhờ việc b&aacute;n những bản giấy Letraset in những đoạn Lorem Ipsum, v&agrave; gần đ&acirc;y hơn, được sử dụng trong c&aacute;c ứng dụng d&agrave;n trang, như Aldus PageMaker', 'vi', '           Tour trong nước', '           Tour trong nước'),
(2, 1, 'Tour Domestic', '<strong>Lorem Ipsum</strong>&nbsp;is simply dummy text of the printing and typesetting industry. Lorem Ipsum has been the industry\'s standard dummy text ever since the 1500s, when an unknown printer took a galley of type and scrambled it to make a type specimen book. It has survived not only five centuries, but also the leap into electronic typesetting, remaining essentially unchanged. It was popularised in the 1960s with the release of Letraset sheets containing Lorem Ipsum passages, and more recently with desktop publishing software like Aldus PageMaker including versions of Lorem Ipsum.', 'en', 'Tour Domestic           ', 'Tour Domestic           '),
(3, 2, 'Tour nước ngoài', '<strong>Lorem Ipsum</strong>&nbsp;chỉ đơn giản l&agrave; một đoạn văn bản giả, được d&ugrave;ng v&agrave;o việc tr&igrave;nh b&agrave;y v&agrave; d&agrave;n trang phục vụ cho in ấn. Lorem Ipsum đ&atilde; được sử dụng như một văn bản chuẩn cho ng&agrave;nh c&ocirc;ng nghiệp in ấn từ những năm 1500, khi một họa sĩ v&ocirc; danh gh&eacute;p nhiều đoạn văn bản với nhau để tạo th&agrave;nh một bản mẫu văn bản. Đoạn văn bản n&agrave;y kh&ocirc;ng những đ&atilde; tồn tại năm thế kỉ, m&agrave; khi được &aacute;p dụng v&agrave;o tin học văn ph&ograve;ng, nội dung của n&oacute; vẫn kh&ocirc;ng hề bị thay đổi. N&oacute; đ&atilde; được phổ biến trong những năm 1960 nhờ việc b&aacute;n những bản giấy Letraset in những đoạn Lorem Ipsum, v&agrave; gần đ&acirc;y hơn, được sử dụng trong c&aacute;c ứng dụng d&agrave;n trang, như Aldus PageMaker', 'vi', '  Tour nước ngoài', '  Tour nước ngoài'),
(4, 2, 'Tour international', '<strong>Lorem Ipsum</strong>&nbsp;is simply dummy text of the printing and typesetting industry. Lorem Ipsum has been the industry\'s standard dummy text ever since the 1500s, when an unknown printer took a galley of type and scrambled it to make a type specimen book. It has survived not only five centuries, but also the leap into electronic typesetting, remaining essentially unchanged. It was popularised in the 1960s with the release of Letraset sheets containing Lorem Ipsum passages, and more recently with desktop publishing software like Aldus PageMaker including versions of Lorem Ipsum.', 'en', 'Tour international  ', 'Tour international  '),
(5, 3, 'Tour đặc biệt', '<p style=\"text-align: justify;\"><strong>Lorem Ipsum</strong>&nbsp;chỉ đơn giản l&agrave; một đoạn văn bản giả, được d&ugrave;ng v&agrave;o việc tr&igrave;nh b&agrave;y v&agrave; d&agrave;n trang phục vụ cho in ấn. Lorem Ipsum đ&atilde; được sử dụng như một văn bản chuẩn cho ng&agrave;nh c&ocirc;ng nghiệp in ấn từ những năm 1500, khi một họa sĩ v&ocirc; danh gh&eacute;p nhiều đoạn văn bản với nhau để tạo th&agrave;nh một bản mẫu văn bản. Đoạn văn bản n&agrave;y kh&ocirc;ng những đ&atilde; tồn tại năm thế kỉ, m&agrave; khi được &aacute;p dụng v&agrave;o tin học văn ph&ograve;ng, nội dung của n&oacute; vẫn kh&ocirc;ng hề bị thay đổi. N&oacute; đ&atilde; được phổ biến trong những năm 1960 nhờ việc b&aacute;n những bản giấy Letraset in những đoạn Lorem Ipsum, v&agrave; gần đ&acirc;y hơn, được sử dụng trong c&aacute;c ứng dụng d&agrave;n trang, như Aldus PageMaker.</p>', 'vi', '   Tour đặc biệt', '   Tour đặc biệt'),
(6, 3, 'Special Tour', '<strong>Lorem Ipsum</strong>&nbsp;is simply dummy text of the printing and typesetting industry. Lorem Ipsum has been the industry\'s standard dummy text ever since the 1500s, when an unknown printer took a galley of type and scrambled it to make a type specimen book. It has survived not only five centuries, but also the leap into electronic typesetting, remaining essentially unchanged. It was popularised in the 1960s with the release of Letraset sheets containing Lorem Ipsum passages, and more recently with desktop publishing software like Aldus PageMaker including versions of Lorem Ipsum.', 'en', 'Special Tour   ', 'Special Tour   '),
(7, 4, 'Hành hương', '<strong>Lorem Ipsum</strong>&nbsp;chỉ đơn giản l&agrave; một đoạn văn bản giả, được d&ugrave;ng v&agrave;o việc tr&igrave;nh b&agrave;y v&agrave; d&agrave;n trang phục vụ cho in ấn. Lorem Ipsum đ&atilde; được sử dụng như một văn bản chuẩn cho ng&agrave;nh c&ocirc;ng nghiệp in ấn từ những năm 1500, khi một họa sĩ v&ocirc; danh gh&eacute;p nhiều đoạn văn bản với nhau để tạo th&agrave;nh một bản mẫu văn bản. Đoạn văn bản n&agrave;y kh&ocirc;ng những đ&atilde; tồn tại năm thế kỉ, m&agrave; khi được &aacute;p dụng v&agrave;o tin học văn ph&ograve;ng, nội dung của n&oacute; vẫn kh&ocirc;ng hề bị thay đổi. N&oacute; đ&atilde; được phổ biến trong những năm 1960 nhờ việc b&aacute;n những bản giấy Letraset in những đoạn Lorem Ipsum, v&agrave; gần đ&acirc;y hơn, được sử dụng trong c&aacute;c ứng dụng d&agrave;n trang, như Aldus PageMaker.', 'vi', '  Hành hương', '  Hành hương'),
(8, 4, 'Pilgrimage', '<strong>Lorem Ipsum</strong>&nbsp;is simply dummy text of the printing and typesetting industry. Lorem Ipsum has been the industry\'s standard dummy text ever since the 1500s, when an unknown printer took a galley of type and scrambled it to make a type specimen book. It has survived not only five centuries, but also the leap into electronic typesetting, remaining essentially unchanged. It was popularised in the 1960s with the release of Letraset sheets containing Lorem Ipsum passages, and more recently with desktop publishing software like Aldus PageMaker including versions of Lorem Ipsum.', 'en', 'Pilgrimage  ', 'Pilgrimage  '),
(9, 5, 'Miền Bắc', '<p><strong>Lorem Ipsum</strong>&nbsp;chỉ đơn giản l&agrave; một đoạn văn bản giả, được d&ugrave;ng v&agrave;o việc tr&igrave;nh b&agrave;y v&agrave; d&agrave;n trang phục vụ cho in ấn. Lorem Ipsum đ&atilde; được sử dụng như một văn bản chuẩn cho ng&agrave;nh c&ocirc;ng nghiệp in ấn từ những năm 1500, khi một họa sĩ v&ocirc; danh gh&eacute;p nhiều đoạn văn bản với nhau để tạo th&agrave;nh một bản mẫu văn bản. Đoạn văn bản n&agrave;y kh&ocirc;ng những đ&atilde; tồn tại năm thế kỉ, m&agrave; khi được &aacute;p dụng v&agrave;o tin học văn ph&ograve;ng, nội dung của n&oacute; vẫn kh&ocirc;ng hề bị thay đổi. N&oacute; đ&atilde; được phổ biến trong những năm 1960 nhờ việc b&aacute;n những bản giấy Letraset in những đoạn Lorem Ipsum, v&agrave; gần đ&acirc;y hơn, được sử dụng trong c&aacute;c ứng dụng d&agrave;n trang, như Aldus PageMaker.</p>', 'vi', '  Miền Bắc', '  Miền Bắc'),
(10, 5, 'Northern', '<p><strong>Lorem Ipsum</strong>&nbsp;is simply dummy text of the printing and typesetting industry. Lorem Ipsum has been the industry\'s standard dummy text ever since the 1500s, when an unknown printer took a galley of type and scrambled it to make a type specimen book. It has survived not only five centuries, but also the leap into electronic typesetting, remaining essentially unchanged. It was popularised in the 1960s with the release of Letraset sheets containing Lorem Ipsum passages, and more recently with desktop publishing software like Aldus PageMaker including versions of Lorem Ipsum.</p>', 'en', 'Northern  ', 'Northern  '),
(11, 6, 'Miền Nam', '<strong>Lorem Ipsum</strong>&nbsp;chỉ đơn giản l&agrave; một đoạn văn bản giả, được d&ugrave;ng v&agrave;o việc tr&igrave;nh b&agrave;y v&agrave; d&agrave;n trang phục vụ cho in ấn. Lorem Ipsum đ&atilde; được sử dụng như một văn bản chuẩn cho ng&agrave;nh c&ocirc;ng nghiệp in ấn từ những năm 1500, khi một họa sĩ v&ocirc; danh gh&eacute;p nhiều đoạn văn bản với nhau để tạo th&agrave;nh một bản mẫu văn bản. Đoạn văn bản n&agrave;y kh&ocirc;ng những đ&atilde; tồn tại năm thế kỉ, m&agrave; khi được &aacute;p dụng v&agrave;o tin học văn ph&ograve;ng, nội dung của n&oacute; vẫn kh&ocirc;ng hề bị thay đổi. N&oacute; đ&atilde; được phổ biến trong những năm 1960 nhờ việc b&aacute;n những bản giấy Letraset in những đoạn Lorem Ipsum, v&agrave; gần đ&acirc;y hơn, được sử dụng trong c&aacute;c ứng dụng d&agrave;n trang, như Aldus PageMaker.', 'vi', '  Miền Nam', '  Miền Nam'),
(12, 6, 'Southern', '<strong>Lorem Ipsum</strong>&nbsp;is simply dummy text of the printing and typesetting industry. Lorem Ipsum has been the industry\'s standard dummy text ever since the 1500s, when an unknown printer took a galley of type and scrambled it to make a type specimen book. It has survived not only five centuries, but also the leap into electronic typesetting, remaining essentially unchanged. It was popularised in the 1960s with the release of Letraset sheets containing Lorem Ipsum passages, and more recently with desktop publishing software like Aldus PageMaker including versions of Lorem Ipsum.', 'en', 'Southern  ', 'Southern  '),
(13, 7, 'Miền Trung', '<strong>Lorem Ipsum</strong>&nbsp;chỉ đơn giản l&agrave; một đoạn văn bản giả, được d&ugrave;ng v&agrave;o việc tr&igrave;nh b&agrave;y v&agrave; d&agrave;n trang phục vụ cho in ấn. Lorem Ipsum đ&atilde; được sử dụng như một văn bản chuẩn cho ng&agrave;nh c&ocirc;ng nghiệp in ấn từ những năm 1500, khi một họa sĩ v&ocirc; danh gh&eacute;p nhiều đoạn văn bản với nhau để tạo th&agrave;nh một bản mẫu văn bản. Đoạn văn bản n&agrave;y kh&ocirc;ng những đ&atilde; tồn tại năm thế kỉ, m&agrave; khi được &aacute;p dụng v&agrave;o tin học văn ph&ograve;ng, nội dung của n&oacute; vẫn kh&ocirc;ng hề bị thay đổi. N&oacute; đ&atilde; được phổ biến trong những năm 1960 nhờ việc b&aacute;n những bản giấy Letraset in những đoạn Lorem Ipsum, v&agrave; gần đ&acirc;y hơn, được sử dụng trong c&aacute;c ứng dụng d&agrave;n trang, như Aldus PageMaker.', 'vi', '  Miền Trung', '  Miền Trung'),
(14, 7, 'Central', '<strong>Lorem Ipsum</strong>&nbsp;is simply dummy text of the printing and typesetting industry. Lorem Ipsum has been the industry\'s standard dummy text ever since the 1500s, when an unknown printer took a galley of type and scrambled it to make a type specimen book. It has survived not only five centuries, but also the leap into electronic typesetting, remaining essentially unchanged. It was popularised in the 1960s with the release of Letraset sheets containing Lorem Ipsum passages, and more recently with desktop publishing software like Aldus PageMaker including versions of Lorem Ipsum.', 'en', 'Central  ', 'Central  '),
(15, 8, 'Hành Hương', '<strong>Lorem Ipsum</strong>&nbsp;chỉ đơn giản l&agrave; một đoạn văn bản giả, được d&ugrave;ng v&agrave;o việc tr&igrave;nh b&agrave;y v&agrave; d&agrave;n trang phục vụ cho in ấn. Lorem Ipsum đ&atilde; được sử dụng như một văn bản chuẩn cho ng&agrave;nh c&ocirc;ng nghiệp in ấn từ những năm 1500, khi một họa sĩ v&ocirc; danh gh&eacute;p nhiều đoạn văn bản với nhau để tạo th&agrave;nh một bản mẫu văn bản. Đoạn văn bản n&agrave;y kh&ocirc;ng những đ&atilde; tồn tại năm thế kỉ, m&agrave; khi được &aacute;p dụng v&agrave;o tin học văn ph&ograve;ng, nội dung của n&oacute; vẫn kh&ocirc;ng hề bị thay đổi. N&oacute; đ&atilde; được phổ biến trong những năm 1960 nhờ việc b&aacute;n những bản giấy Letraset in những đoạn Lorem Ipsum, v&agrave; gần đ&acirc;y hơn, được sử dụng trong c&aacute;c ứng dụng d&agrave;n trang, như Aldus PageMaker.', 'vi', '  Hành Hương', '  Hành Hương'),
(16, 8, 'Pilgrimage', '<strong>Lorem Ipsum</strong>&nbsp;is simply dummy text of the printing and typesetting industry. Lorem Ipsum has been the industry\'s standard dummy text ever since the 1500s, when an unknown printer took a galley of type and scrambled it to make a type specimen book. It has survived not only five centuries, but also the leap into electronic typesetting, remaining essentially unchanged. It was popularised in the 1960s with the release of Letraset sheets containing Lorem Ipsum passages, and more recently with desktop publishing software like Aldus PageMaker including versions of Lorem Ipsum.', 'en', 'Pilgrimage  ', 'Pilgrimage  '),
(17, 9, 'Châu Á', '<strong>Lorem Ipsum</strong>&nbsp;chỉ đơn giản l&agrave; một đoạn văn bản giả, được d&ugrave;ng v&agrave;o việc tr&igrave;nh b&agrave;y v&agrave; d&agrave;n trang phục vụ cho in ấn. Lorem Ipsum đ&atilde; được sử dụng như một văn bản chuẩn cho ng&agrave;nh c&ocirc;ng nghiệp in ấn từ những năm 1500, khi một họa sĩ v&ocirc; danh gh&eacute;p nhiều đoạn văn bản với nhau để tạo th&agrave;nh một bản mẫu văn bản. Đoạn văn bản n&agrave;y kh&ocirc;ng những đ&atilde; tồn tại năm thế kỉ, m&agrave; khi được &aacute;p dụng v&agrave;o tin học văn ph&ograve;ng, nội dung của n&oacute; vẫn kh&ocirc;ng hề bị thay đổi. N&oacute; đ&atilde; được phổ biến trong những năm 1960 nhờ việc b&aacute;n những bản giấy Letraset in những đoạn Lorem Ipsum, v&agrave; gần đ&acirc;y hơn, được sử dụng trong c&aacute;c ứng dụng d&agrave;n trang, như Aldus PageMaker.', 'vi', '  Châu Á', '  Châu Á'),
(18, 9, 'Asia', '<strong>Lorem Ipsum</strong>&nbsp;is simply dummy text of the printing and typesetting industry. Lorem Ipsum has been the industry\'s standard dummy text ever since the 1500s, when an unknown printer took a galley of type and scrambled it to make a type specimen book. It has survived not only five centuries, but also the leap into electronic typesetting, remaining essentially unchanged. It was popularised in the 1960s with the release of Letraset sheets containing Lorem Ipsum passages, and more recently with desktop publishing software like Aldus PageMaker including versions of Lorem Ipsum.', 'en', 'Asia  ', 'Asia  '),
(19, 10, 'Châu Âu', '<strong>Lorem Ipsum</strong>&nbsp;chỉ đơn giản l&agrave; một đoạn văn bản giả, được d&ugrave;ng v&agrave;o việc tr&igrave;nh b&agrave;y v&agrave; d&agrave;n trang phục vụ cho in ấn. Lorem Ipsum đ&atilde; được sử dụng như một văn bản chuẩn cho ng&agrave;nh c&ocirc;ng nghiệp in ấn từ những năm 1500, khi một họa sĩ v&ocirc; danh gh&eacute;p nhiều đoạn văn bản với nhau để tạo th&agrave;nh một bản mẫu văn bản. Đoạn văn bản n&agrave;y kh&ocirc;ng những đ&atilde; tồn tại năm thế kỉ, m&agrave; khi được &aacute;p dụng v&agrave;o tin học văn ph&ograve;ng, nội dung của n&oacute; vẫn kh&ocirc;ng hề bị thay đổi. N&oacute; đ&atilde; được phổ biến trong những năm 1960 nhờ việc b&aacute;n những bản giấy Letraset in những đoạn Lorem Ipsum, v&agrave; gần đ&acirc;y hơn, được sử dụng trong c&aacute;c ứng dụng d&agrave;n trang, như Aldus PageMaker.', 'vi', '  Châu Âu', '  Châu Âu'),
(20, 10, 'Europe', '<strong>Lorem Ipsum</strong>&nbsp;is simply dummy text of the printing and typesetting industry. Lorem Ipsum has been the industry\'s standard dummy text ever since the 1500s, when an unknown printer took a galley of type and scrambled it to make a type specimen book. It has survived not only five centuries, but also the leap into electronic typesetting, remaining essentially unchanged. It was popularised in the 1960s with the release of Letraset sheets containing Lorem Ipsum passages, and more recently with desktop publishing software like Aldus PageMaker including versions of Lorem Ipsum.', 'en', 'Europe  ', 'Europe  '),
(21, 11, 'Châu Mĩ', '<strong>Lorem Ipsum</strong>&nbsp;chỉ đơn giản l&agrave; một đoạn văn bản giả, được d&ugrave;ng v&agrave;o việc tr&igrave;nh b&agrave;y v&agrave; d&agrave;n trang phục vụ cho in ấn. Lorem Ipsum đ&atilde; được sử dụng như một văn bản chuẩn cho ng&agrave;nh c&ocirc;ng nghiệp in ấn từ những năm 1500, khi một họa sĩ v&ocirc; danh gh&eacute;p nhiều đoạn văn bản với nhau để tạo th&agrave;nh một bản mẫu văn bản. Đoạn văn bản n&agrave;y kh&ocirc;ng những đ&atilde; tồn tại năm thế kỉ, m&agrave; khi được &aacute;p dụng v&agrave;o tin học văn ph&ograve;ng, nội dung của n&oacute; vẫn kh&ocirc;ng hề bị thay đổi. N&oacute; đ&atilde; được phổ biến trong những năm 1960 nhờ việc b&aacute;n những bản giấy Letraset in những đoạn Lorem Ipsum, v&agrave; gần đ&acirc;y hơn, được sử dụng trong c&aacute;c ứng dụng d&agrave;n trang, như Aldus PageMaker.', 'vi', '  Châu Mĩ', '  Châu Mĩ'),
(22, 11, 'America', '<strong>Lorem Ipsum</strong>&nbsp;is simply dummy text of the printing and typesetting industry. Lorem Ipsum has been the industry\'s standard dummy text ever since the 1500s, when an unknown printer took a galley of type and scrambled it to make a type specimen book. It has survived not only five centuries, but also the leap into electronic typesetting, remaining essentially unchanged. It was popularised in the 1960s with the release of Letraset sheets containing Lorem Ipsum passages, and more recently with desktop publishing software like Aldus PageMaker including versions of Lorem Ipsum.', 'en', ' America  ', ' America  '),
(23, 12, 'Châu Phi', '<strong>Lorem Ipsum</strong>&nbsp;chỉ đơn giản l&agrave; một đoạn văn bản giả, được d&ugrave;ng v&agrave;o việc tr&igrave;nh b&agrave;y v&agrave; d&agrave;n trang phục vụ cho in ấn. Lorem Ipsum đ&atilde; được sử dụng như một văn bản chuẩn cho ng&agrave;nh c&ocirc;ng nghiệp in ấn từ những năm 1500, khi một họa sĩ v&ocirc; danh gh&eacute;p nhiều đoạn văn bản với nhau để tạo th&agrave;nh một bản mẫu văn bản. Đoạn văn bản n&agrave;y kh&ocirc;ng những đ&atilde; tồn tại năm thế kỉ, m&agrave; khi được &aacute;p dụng v&agrave;o tin học văn ph&ograve;ng, nội dung của n&oacute; vẫn kh&ocirc;ng hề bị thay đổi. N&oacute; đ&atilde; được phổ biến trong những năm 1960 nhờ việc b&aacute;n những bản giấy Letraset in những đoạn Lorem Ipsum, v&agrave; gần đ&acirc;y hơn, được sử dụng trong c&aacute;c ứng dụng d&agrave;n trang, như Aldus PageMaker.', 'vi', '   Châu Phi', '   Châu Phi'),
(24, 12, 'Africa', '<strong>Lorem Ipsum</strong>&nbsp;is simply dummy text of the printing and typesetting industry. Lorem Ipsum has been the industry\'s standard dummy text ever since the 1500s, when an unknown printer took a galley of type and scrambled it to make a type specimen book. It has survived not only five centuries, but also the leap into electronic typesetting, remaining essentially unchanged. It was popularised in the 1960s with the release of Letraset sheets containing Lorem Ipsum passages, and more recently with desktop publishing software like Aldus PageMaker including versions of Lorem Ipsum.', 'en', ' Africa   ', ' Africa   '),
(25, 13, 'Châu Úc', '<strong>Lorem Ipsum</strong>&nbsp;chỉ đơn giản l&agrave; một đoạn văn bản giả, được d&ugrave;ng v&agrave;o việc tr&igrave;nh b&agrave;y v&agrave; d&agrave;n trang phục vụ cho in ấn. Lorem Ipsum đ&atilde; được sử dụng như một văn bản chuẩn cho ng&agrave;nh c&ocirc;ng nghiệp in ấn từ những năm 1500, khi một họa sĩ v&ocirc; danh gh&eacute;p nhiều đoạn văn bản với nhau để tạo th&agrave;nh một bản mẫu văn bản. Đoạn văn bản n&agrave;y kh&ocirc;ng những đ&atilde; tồn tại năm thế kỉ, m&agrave; khi được &aacute;p dụng v&agrave;o tin học văn ph&ograve;ng, nội dung của n&oacute; vẫn kh&ocirc;ng hề bị thay đổi. N&oacute; đ&atilde; được phổ biến trong những năm 1960 nhờ việc b&aacute;n những bản giấy Letraset in những đoạn Lorem Ipsum, v&agrave; gần đ&acirc;y hơn, được sử dụng trong c&aacute;c ứng dụng d&agrave;n trang, như Aldus PageMaker.', 'vi', '   Châu Úc', '   Châu Úc'),
(26, 13, 'Australia', '<strong>Lorem Ipsum</strong>&nbsp;is simply dummy text of the printing and typesetting industry. Lorem Ipsum has been the industry\'s standard dummy text ever since the 1500s, when an unknown printer took a galley of type and scrambled it to make a type specimen book. It has survived not only five centuries, but also the leap into electronic typesetting, remaining essentially unchanged. It was popularised in the 1960s with the release of Letraset sheets containing Lorem Ipsum passages, and more recently with desktop publishing software like Aldus PageMaker including versions of Lorem Ipsum.', 'en', 'Australia   ', 'Australia   '),
(27, 14, 'Ấn Độ', '<strong>Lorem Ipsum</strong>&nbsp;chỉ đơn giản l&agrave; một đoạn văn bản giả, được d&ugrave;ng v&agrave;o việc tr&igrave;nh b&agrave;y v&agrave; d&agrave;n trang phục vụ cho in ấn. Lorem Ipsum đ&atilde; được sử dụng như một văn bản chuẩn cho ng&agrave;nh c&ocirc;ng nghiệp in ấn từ những năm 1500, khi một họa sĩ v&ocirc; danh gh&eacute;p nhiều đoạn văn bản với nhau để tạo th&agrave;nh một bản mẫu văn bản. Đoạn văn bản n&agrave;y kh&ocirc;ng những đ&atilde; tồn tại năm thế kỉ, m&agrave; khi được &aacute;p dụng v&agrave;o tin học văn ph&ograve;ng, nội dung của n&oacute; vẫn kh&ocirc;ng hề bị thay đổi. N&oacute; đ&atilde; được phổ biến trong những năm 1960 nhờ việc b&aacute;n những bản giấy Letraset in những đoạn Lorem Ipsum, v&agrave; gần đ&acirc;y hơn, được sử dụng trong c&aacute;c ứng dụng d&agrave;n trang, như Aldus PageMaker.', 'vi', '  Ấn Độ', '  Ấn Độ'),
(28, 14, 'India', '<strong>Lorem Ipsum</strong>&nbsp;is simply dummy text of the printing and typesetting industry. Lorem Ipsum has been the industry\'s standard dummy text ever since the 1500s, when an unknown printer took a galley of type and scrambled it to make a type specimen book. It has survived not only five centuries, but also the leap into electronic typesetting, remaining essentially unchanged. It was popularised in the 1960s with the release of Letraset sheets containing Lorem Ipsum passages, and more recently with desktop publishing software like Aldus PageMaker including versions of Lorem Ipsum.', 'en', 'India  ', 'India  '),
(29, 15, 'Kim Cương Thừa', '<strong>Lorem Ipsum</strong>&nbsp;chỉ đơn giản l&agrave; một đoạn văn bản giả, được d&ugrave;ng v&agrave;o việc tr&igrave;nh b&agrave;y v&agrave; d&agrave;n trang phục vụ cho in ấn. Lorem Ipsum đ&atilde; được sử dụng như một văn bản chuẩn cho ng&agrave;nh c&ocirc;ng nghiệp in ấn từ những năm 1500, khi một họa sĩ v&ocirc; danh gh&eacute;p nhiều đoạn văn bản với nhau để tạo th&agrave;nh một bản mẫu văn bản. Đoạn văn bản n&agrave;y kh&ocirc;ng những đ&atilde; tồn tại năm thế kỉ, m&agrave; khi được &aacute;p dụng v&agrave;o tin học văn ph&ograve;ng, nội dung của n&oacute; vẫn kh&ocirc;ng hề bị thay đổi. N&oacute; đ&atilde; được phổ biến trong những năm 1960 nhờ việc b&aacute;n những bản giấy Letraset in những đoạn Lorem Ipsum, v&agrave; gần đ&acirc;y hơn, được sử dụng trong c&aacute;c ứng dụng d&agrave;n trang, như Aldus PageMaker.', 'vi', '  Kim Cương Thừa', '  Kim Cương Thừa'),
(30, 15, 'Vajrayana', '<strong>Lorem Ipsum</strong>&nbsp;is simply dummy text of the printing and typesetting industry. Lorem Ipsum has been the industry\'s standard dummy text ever since the 1500s, when an unknown printer took a galley of type and scrambled it to make a type specimen book. It has survived not only five centuries, but also the leap into electronic typesetting, remaining essentially unchanged. It was popularised in the 1960s with the release of Letraset sheets containing Lorem Ipsum passages, and more recently with desktop publishing software like Aldus PageMaker including versions of Lorem Ipsum.', 'en', ' Vajrayana  ', ' Vajrayana  '),
(31, 16, 'Pali', '<strong>Lorem Ipsum</strong>&nbsp;chỉ đơn giản l&agrave; một đoạn văn bản giả, được d&ugrave;ng v&agrave;o việc tr&igrave;nh b&agrave;y v&agrave; d&agrave;n trang phục vụ cho in ấn. Lorem Ipsum đ&atilde; được sử dụng như một văn bản chuẩn cho ng&agrave;nh c&ocirc;ng nghiệp in ấn từ những năm 1500, khi một họa sĩ v&ocirc; danh gh&eacute;p nhiều đoạn văn bản với nhau để tạo th&agrave;nh một bản mẫu văn bản. Đoạn văn bản n&agrave;y kh&ocirc;ng những đ&atilde; tồn tại năm thế kỉ, m&agrave; khi được &aacute;p dụng v&agrave;o tin học văn ph&ograve;ng, nội dung của n&oacute; vẫn kh&ocirc;ng hề bị thay đổi. N&oacute; đ&atilde; được phổ biến trong những năm 1960 nhờ việc b&aacute;n những bản giấy Letraset in những đoạn Lorem Ipsum, v&agrave; gần đ&acirc;y hơn, được sử dụng trong c&aacute;c ứng dụng d&agrave;n trang, như Aldus PageMaker.', 'vi', '  Pali', '  Pali'),
(32, 16, 'Pali', '<strong>Lorem Ipsum</strong>&nbsp;is simply dummy text of the printing and typesetting industry. Lorem Ipsum has been the industry\'s standard dummy text ever since the 1500s, when an unknown printer took a galley of type and scrambled it to make a type specimen book. It has survived not only five centuries, but also the leap into electronic typesetting, remaining essentially unchanged. It was popularised in the 1960s with the release of Letraset sheets containing Lorem Ipsum passages, and more recently with desktop publishing software like Aldus PageMaker including versions of Lorem Ipsum.', 'en', 'Pali  ', 'Pali  '),
(33, 17, 'Đông Bắc Á', '<strong>Lorem Ipsum</strong>&nbsp;chỉ đơn giản l&agrave; một đoạn văn bản giả, được d&ugrave;ng v&agrave;o việc tr&igrave;nh b&agrave;y v&agrave; d&agrave;n trang phục vụ cho in ấn. Lorem Ipsum đ&atilde; được sử dụng như một văn bản chuẩn cho ng&agrave;nh c&ocirc;ng nghiệp in ấn từ những năm 1500, khi một họa sĩ v&ocirc; danh gh&eacute;p nhiều đoạn văn bản với nhau để tạo th&agrave;nh một bản mẫu văn bản. Đoạn văn bản n&agrave;y kh&ocirc;ng những đ&atilde; tồn tại năm thế kỉ, m&agrave; khi được &aacute;p dụng v&agrave;o tin học văn ph&ograve;ng, nội dung của n&oacute; vẫn kh&ocirc;ng hề bị thay đổi. N&oacute; đ&atilde; được phổ biến trong những năm 1960 nhờ việc b&aacute;n những bản giấy Letraset in những đoạn Lorem Ipsum, v&agrave; gần đ&acirc;y hơn, được sử dụng trong c&aacute;c ứng dụng d&agrave;n trang, như Aldus PageMaker.', 'vi', '    Đông Bắc Á', '    Đông Bắc Á'),
(34, 17, 'Northeast Asia', '<strong>Lorem Ipsum</strong>&nbsp;is simply dummy text of the printing and typesetting industry. Lorem Ipsum has been the industry\'s standard dummy text ever since the 1500s, when an unknown printer took a galley of type and scrambled it to make a type specimen book. It has survived not only five centuries, but also the leap into electronic typesetting, remaining essentially unchanged. It was popularised in the 1960s with the release of Letraset sheets containing Lorem Ipsum passages, and more recently with desktop publishing software like Aldus PageMaker including versions of Lorem Ipsum.', 'en', 'Northeast Asia   ', 'Northeast Asia   '),
(35, 18, 'Đông Nam Á', '<strong>Lorem Ipsum</strong>&nbsp;chỉ đơn giản l&agrave; một đoạn văn bản giả, được d&ugrave;ng v&agrave;o việc tr&igrave;nh b&agrave;y v&agrave; d&agrave;n trang phục vụ cho in ấn. Lorem Ipsum đ&atilde; được sử dụng như một văn bản chuẩn cho ng&agrave;nh c&ocirc;ng nghiệp in ấn từ những năm 1500, khi một họa sĩ v&ocirc; danh gh&eacute;p nhiều đoạn văn bản với nhau để tạo th&agrave;nh một bản mẫu văn bản. Đoạn văn bản n&agrave;y kh&ocirc;ng những đ&atilde; tồn tại năm thế kỉ, m&agrave; khi được &aacute;p dụng v&agrave;o tin học văn ph&ograve;ng, nội dung của n&oacute; vẫn kh&ocirc;ng hề bị thay đổi. N&oacute; đ&atilde; được phổ biến trong những năm 1960 nhờ việc b&aacute;n những bản giấy Letraset in những đoạn Lorem Ipsum, v&agrave; gần đ&acirc;y hơn, được sử dụng trong c&aacute;c ứng dụng d&agrave;n trang, như Aldus PageMaker.', 'vi', '   Đông Nam Á', '   Đông Nam Á'),
(36, 18, 'Southeast Asia', '<p><strong>Lorem Ipsum</strong>&nbsp;is simply dummy text of the printing and typesetting industry. Lorem Ipsum has been the industry\'s standard dummy text ever since the 1500s, when an unknown printer took a galley of type and scrambled it to make a type specimen book. It has survived not only five centuries, but also the leap into electronic typesetting, remaining essentially unchanged. It was popularised in the 1960s with the release of Letraset sheets containing Lorem Ipsum passages, and more recently with desktop publishing software like Aldus PageMaker including versions of Lorem Ipsum.</p>', 'en', ' Southeast Asia   ', ' Southeast Asia   '),
(37, 19, 'Tây Nam Á', '<strong>Lorem Ipsum</strong>&nbsp;chỉ đơn giản l&agrave; một đoạn văn bản giả, được d&ugrave;ng v&agrave;o việc tr&igrave;nh b&agrave;y v&agrave; d&agrave;n trang phục vụ cho in ấn. Lorem Ipsum đ&atilde; được sử dụng như một văn bản chuẩn cho ng&agrave;nh c&ocirc;ng nghiệp in ấn từ những năm 1500, khi một họa sĩ v&ocirc; danh gh&eacute;p nhiều đoạn văn bản với nhau để tạo th&agrave;nh một bản mẫu văn bản. Đoạn văn bản n&agrave;y kh&ocirc;ng những đ&atilde; tồn tại năm thế kỉ, m&agrave; khi được &aacute;p dụng v&agrave;o tin học văn ph&ograve;ng, nội dung của n&oacute; vẫn kh&ocirc;ng hề bị thay đổi. N&oacute; đ&atilde; được phổ biến trong những năm 1960 nhờ việc b&aacute;n những bản giấy Letraset in những đoạn Lorem Ipsum, v&agrave; gần đ&acirc;y hơn, được sử dụng trong c&aacute;c ứng dụng d&agrave;n trang, như Aldus PageMaker.', 'vi', '   Tây Nam Á', '   Tây Nam Á'),
(38, 19, 'Southwest Asia', '<strong>Lorem Ipsum</strong>&nbsp;is simply dummy text of the printing and typesetting industry. Lorem Ipsum has been the industry\'s standard dummy text ever since the 1500s, when an unknown printer took a galley of type and scrambled it to make a type specimen book. It has survived not only five centuries, but also the leap into electronic typesetting, remaining essentially unchanged. It was popularised in the 1960s with the release of Letraset sheets containing Lorem Ipsum passages, and more recently with desktop publishing software like Aldus PageMaker including versions of Lorem Ipsum.', 'en', 'Southwest Asia   ', 'Southwest Asia   '),
(39, 20, 'Nam Á', '<strong>Lorem Ipsum</strong>&nbsp;chỉ đơn giản l&agrave; một đoạn văn bản giả, được d&ugrave;ng v&agrave;o việc tr&igrave;nh b&agrave;y v&agrave; d&agrave;n trang phục vụ cho in ấn. Lorem Ipsum đ&atilde; được sử dụng như một văn bản chuẩn cho ng&agrave;nh c&ocirc;ng nghiệp in ấn từ những năm 1500, khi một họa sĩ v&ocirc; danh gh&eacute;p nhiều đoạn văn bản với nhau để tạo th&agrave;nh một bản mẫu văn bản. Đoạn văn bản n&agrave;y kh&ocirc;ng những đ&atilde; tồn tại năm thế kỉ, m&agrave; khi được &aacute;p dụng v&agrave;o tin học văn ph&ograve;ng, nội dung của n&oacute; vẫn kh&ocirc;ng hề bị thay đổi. N&oacute; đ&atilde; được phổ biến trong những năm 1960 nhờ việc b&aacute;n những bản giấy Letraset in những đoạn Lorem Ipsum, v&agrave; gần đ&acirc;y hơn, được sử dụng trong c&aacute;c ứng dụng d&agrave;n trang, như Aldus PageMaker.', 'vi', '   Nam Á', '   Nam Á'),
(40, 20, 'South Asia', '<strong>Lorem Ipsum</strong>&nbsp;is simply dummy text of the printing and typesetting industry. Lorem Ipsum has been the industry\'s standard dummy text ever since the 1500s, when an unknown printer took a galley of type and scrambled it to make a type specimen book. It has survived not only five centuries, but also the leap into electronic typesetting, remaining essentially unchanged. It was popularised in the 1960s with the release of Letraset sheets containing Lorem Ipsum passages, and more recently with desktop publishing software like Aldus PageMaker including versions of Lorem Ipsum.', 'en', ' South Asia   ', ' South Asia   '),
(41, 21, 'Trung Quốc', 'Du lịch Trung Quốc: Trung Quốc đất nước thi&ecirc;n nhi&ecirc;n cẩm t&uacute; tr&aacute;ng lệ, c&oacute; nền văn h&oacute;a 3.500 năm rực rỡ, kh&aacute;c biệt với sắc đỏ của Tử Cấm Th&agrave;nh, Vạn L&yacute; Trường Th&agrave;nh, kh&ocirc;ng gian hiện đại xen kẽ những l&acirc;u đ&agrave;i v&agrave; t&ograve;a th&agrave;nh cổ, Trung Quốc l&agrave; một v&ugrave;ng đất m&ecirc; hoặc bất cứ kh&aacute;ch du lịch n&agrave;o. Vietravel l&agrave; nh&agrave; tổ chức tour du lịch Trung Quốc h&agrave;ng đầu v&agrave; c&oacute; nhiều kinh nghiệm tại thị trường du lịch Trung Quốc.', 'vi', '  Trung Quốc', '  Trung Quốc'),
(42, 21, 'China', 'Du lịch Trung Quốc: Trung Quốc đất nước thi&ecirc;n nhi&ecirc;n cẩm t&uacute; tr&aacute;ng lệ, c&oacute; nền văn h&oacute;a 3.500 năm rực rỡ, kh&aacute;c biệt với sắc đỏ của Tử Cấm Th&agrave;nh, Vạn L&yacute; Trường Th&agrave;nh, kh&ocirc;ng gian hiện đại xen kẽ những l&acirc;u đ&agrave;i v&agrave; t&ograve;a th&agrave;nh cổ, Trung Quốc l&agrave; một v&ugrave;ng đất m&ecirc; hoặc bất cứ kh&aacute;ch du lịch n&agrave;o. Vietravel l&agrave; nh&agrave; tổ chức tour du lịch Trung Quốc h&agrave;ng đầu v&agrave; c&oacute; nhiều kinh nghiệm tại thị trường du lịch Trung Quốc.', 'en', 'China  ', 'China  '),
(43, 22, 'Đài Loan', 'Du lịch Đ&agrave;i Loan: H&ograve;n đảo xinh đẹp Đ&agrave;i Loan kh&ocirc;ng chỉ được biết đến như M&atilde;nh hổ kinh tế của Ch&acirc;u &Aacute; m&agrave; c&ograve;n l&agrave; điểm đến du lịch hấp dẫn với rừng n&uacute;i, biển cả, s&ocirc;ng hồ, ch&ugrave;a chiềng, c&aacute;c khu chợ sầm uất cho du kh&aacute;ch thỏa sức shopping v&agrave; nhiều thắng cảnh đặc sắc nổi tiếng kh&aacute;c đủ sức thỏa m&atilde;n những du kh&aacute;ch kh&oacute; t&iacute;nh nhất.', 'vi', ' Đài Loan', ' Đài Loan'),
(44, 22, 'Taiwan', 'Du lịch Đ&agrave;i Loan: H&ograve;n đảo xinh đẹp Đ&agrave;i Loan kh&ocirc;ng chỉ được biết đến như M&atilde;nh hổ kinh tế của Ch&acirc;u &Aacute; m&agrave; c&ograve;n l&agrave; điểm đến du lịch hấp dẫn với rừng n&uacute;i, biển cả, s&ocirc;ng hồ, ch&ugrave;a chiềng, c&aacute;c khu chợ sầm uất cho du kh&aacute;ch thỏa sức shopping v&agrave; nhiều thắng cảnh đặc sắc nổi tiếng kh&aacute;c đủ sức thỏa m&atilde;n những du kh&aacute;ch kh&oacute; t&iacute;nh nhất.', 'en', ' Taiwan ', ' Taiwan '),
(45, 23, 'Thái Lan', 'Du lịch Th&aacute;i Lan: Thi&ecirc;n đường du lịch Th&aacute;i Lan nơi con người th&acirc;n thiện v&agrave; vui vẻ, đất nước nhiệt đới độc đ&aacute;o, nền văn h&oacute;a v&agrave; lịch sử l&acirc;u đời. Th&aacute;i Lan tỏa s&aacute;ng với những ng&ocirc;i đền rực rỡ nguy nga, những b&atilde;i biển v&agrave;ng v&agrave; những nụ cười Th&aacute;i Lan tươi thắm. Du lịch Th&aacute;i Lan c&oacute; mọi thứ: cảnh đẹp ch&ugrave;a th&aacute;p, b&atilde;i biển, th&agrave;nh phố, v&agrave; ẩm thực tuyệt vời.', 'vi', ' Thái Lan', ' Thái Lan'),
(46, 23, 'Thailand', 'Du lịch Th&aacute;i Lan: Thi&ecirc;n đường du lịch Th&aacute;i Lan nơi con người th&acirc;n thiện v&agrave; vui vẻ, đất nước nhiệt đới độc đ&aacute;o, nền văn h&oacute;a v&agrave; lịch sử l&acirc;u đời. Th&aacute;i Lan tỏa s&aacute;ng với những ng&ocirc;i đền rực rỡ nguy nga, những b&atilde;i biển v&agrave;ng v&agrave; những nụ cười Th&aacute;i Lan tươi thắm. Du lịch Th&aacute;i Lan c&oacute; mọi thứ: cảnh đẹp ch&ugrave;a th&aacute;p, b&atilde;i biển, th&agrave;nh phố, v&agrave; ẩm thực tuyệt vời.', 'en', 'Thailand ', 'Thailand '),
(47, 24, 'Phượng Hoàng Cổ Trấn', 'Trung Quốc đất nước thi&ecirc;n nhi&ecirc;n cẩm t&uacute; tr&aacute;ng lệ, c&oacute; nền văn h&oacute;a 3.500 năm rực rỡ, kh&aacute;c biệt với sắc đỏ của Tử Cấm Th&agrave;nh, Vạn L&yacute; Trường Th&agrave;nh, kh&ocirc;ng gian hiện đại xen kẽ những l&acirc;u đ&agrave;i v&agrave; t&ograve;a th&agrave;nh cổ, Trung Quốc l&agrave; một v&ugrave;ng đất m&ecirc; hoặc bất cứ kh&aacute;ch du lịch n&agrave;o. TransViet Travel l&agrave; nh&agrave; tổ chức tour du lịch Trung Quốc h&agrave;ng đầu v&agrave; c&oacute; nhiều kinh nghiệm tại thị trường du lịch Trung Quốc', 'vi', ' Phượng Hoàng Cổ Trấn', ' Phượng Hoàng Cổ Trấn'),
(48, 24, 'Phoenix Statue', 'Trung Quốc đất nước thi&ecirc;n nhi&ecirc;n cẩm t&uacute; tr&aacute;ng lệ, c&oacute; nền văn h&oacute;a 3.500 năm rực rỡ, kh&aacute;c biệt với sắc đỏ của Tử Cấm Th&agrave;nh, Vạn L&yacute; Trường Th&agrave;nh, kh&ocirc;ng gian hiện đại xen kẽ những l&acirc;u đ&agrave;i v&agrave; t&ograve;a th&agrave;nh cổ, Trung Quốc l&agrave; một v&ugrave;ng đất m&ecirc; hoặc bất cứ kh&aacute;ch du lịch n&agrave;o. TransViet Travel l&agrave; nh&agrave; tổ chức tour du lịch Trung Quốc h&agrave;ng đầu v&agrave; c&oacute; nhiều kinh nghiệm tại thị trường du lịch Trung Quốc', 'en', ' Phoenix Statue ', ' Phoenix Statue '),
(49, 25, 'Tây Tạng', 'Với thi&ecirc;n nhi&ecirc;n h&ugrave;ng vĩ h&ograve;a hợp c&ugrave;ng văn h&oacute;a t&ocirc;n gi&aacute;o l&acirc;u đời, T&acirc;y Tạng lu&ocirc;n được xem l&agrave; một v&ugrave;ng đất huyền b&iacute; v&agrave; thi&ecirc;ng li&ecirc;ng. Du kh&aacute;ch sẽ ấn tượng trước khung cảnh đồi n&uacute;i cao v&uacute;t, phủ đầy tuyết trắng xen lẫn những thảo nguy&ecirc;n m&ecirc;nh m&ocirc;ng đến cho&aacute;ng ngợp nhưng cũng đầy thơ mộng. B&ecirc;n cạnh đ&oacute;, T&acirc;y Tạng c&ograve;n c&oacute; những th&agrave;nh phố du lịch nổi tiếng như Lhasa, Shigatse hay Tsedang với nhiều c&ocirc;ng tr&igrave;nh Phật gi&aacute;o tuyệt đẹp được c&ocirc;ng nhận l&agrave; di sản văn h&oacute;a thế giới. Du kh&aacute;ch kh&ocirc;ng chỉ được chi&ecirc;m ngưỡng c&aacute;c', 'vi', ' Tây Tạng', ' Tây Tạng'),
(50, 25, 'Tibet', 'Với thi&ecirc;n nhi&ecirc;n h&ugrave;ng vĩ h&ograve;a hợp c&ugrave;ng văn h&oacute;a t&ocirc;n gi&aacute;o l&acirc;u đời, T&acirc;y Tạng lu&ocirc;n được xem l&agrave; một v&ugrave;ng đất huyền b&iacute; v&agrave; thi&ecirc;ng li&ecirc;ng. Du kh&aacute;ch sẽ ấn tượng trước khung cảnh đồi n&uacute;i cao v&uacute;t, phủ đầy tuyết trắng xen lẫn những thảo nguy&ecirc;n m&ecirc;nh m&ocirc;ng đến cho&aacute;ng ngợp nhưng cũng đầy thơ mộng. B&ecirc;n cạnh đ&oacute;, T&acirc;y Tạng c&ograve;n c&oacute; những th&agrave;nh phố du lịch nổi tiếng như Lhasa, Shigatse hay Tsedang với nhiều c&ocirc;ng tr&igrave;nh Phật gi&aacute;o tuyệt đẹp được c&ocirc;ng nhận l&agrave; di sản văn h&oacute;a thế giới. Du kh&aacute;ch kh&ocirc;ng chỉ được chi&ecirc;m ngưỡng c&aacute;c', 'en', ' Tibet ', ' Tibet '),
(51, 26, 'Quan Lạn', '<strong>Lorem Ipsum</strong>&nbsp;chỉ đơn giản l&agrave; một đoạn văn bản giả, được d&ugrave;ng v&agrave;o việc tr&igrave;nh b&agrave;y v&agrave; d&agrave;n trang phục vụ cho in ấn. Lorem Ipsum đ&atilde; được sử dụng như một văn bản chuẩn cho ng&agrave;nh c&ocirc;ng nghiệp in ấn từ những năm 1500, khi một họa sĩ v&ocirc; danh gh&eacute;p nhiều đoạn văn bản với nhau để tạo th&agrave;nh một bản mẫu văn bản. Đoạn văn bản n&agrave;y kh&ocirc;ng những đ&atilde; tồn tại năm thế kỉ, m&agrave; khi được &aacute;p dụng v&agrave;o tin học văn ph&ograve;ng, nội dung của n&oacute; vẫn kh&ocirc;ng hề bị thay đổi. N&oacute; đ&atilde; được phổ biến trong những năm 1960 nhờ việc b&aacute;n những bản giấy Letraset in những đoạn Lorem Ipsum, v&agrave; gần đ&acirc;y hơn, được sử dụng trong c&aacute;c ứng dụng d&agrave;n trang, như Aldus PageMaker.', 'vi', '  Quan Lạn', '  Quan Lạn'),
(52, 26, 'Quan Lan', '<strong>Lorem Ipsum</strong>&nbsp;is simply dummy text of the printing and typesetting industry. Lorem Ipsum has been the industry\'s standard dummy text ever since the 1500s, when an unknown printer took a galley of type and scrambled it to make a type specimen book. It has survived not only five centuries, but also the leap into electronic typesetting, remaining essentially unchanged. It was popularised in the 1960s with the release of Letraset sheets containing Lorem Ipsum passages, and more recently with desktop publishing software like Aldus PageMaker including versions of Lorem Ipsum.', 'en', 'Quan Lan  ', 'Quan Lan  '),
(53, 27, 'Quảng Bình', '<strong>Lorem Ipsum</strong>&nbsp;chỉ đơn giản l&agrave; một đoạn văn bản giả, được d&ugrave;ng v&agrave;o việc tr&igrave;nh b&agrave;y v&agrave; d&agrave;n trang phục vụ cho in ấn. Lorem Ipsum đ&atilde; được sử dụng như một văn bản chuẩn cho ng&agrave;nh c&ocirc;ng nghiệp in ấn từ những năm 1500, khi một họa sĩ v&ocirc; danh gh&eacute;p nhiều đoạn văn bản với nhau để tạo th&agrave;nh một bản mẫu văn bản. Đoạn văn bản n&agrave;y kh&ocirc;ng những đ&atilde; tồn tại năm thế kỉ, m&agrave; khi được &aacute;p dụng v&agrave;o tin học văn ph&ograve;ng, nội dung của n&oacute; vẫn kh&ocirc;ng hề bị thay đổi. N&oacute; đ&atilde; được phổ biến trong những năm 1960 nhờ việc b&aacute;n những bản giấy Letraset in những đoạn Lorem Ipsum, v&agrave; gần đ&acirc;y hơn, được sử dụng trong c&aacute;c ứng dụng d&agrave;n trang, như Aldus PageMaker.', 'vi', '  Quảng Bình', '  Quảng Bình'),
(54, 27, 'Quang Binh', '<strong>Lorem Ipsum</strong>&nbsp;is simply dummy text of the printing and typesetting industry. Lorem Ipsum has been the industry\'s standard dummy text ever since the 1500s, when an unknown printer took a galley of type and scrambled it to make a type specimen book. It has survived not only five centuries, but also the leap into electronic typesetting, remaining essentially unchanged. It was popularised in the 1960s with the release of Letraset sheets containing Lorem Ipsum passages, and more recently with desktop publishing software like Aldus PageMaker including versions of Lorem Ipsum.', 'en', 'Quang Binh  ', 'Quang Binh  '),
(55, 28, 'Lorem Ipsum', '<strong>Lorem Ipsum</strong>&nbsp;is simply dummy text of the printing and typesetting industry. Lorem Ipsum has been the industry\'s standard dummy text ever since the 1500s, when an unknown printer took a galley of type and scrambled it to make a type specimen book. It has survived not only five centuries, but also the leap into electronic typesetting, remaining essentially unchanged. It was popularised in the 1960s with the release of Letraset sheets containing Lorem Ipsum passages, and more recently with desktop publishing software like Aldus PageMaker including versions of Lorem Ipsum.', 'vi', ' ', ' '),
(56, 28, 'Lorem Ipsum', '<strong>Lorem Ipsum</strong>&nbsp;is simply dummy text of the printing and typesetting industry. Lorem Ipsum has been the industry\'s standard dummy text ever since the 1500s, when an unknown printer took a galley of type and scrambled it to make a type specimen book. It has survived not only five centuries, but also the leap into electronic typesetting, remaining essentially unchanged. It was popularised in the 1960s with the release of Letraset sheets containing Lorem Ipsum passages, and more recently with desktop publishing software like Aldus PageMaker including versions of Lorem Ipsum.', 'en', ' ', ' '),
(57, 29, 'Lorem Ipsum', 'It is a long established fact that a reader will be distracted by the readable content of a page when looking at its layout. The point of using Lorem Ipsum is that it has a more-or-less normal distribution of letters, as opposed to using \'Content here, content here\', making it look like readable English. Many desktop publishing packages and web page editors now use Lorem Ipsum as their default model text, and a search for \'lorem ipsum\' will uncover many web sites still in their infancy. Various versions have evolved over the years, sometimes by accident, sometimes on purpose (injected humour and the like).', 'vi', ' ', ' '),
(58, 29, 'Lorem Ipsum', 'It is a long established fact that a reader will be distracted by the readable content of a page when looking at its layout. The point of using Lorem Ipsum is that it has a more-or-less normal distribution of letters, as opposed to using \'Content here, content here\', making it look like readable English. Many desktop publishing packages and web page editors now use Lorem Ipsum as their default model text, and a search for \'lorem ipsum\' will uncover many web sites still in their infancy. Various versions have evolved over the years, sometimes by accident, sometimes on purpose (injected humour and the like).', 'en', ' ', ' '),
(59, 30, 'Lorem Ipsum', 'It is a long established fact that a reader will be distracted by the readable content of a page when looking at its layout. The point of using Lorem Ipsum is that it has a more-or-less normal distribution of letters, as opposed to using \'Content here, content here\', making it look like readable English. Many desktop publishing packages and web page editors now use Lorem Ipsum as their default model text, and a search for \'lorem ipsum\' will uncover many web sites still in their infancy. Various versions have evolved over the years, sometimes by accident, sometimes on purpose (injected humour and the like).', 'vi', '', ''),
(60, 30, 'Lorem Ipsum', 'It is a long established fact that a reader will be distracted by the readable content of a page when looking at its layout. The point of using Lorem Ipsum is that it has a more-or-less normal distribution of letters, as opposed to using \'Content here, content here\', making it look like readable English. Many desktop publishing packages and web page editors now use Lorem Ipsum as their default model text, and a search for \'lorem ipsum\' will uncover many web sites still in their infancy. Various versions have evolved over the years, sometimes by accident, sometimes on purpose (injected humour and the like).', 'en', '', ''),
(61, 31, 'asd', '', 'vi', '', ''),
(62, 31, 'asd', '', 'en', '', '');

-- --------------------------------------------------------

--
-- Cấu trúc bảng cho bảng `product_lang`
--

CREATE TABLE `product_lang` (
  `id` int(11) NOT NULL,
  `product_id` int(11) NOT NULL,
  `title` varchar(255) COLLATE utf8mb4_unicode_ci NOT NULL,
  `description` text COLLATE utf8mb4_unicode_ci NOT NULL,
  `content` text COLLATE utf8mb4_unicode_ci NOT NULL,
  `language` varchar(100) COLLATE utf8mb4_unicode_ci NOT NULL,
  `metakeywords` varchar(255) COLLATE utf8mb4_unicode_ci NOT NULL DEFAULT ' ',
  `metadescription` varchar(255) COLLATE utf8mb4_unicode_ci NOT NULL DEFAULT ' ',
  `datetitle` text COLLATE utf8mb4_unicode_ci,
  `datecontent` text COLLATE utf8mb4_unicode_ci,
  `tripnodes` text COLLATE utf8mb4_unicode_ci,
  `detailsprice` text COLLATE utf8mb4_unicode_ci
) ENGINE=InnoDB DEFAULT CHARSET=utf8mb4 COLLATE=utf8mb4_unicode_ci;

--
-- Đang đổ dữ liệu cho bảng `product_lang`
--

INSERT INTO `product_lang` (`id`, `product_id`, `title`, `description`, `content`, `language`, `metakeywords`, `metadescription`, `datetitle`, `datecontent`, `tripnodes`, `detailsprice`) VALUES
(1, 1, 'Chương trình du xuân đầu năm Bái Đính - Trang An', '- Chương trình du lịch tâm linh tìm hiểu, vãn cảnh và hành hương tới khu danh thắng, di sản văn hóa và thiên nhiên thế giới: Bái Đính – Tràng An.\r\n\r\n- Cung cấp dịch vụ WIFI miễn phí trong chương trình.\r\n\r\n- Dịch vụ chất lượng cao.\r\n\r\n- Cung cấp dịch vụ tín ngưỡng như: sắm, biện lễ, cung văn sớ sách theo nhu cầu của quý khách (chi phí không bao gồm).', '<p>- Chương tr&igrave;nh du lịch t&acirc;m linh t&igrave;m hiểu, v&atilde;n cảnh v&agrave; h&agrave;nh hương tới khu danh thắng, di sản văn h&oacute;a v&agrave; thi&ecirc;n nhi&ecirc;n thế giới: B&aacute;i Đ&iacute;nh &ndash; Tr&agrave;ng An.</p>\r\n<p>- Cung cấp dịch vụ WIFI miễn ph&iacute; trong chương tr&igrave;nh.</p>\r\n<p>- Dịch vụ chất lượng cao.</p>\r\n<p>- Cung cấp dịch vụ t&iacute;n ngưỡng như: sắm, biện lễ, cung văn sớ s&aacute;ch theo nhu cầu của qu&yacute; kh&aacute;ch (chi ph&iacute; kh&ocirc;ng bao gồm).</p>', 'vi', 'Chương trình du xuân đầu năm Bái Đính - Trang An', 'Chương trình du xuân đầu năm Bái Đính - Trang An', '[\"H\\u00e0 N\\u1ed9i - Ninh B\\u00ecnh - H\\u00e0 N\\u1ed9i\"]', '[\"\"]', 'Kh&ocirc;ng g&igrave; cả.', '<p><strong>&nbsp;Ph&iacute; trọn g&oacute;i cho đo&agrave;n 20 người: / KH&Aacute;CH</strong></p>\r\n<ul>\r\n<li>Ăn trọn g&oacute;i theo chương tr&igrave;nh.</li>\r\n<li>Xe: &Ocirc; t&ocirc; tiện nghi phục vụ theo chương tr&igrave;nh.</li>\r\n<li>Hướng dẫn vi&ecirc;n phục vụ suốt tuyến;</li>\r\n<li>Bảo hiểm du lịch mức tối đa 50.000.000đ/ người/ h&agrave;nh tr&igrave;nh</li>\r\n</ul>\r\n<p><strong>&nbsp;B&aacute;o gi&aacute; tr&ecirc;n kh&ocirc;ng gồm:</strong></p>\r\n<ul>\r\n<li>Đồ ăn, đồ uống (ph&aacute;t sinh theo nhu cầu c&aacute; nh&acirc;n) v&agrave; qu&agrave; lưu niệm.</li>\r\n<li>Chi ph&iacute; c&aacute; nh&acirc;n của kh&aacute;ch ngo&agrave;i chương tr&igrave;nh.</li>\r\n<li>Thuế VAT.</li>\r\n</ul>'),
(2, 1, 'The program of the first year of Bai An - Trang An', '- Chương trình du lịch tâm linh tìm hiểu, vãn cảnh và hành hương tới khu danh thắng, di sản văn hóa và thiên nhiên thế giới: Bái Đính – Tràng An.\r\n\r\n- Cung cấp dịch vụ WIFI miễn phí trong chương trình.\r\n\r\n- Dịch vụ chất lượng cao.\r\n\r\n- Cung cấp dịch vụ tín ngưỡng như: sắm, biện lễ, cung văn sớ sách theo nhu cầu của quý khách (chi phí không bao gồm).', '- Chương tr&igrave;nh du lịch t&acirc;m linh t&igrave;m hiểu, v&atilde;n cảnh v&agrave; h&agrave;nh hương tới khu danh thắng, di sản văn h&oacute;a v&agrave; thi&ecirc;n nhi&ecirc;n thế giới: B&aacute;i Đ&iacute;nh &ndash; Tr&agrave;ng An.<br /><br />- Cung cấp dịch vụ WIFI miễn ph&iacute; trong chương tr&igrave;nh.<br /><br />- Dịch vụ chất lượng cao.<br /><br />- Cung cấp dịch vụ t&iacute;n ngưỡng như: sắm, biện lễ, cung văn sớ s&aacute;ch theo nhu cầu của qu&yacute; kh&aacute;ch (chi ph&iacute; kh&ocirc;ng bao gồm).', 'en', 'The program of the first year of Bai An - Trang An', 'The program of the first year of Bai An - Trang An', '[\"Ha Noi - Ninh Binh - Ha Noi\"]', '[\"<p>\\u0110o&agrave;n t\\u1eadp chung t\\u1ea1i m\\u1ed9t \\u0111\\u1ecba \\u0111i\\u1ec3m h\\u1eb9n s\\u1eb5n.<\\/p>\\r\\n<p>7h30: \\u0110o&agrave;n xu\\u1ea5t ph&aacute;t t\\u1eeb H&agrave; N\\u1ed9i \\u0111i Ninh B&igrave;nh, c&oacute; d\\u1eebng 15 ph&uacute;t t\\u1ea1i th&agrave;nh ph\\u1ed1 Ph\\u1ee7 L&yacute;.<\\/p>\\r\\n<p>9h30: \\u0110o&agrave;n \\u0111\\u1ebfn tham quan ch&ugrave;a B&aacute;i \\u0110&iacute;nh.<\\/p>\\r\\nC&oacute; th\\u1ec3 n&oacute;i B&aacute;i \\u0110&iacute;nh l&agrave; n\\u01a1i h\\u1ed9i t\\u1ee5 c\\u1ee7a linh kh&iacute; n&uacute;i s&ocirc;ng, c\\u1ee7a t&acirc;m linh d&acirc;n t\\u1ed9c v&agrave; c\\u1ee7a nh&acirc;n ki\\u1ec7t xu\\u1ea5t ch&uacute;ng. Thi&ecirc;n nhi&ecirc;n t\\u1ea1o h&oacute;a \\u0111&atilde; \\u01b0u &aacute;i ban t\\u1eb7ng cho nh\\u1eefng ng\\u01b0\\u1eddi con Ninh B&igrave;nh phong c\\u1ea3nh s\\u01a1n th\\u1ee7y k\\u1ef3 t&uacute;, nh\\u01b0ng c\\u0169ng ch&iacute;nh con ng\\u01b0\\u1eddi c\\u0169ng g&oacute;p ph\\u1ea7n t&ocirc;n vinh v&agrave; l&agrave;m \\u0111\\u1eb9p th&ecirc;m phong c\\u1ea3nh c\\u1ee7a t\\u1ea1o h&oacute;a. V\\u1edbi ki\\u1ebfn tr&uacute;c \\u0111\\u1ed3 s\\u1ed9, nguy nga, l\\u1ed9ng l\\u1eaby, nh\\u1eefng pho t\\u01b0\\u1ee3ng c&oacute; n&eacute;t uy nghi, bao dung, ngh\\u1ec7 thu\\u1eadt ch\\u1ea1m kh\\u1eafc, \\u0111&uacute;c \\u0111\\u1ed3ng tinh t\\u1ebf, t&agrave;i t&igrave;nh c&ugrave;ng c\\u1ea3nh quan h&ugrave;ng v\\u0129, n&uacute;i g\\u1ed1i \\u0111\\u1ea7u s&ocirc;ng, m&acirc;y v\\u1eddn \\u0111\\u1ec9nh n&uacute;i, kh&ocirc;ng gian t&acirc;m linh thanh t\\u1ecbnh bao tr&ugrave;m khi\\u1ebfn m\\u1ed7i khi b\\u01b0\\u1edbc ch&acirc;n \\u0111\\u1ebfn \\u0111&acirc;y, ng\\u01b0\\u1eddi ng\\u01b0\\u1eddi th\\u01b0 th&aacute;i, l&ograve;ng s&aacute;ng, t&acirc;m t\\u1ecbnh. \\u0110\\u1ebfn v\\u1edbi B&aacute;i \\u0110&iacute;nh &ndash; ng&ocirc;i ch&ugrave;a l\\u1edbn nh\\u1ea5t Vi\\u1ec7t Nam, du kh&aacute;ch s\\u1ebd \\u0111\\u01b0\\u1ee3c chi&ecirc;m b&aacute;i hai khu ch&ugrave;a l&agrave; T&acirc;n T\\u1ef1 v&agrave; C\\u1ed5 T\\u1ef1 c&ugrave;ng c&aacute;c c\\u1ea3nh \\u0111i\\u1ec3m ch&iacute;nh nh\\u01b0 h&agrave;nh lang La H&aacute;n d&agrave;i nh\\u1ea5t Vi\\u1ec7t Nam, B\\u1ea3o Th&aacute;p th\\u1edd x&aacute; l\\u1ee3i Ph\\u1eadt t\\u1eeb \\u1ea4n \\u0110\\u1ed9 v&agrave; Mi\\u1ebfn \\u0110i\\u1ec7n,&hellip;.<br \\/>11h30: \\u0110o&agrave;n \\u0103n tr\\u01b0a t\\u1ea1i nh&agrave; h&agrave;ng v&agrave; ngh\\u1ec9 ng\\u01a1i t\\u1ea1i Ninh B&igrave;nh.<br \\/>\\r\\n<p>13h30: \\u0110o&agrave;n ti\\u1ebfp t\\u1ee5c di chuy\\u1ec3n \\u0111\\u1ebfn khu th\\u1eafng c\\u1ea3nh Tr&agrave;ng An.<\\/p>\\r\\n<p>14h: \\u0110o&agrave;n b\\u1eaft \\u0111\\u1ea7u th\\u0103m khu di t&iacute;chTr&agrave;ng An b\\u1eb1ng \\u0111&ograve;.<\\/p>\\r\\n<p>To&agrave;n c\\u1ea3nh khu sinh th&aacute;i Tr&agrave;ng An l&agrave; m\\u1ed9t v&ugrave;ng n&uacute;i non h&ugrave;ng v\\u0129, tr&aacute;ng l\\u1ec7 \\u0111\\u01b0\\u1ee3c t\\u1ea1o b\\u1edfi c&aacute;c th\\u1ebf n&uacute;i mu&ocirc;n h&igrave;nh v\\u1ea1n tr\\u1ea1ng soi b&oacute;ng xu\\u1ed1ng nh\\u1eefng d&ograve;ng su\\u1ed1i nh\\u1ecf quanh co, u\\u1ed1n kh&uacute;c n\\u1ed1i li\\u1ec1n c&aacute;c hang \\u0111\\u1ed9ng, c&aacute;c thung l\\u0169ng hoang s\\u01a1, k\\u1ef3 b&iacute; \\u0111\\u1eb9p \\u0111\\u1ebfn l\\u1ea1 th\\u01b0\\u1eddng.<\\/p>\\r\\n<p>Theo tuy\\u1ebfn n&agrave;y, du kh&aacute;ch s\\u1ebd \\u0111\\u01b0\\u1ee3c ng\\u1ed3i thuy\\u1ec1n \\u0111\\u01b0\\u1ee3c ch\\u1edf b\\u1edfi nh\\u1eefng ng\\u01b0\\u1eddi d&acirc;n \\u0111\\u1ecba ph\\u01b0\\u01a1ng th&acirc;n thi\\u1ec7n, n\\u1ed3ng h\\u1eadu v&agrave; hi\\u1ebfu kh&aacute;ch \\u0111\\u01b0a qua 12 hang \\u0111\\u1ed9ng, 3 \\u0111i\\u1ec3m t&acirc;m linh theo m\\u1ed9t l\\u1ed9 tr&igrave;nh kh&eacute;p k&iacute;n, v\\u1edbi th\\u1eddi gian h\\u01a1n 3 ti\\u1ebfng \\u0111\\u1ed3ng h\\u1ed3. \\u0110&ograve; \\u0111i d\\u1ecdc theo d&ograve;ng su\\u1ed1i qu&yacute; kh&aacute;ch s\\u1ebd \\u0111\\u01b0\\u1ee3c&nbsp;<em>chi&ecirc;m ng\\u01b0\\u1ee1ng 9 hang \\u0111\\u1ed9ng<\\/em>&nbsp;c&oacute; nhi\\u1ec1u nh\\u0169 \\u0111&aacute; \\u0111\\u1eb9p kh&ocirc;ng k&eacute;m nh\\u1eefng hang \\u0111\\u1ed9ng \\u1edf v\\u1ecbnh H\\u1ea1 Long. Khu&nbsp;<strong>du l\\u1ecbch Tr&agrave;ng an<\\/strong>&nbsp;\\u0111&atilde; tr\\u1edf th&agrave;nh \\u0111i\\u1ec3m h&agrave;nh h\\u01b0\\u01a1ng v&agrave; du l\\u1ecbch thu h&uacute;t \\u0111&ocirc;ng \\u0111\\u1ea3o du kh&aacute;ch trong v&agrave; ngo&agrave;i n\\u01b0\\u1edbc.<\\/p>\\r\\n<p>17h30: \\u0110o&agrave;n t\\u1eadp trung ra xe, t\\u1ea1m bi\\u1ec7t Ninh B&igrave;nh v&agrave; tr\\u1edf v\\u1ec1 \\u0111i\\u1ec3m xu\\u1ea5t ph&aacute;t ban \\u0111\\u1ea7u.<\\/p>\"]', 'Kh&ocirc;ng g&igrave; cả.', '<p><strong>&nbsp;Ph&iacute; trọn g&oacute;i cho đo&agrave;n 20 người: / KH&Aacute;CH</strong></p>\r\n<ul>\r\n<li>Ăn trọn g&oacute;i theo chương tr&igrave;nh.</li>\r\n<li>Xe: &Ocirc; t&ocirc; tiện nghi phục vụ theo chương tr&igrave;nh.</li>\r\n<li>Hướng dẫn vi&ecirc;n phục vụ suốt tuyến;</li>\r\n<li>Bảo hiểm du lịch mức tối đa 50.000.000đ/ người/ h&agrave;nh tr&igrave;nh</li>\r\n</ul>\r\n<p><strong>&nbsp;B&aacute;o gi&aacute; tr&ecirc;n kh&ocirc;ng gồm:</strong></p>\r\n<ul>\r\n<li>Đồ ăn, đồ uống (ph&aacute;t sinh theo nhu cầu c&aacute; nh&acirc;n) v&agrave; qu&agrave; lưu niệm.</li>\r\n<li>Chi ph&iacute; c&aacute; nh&acirc;n của kh&aacute;ch ngo&agrave;i chương tr&igrave;nh.</li>\r\n<li>Thuế VAT.</li>\r\n</ul>'),
(3, 2, 'Chương trình du xuân đầu năm Bái Đính - Trang An', '- Chương trình du lịch tâm linh tìm hiểu, vãn cảnh và hành hương tới khu danh thắng, di sản văn hóa và thiên nhiên thế giới: Bái Đính – Tràng An.\r\n\r\n- Cung cấp dịch vụ WIFI miễn phí trong chương trình.\r\n\r\n- Dịch vụ chất lượng cao.\r\n\r\n- Cung cấp dịch vụ tín ngưỡng như: sắm, biện lễ, cung văn sớ sách theo nhu cầu của quý khách (chi phí không bao gồm).', '- Chương tr&igrave;nh du lịch t&acirc;m linh t&igrave;m hiểu, v&atilde;n cảnh v&agrave; h&agrave;nh hương tới khu danh thắng, di sản văn h&oacute;a v&agrave; thi&ecirc;n nhi&ecirc;n thế giới: B&aacute;i Đ&iacute;nh &ndash; Tr&agrave;ng An.<br /><br />- Cung cấp dịch vụ WIFI miễn ph&iacute; trong chương tr&igrave;nh.<br /><br />- Dịch vụ chất lượng cao.<br /><br />- Cung cấp dịch vụ t&iacute;n ngưỡng như: sắm, biện lễ, cung văn sớ s&aacute;ch theo nhu cầu của qu&yacute; kh&aacute;ch (chi ph&iacute; kh&ocirc;ng bao gồm).', 'vi', 'Chương trình du xuân đầu năm Bái Đính - Trang An', 'Chương trình du xuân đầu năm Bái Đính - Trang An', '[\"H\\u00e0 N\\u1ed9i - Ninh B\\u00ecnh - H\\u00e0 N\\u1ed9i\"]', '[\"<p>\\u0110o&agrave;n t\\u1eadp chung t\\u1ea1i m\\u1ed9t \\u0111\\u1ecba \\u0111i\\u1ec3m h\\u1eb9n s\\u1eb5n.<\\/p>\\r\\n<p>7h30: \\u0110o&agrave;n xu\\u1ea5t ph&aacute;t t\\u1eeb H&agrave; N\\u1ed9i \\u0111i Ninh B&igrave;nh, c&oacute; d\\u1eebng 15 ph&uacute;t t\\u1ea1i th&agrave;nh ph\\u1ed1 Ph\\u1ee7 L&yacute;.<\\/p>\\r\\n<p>9h30: \\u0110o&agrave;n \\u0111\\u1ebfn tham quan ch&ugrave;a B&aacute;i \\u0110&iacute;nh.<\\/p>\\r\\nC&oacute; th\\u1ec3 n&oacute;i B&aacute;i \\u0110&iacute;nh l&agrave; n\\u01a1i h\\u1ed9i t\\u1ee5 c\\u1ee7a linh kh&iacute; n&uacute;i s&ocirc;ng, c\\u1ee7a t&acirc;m linh d&acirc;n t\\u1ed9c v&agrave; c\\u1ee7a nh&acirc;n ki\\u1ec7t xu\\u1ea5t ch&uacute;ng. Thi&ecirc;n nhi&ecirc;n t\\u1ea1o h&oacute;a \\u0111&atilde; \\u01b0u &aacute;i ban t\\u1eb7ng cho nh\\u1eefng ng\\u01b0\\u1eddi con Ninh B&igrave;nh phong c\\u1ea3nh s\\u01a1n th\\u1ee7y k\\u1ef3 t&uacute;, nh\\u01b0ng c\\u0169ng ch&iacute;nh con ng\\u01b0\\u1eddi c\\u0169ng g&oacute;p ph\\u1ea7n t&ocirc;n vinh v&agrave; l&agrave;m \\u0111\\u1eb9p th&ecirc;m phong c\\u1ea3nh c\\u1ee7a t\\u1ea1o h&oacute;a. V\\u1edbi ki\\u1ebfn tr&uacute;c \\u0111\\u1ed3 s\\u1ed9, nguy nga, l\\u1ed9ng l\\u1eaby, nh\\u1eefng pho t\\u01b0\\u1ee3ng c&oacute; n&eacute;t uy nghi, bao dung, ngh\\u1ec7 thu\\u1eadt ch\\u1ea1m kh\\u1eafc, \\u0111&uacute;c \\u0111\\u1ed3ng tinh t\\u1ebf, t&agrave;i t&igrave;nh c&ugrave;ng c\\u1ea3nh quan h&ugrave;ng v\\u0129, n&uacute;i g\\u1ed1i \\u0111\\u1ea7u s&ocirc;ng, m&acirc;y v\\u1eddn \\u0111\\u1ec9nh n&uacute;i, kh&ocirc;ng gian t&acirc;m linh thanh t\\u1ecbnh bao tr&ugrave;m khi\\u1ebfn m\\u1ed7i khi b\\u01b0\\u1edbc ch&acirc;n \\u0111\\u1ebfn \\u0111&acirc;y, ng\\u01b0\\u1eddi ng\\u01b0\\u1eddi th\\u01b0 th&aacute;i, l&ograve;ng s&aacute;ng, t&acirc;m t\\u1ecbnh. \\u0110\\u1ebfn v\\u1edbi B&aacute;i \\u0110&iacute;nh &ndash; ng&ocirc;i ch&ugrave;a l\\u1edbn nh\\u1ea5t Vi\\u1ec7t Nam, du kh&aacute;ch s\\u1ebd \\u0111\\u01b0\\u1ee3c chi&ecirc;m b&aacute;i hai khu ch&ugrave;a l&agrave; T&acirc;n T\\u1ef1 v&agrave; C\\u1ed5 T\\u1ef1 c&ugrave;ng c&aacute;c c\\u1ea3nh \\u0111i\\u1ec3m ch&iacute;nh nh\\u01b0 h&agrave;nh lang La H&aacute;n d&agrave;i nh\\u1ea5t Vi\\u1ec7t Nam, B\\u1ea3o Th&aacute;p th\\u1edd x&aacute; l\\u1ee3i Ph\\u1eadt t\\u1eeb \\u1ea4n \\u0110\\u1ed9 v&agrave; Mi\\u1ebfn \\u0110i\\u1ec7n,&hellip;.<br \\/>11h30: \\u0110o&agrave;n \\u0103n tr\\u01b0a t\\u1ea1i nh&agrave; h&agrave;ng v&agrave; ngh\\u1ec9 ng\\u01a1i t\\u1ea1i Ninh B&igrave;nh.<br \\/>\\r\\n<p>13h30: \\u0110o&agrave;n ti\\u1ebfp t\\u1ee5c di chuy\\u1ec3n \\u0111\\u1ebfn khu th\\u1eafng c\\u1ea3nh Tr&agrave;ng An.<\\/p>\\r\\n<p>14h: \\u0110o&agrave;n b\\u1eaft \\u0111\\u1ea7u th\\u0103m khu di t&iacute;chTr&agrave;ng An b\\u1eb1ng \\u0111&ograve;.<\\/p>\\r\\n<p>To&agrave;n c\\u1ea3nh khu sinh th&aacute;i Tr&agrave;ng An l&agrave; m\\u1ed9t v&ugrave;ng n&uacute;i non h&ugrave;ng v\\u0129, tr&aacute;ng l\\u1ec7 \\u0111\\u01b0\\u1ee3c t\\u1ea1o b\\u1edfi c&aacute;c th\\u1ebf n&uacute;i mu&ocirc;n h&igrave;nh v\\u1ea1n tr\\u1ea1ng soi b&oacute;ng xu\\u1ed1ng nh\\u1eefng d&ograve;ng su\\u1ed1i nh\\u1ecf quanh co, u\\u1ed1n kh&uacute;c n\\u1ed1i li\\u1ec1n c&aacute;c hang \\u0111\\u1ed9ng, c&aacute;c thung l\\u0169ng hoang s\\u01a1, k\\u1ef3 b&iacute; \\u0111\\u1eb9p \\u0111\\u1ebfn l\\u1ea1 th\\u01b0\\u1eddng.<\\/p>\\r\\n<p>Theo tuy\\u1ebfn n&agrave;y, du kh&aacute;ch s\\u1ebd \\u0111\\u01b0\\u1ee3c ng\\u1ed3i thuy\\u1ec1n \\u0111\\u01b0\\u1ee3c ch\\u1edf b\\u1edfi nh\\u1eefng ng\\u01b0\\u1eddi d&acirc;n \\u0111\\u1ecba ph\\u01b0\\u01a1ng th&acirc;n thi\\u1ec7n, n\\u1ed3ng h\\u1eadu v&agrave; hi\\u1ebfu kh&aacute;ch \\u0111\\u01b0a qua 12 hang \\u0111\\u1ed9ng, 3 \\u0111i\\u1ec3m t&acirc;m linh theo m\\u1ed9t l\\u1ed9 tr&igrave;nh kh&eacute;p k&iacute;n, v\\u1edbi th\\u1eddi gian h\\u01a1n 3 ti\\u1ebfng \\u0111\\u1ed3ng h\\u1ed3. \\u0110&ograve; \\u0111i d\\u1ecdc theo d&ograve;ng su\\u1ed1i qu&yacute; kh&aacute;ch s\\u1ebd \\u0111\\u01b0\\u1ee3c&nbsp;<em>chi&ecirc;m ng\\u01b0\\u1ee1ng 9 hang \\u0111\\u1ed9ng<\\/em>&nbsp;c&oacute; nhi\\u1ec1u nh\\u0169 \\u0111&aacute; \\u0111\\u1eb9p kh&ocirc;ng k&eacute;m nh\\u1eefng hang \\u0111\\u1ed9ng \\u1edf v\\u1ecbnh H\\u1ea1 Long. Khu&nbsp;<strong>du l\\u1ecbch Tr&agrave;ng an<\\/strong>&nbsp;\\u0111&atilde; tr\\u1edf th&agrave;nh \\u0111i\\u1ec3m h&agrave;nh h\\u01b0\\u01a1ng v&agrave; du l\\u1ecbch thu h&uacute;t \\u0111&ocirc;ng \\u0111\\u1ea3o du kh&aacute;ch trong v&agrave; ngo&agrave;i n\\u01b0\\u1edbc.<\\/p>\\r\\n<p>17h30: \\u0110o&agrave;n t\\u1eadp trung ra xe, t\\u1ea1m bi\\u1ec7t Ninh B&igrave;nh v&agrave; tr\\u1edf v\\u1ec1 \\u0111i\\u1ec3m xu\\u1ea5t ph&aacute;t ban \\u0111\\u1ea7u.<\\/p>\"]', 'Kh&ocirc;ng g&igrave; cả.', '<p><strong>&nbsp;Ph&iacute; trọn g&oacute;i cho đo&agrave;n 20 người: / KH&Aacute;CH</strong></p>\r\n<ul>\r\n<li>Ăn trọn g&oacute;i theo chương tr&igrave;nh.</li>\r\n<li>Xe: &Ocirc; t&ocirc; tiện nghi phục vụ theo chương tr&igrave;nh.</li>\r\n<li>Hướng dẫn vi&ecirc;n phục vụ suốt tuyến;</li>\r\n<li>Bảo hiểm du lịch mức tối đa 50.000.000đ/ người/ h&agrave;nh tr&igrave;nh</li>\r\n</ul>\r\n<p><strong>&nbsp;B&aacute;o gi&aacute; tr&ecirc;n kh&ocirc;ng gồm:</strong></p>\r\n<ul>\r\n<li>Đồ ăn, đồ uống (ph&aacute;t sinh theo nhu cầu c&aacute; nh&acirc;n) v&agrave; qu&agrave; lưu niệm.</li>\r\n<li>Chi ph&iacute; c&aacute; nh&acirc;n của kh&aacute;ch ngo&agrave;i chương tr&igrave;nh.</li>\r\n<li>Thuế VAT.</li>\r\n</ul>'),
(4, 2, 'The program of the first year of Bai An - Trang An', '- Chương trình du lịch tâm linh tìm hiểu, vãn cảnh và hành hương tới khu danh thắng, di sản văn hóa và thiên nhiên thế giới: Bái Đính – Tràng An.\r\n\r\n- Cung cấp dịch vụ WIFI miễn phí trong chương trình.\r\n\r\n- Dịch vụ chất lượng cao.\r\n\r\n- Cung cấp dịch vụ tín ngưỡng như: sắm, biện lễ, cung văn sớ sách theo nhu cầu của quý khách (chi phí không bao gồm).', '<p>- Chương tr&igrave;nh du lịch t&acirc;m linh t&igrave;m hiểu, v&atilde;n cảnh v&agrave; h&agrave;nh hương tới khu danh thắng, di sản văn h&oacute;a v&agrave; thi&ecirc;n nhi&ecirc;n thế giới: B&aacute;i Đ&iacute;nh &ndash; Tr&agrave;ng An.</p>\r\n<p>- Cung cấp dịch vụ WIFI miễn ph&iacute; trong chương tr&igrave;nh.</p>\r\n<p>- Dịch vụ chất lượng cao.</p>\r\n<p>- Cung cấp dịch vụ t&iacute;n ngưỡng như: sắm, biện lễ, cung văn sớ s&aacute;ch theo nhu cầu của qu&yacute; kh&aacute;ch (chi ph&iacute; kh&ocirc;ng bao gồm).</p>', 'en', 'The program of the first year of Bai An - Trang An', 'The program of the first year of Bai An - Trang An', '[\"Ha Noi - Ninh Binh - Ha Noi\"]', '[\"<p>\\u0110o&agrave;n t\\u1eadp chung t\\u1ea1i m\\u1ed9t \\u0111\\u1ecba \\u0111i\\u1ec3m h\\u1eb9n s\\u1eb5n.<\\/p>\\r\\n<p>7h30: \\u0110o&agrave;n xu\\u1ea5t ph&aacute;t t\\u1eeb H&agrave; N\\u1ed9i \\u0111i Ninh B&igrave;nh, c&oacute; d\\u1eebng 15 ph&uacute;t t\\u1ea1i th&agrave;nh ph\\u1ed1 Ph\\u1ee7 L&yacute;.<\\/p>\\r\\n<p>9h30: \\u0110o&agrave;n \\u0111\\u1ebfn tham quan ch&ugrave;a B&aacute;i \\u0110&iacute;nh.<\\/p>\\r\\nC&oacute; th\\u1ec3 n&oacute;i B&aacute;i \\u0110&iacute;nh l&agrave; n\\u01a1i h\\u1ed9i t\\u1ee5 c\\u1ee7a linh kh&iacute; n&uacute;i s&ocirc;ng, c\\u1ee7a t&acirc;m linh d&acirc;n t\\u1ed9c v&agrave; c\\u1ee7a nh&acirc;n ki\\u1ec7t xu\\u1ea5t ch&uacute;ng. Thi&ecirc;n nhi&ecirc;n t\\u1ea1o h&oacute;a \\u0111&atilde; \\u01b0u &aacute;i ban t\\u1eb7ng cho nh\\u1eefng ng\\u01b0\\u1eddi con Ninh B&igrave;nh phong c\\u1ea3nh s\\u01a1n th\\u1ee7y k\\u1ef3 t&uacute;, nh\\u01b0ng c\\u0169ng ch&iacute;nh con ng\\u01b0\\u1eddi c\\u0169ng g&oacute;p ph\\u1ea7n t&ocirc;n vinh v&agrave; l&agrave;m \\u0111\\u1eb9p th&ecirc;m phong c\\u1ea3nh c\\u1ee7a t\\u1ea1o h&oacute;a. V\\u1edbi ki\\u1ebfn tr&uacute;c \\u0111\\u1ed3 s\\u1ed9, nguy nga, l\\u1ed9ng l\\u1eaby, nh\\u1eefng pho t\\u01b0\\u1ee3ng c&oacute; n&eacute;t uy nghi, bao dung, ngh\\u1ec7 thu\\u1eadt ch\\u1ea1m kh\\u1eafc, \\u0111&uacute;c \\u0111\\u1ed3ng tinh t\\u1ebf, t&agrave;i t&igrave;nh c&ugrave;ng c\\u1ea3nh quan h&ugrave;ng v\\u0129, n&uacute;i g\\u1ed1i \\u0111\\u1ea7u s&ocirc;ng, m&acirc;y v\\u1eddn \\u0111\\u1ec9nh n&uacute;i, kh&ocirc;ng gian t&acirc;m linh thanh t\\u1ecbnh bao tr&ugrave;m khi\\u1ebfn m\\u1ed7i khi b\\u01b0\\u1edbc ch&acirc;n \\u0111\\u1ebfn \\u0111&acirc;y, ng\\u01b0\\u1eddi ng\\u01b0\\u1eddi th\\u01b0 th&aacute;i, l&ograve;ng s&aacute;ng, t&acirc;m t\\u1ecbnh. \\u0110\\u1ebfn v\\u1edbi B&aacute;i \\u0110&iacute;nh &ndash; ng&ocirc;i ch&ugrave;a l\\u1edbn nh\\u1ea5t Vi\\u1ec7t Nam, du kh&aacute;ch s\\u1ebd \\u0111\\u01b0\\u1ee3c chi&ecirc;m b&aacute;i hai khu ch&ugrave;a l&agrave; T&acirc;n T\\u1ef1 v&agrave; C\\u1ed5 T\\u1ef1 c&ugrave;ng c&aacute;c c\\u1ea3nh \\u0111i\\u1ec3m ch&iacute;nh nh\\u01b0 h&agrave;nh lang La H&aacute;n d&agrave;i nh\\u1ea5t Vi\\u1ec7t Nam, B\\u1ea3o Th&aacute;p th\\u1edd x&aacute; l\\u1ee3i Ph\\u1eadt t\\u1eeb \\u1ea4n \\u0110\\u1ed9 v&agrave; Mi\\u1ebfn \\u0110i\\u1ec7n,&hellip;.<br \\/>11h30: \\u0110o&agrave;n \\u0103n tr\\u01b0a t\\u1ea1i nh&agrave; h&agrave;ng v&agrave; ngh\\u1ec9 ng\\u01a1i t\\u1ea1i Ninh B&igrave;nh.<br \\/>\\r\\n<p>13h30: \\u0110o&agrave;n ti\\u1ebfp t\\u1ee5c di chuy\\u1ec3n \\u0111\\u1ebfn khu th\\u1eafng c\\u1ea3nh Tr&agrave;ng An.<\\/p>\\r\\n<p>14h: \\u0110o&agrave;n b\\u1eaft \\u0111\\u1ea7u th\\u0103m khu di t&iacute;chTr&agrave;ng An b\\u1eb1ng \\u0111&ograve;.<\\/p>\\r\\n<p>To&agrave;n c\\u1ea3nh khu sinh th&aacute;i Tr&agrave;ng An l&agrave; m\\u1ed9t v&ugrave;ng n&uacute;i non h&ugrave;ng v\\u0129, tr&aacute;ng l\\u1ec7 \\u0111\\u01b0\\u1ee3c t\\u1ea1o b\\u1edfi c&aacute;c th\\u1ebf n&uacute;i mu&ocirc;n h&igrave;nh v\\u1ea1n tr\\u1ea1ng soi b&oacute;ng xu\\u1ed1ng nh\\u1eefng d&ograve;ng su\\u1ed1i nh\\u1ecf quanh co, u\\u1ed1n kh&uacute;c n\\u1ed1i li\\u1ec1n c&aacute;c hang \\u0111\\u1ed9ng, c&aacute;c thung l\\u0169ng hoang s\\u01a1, k\\u1ef3 b&iacute; \\u0111\\u1eb9p \\u0111\\u1ebfn l\\u1ea1 th\\u01b0\\u1eddng.<\\/p>\\r\\n<p>Theo tuy\\u1ebfn n&agrave;y, du kh&aacute;ch s\\u1ebd \\u0111\\u01b0\\u1ee3c ng\\u1ed3i thuy\\u1ec1n \\u0111\\u01b0\\u1ee3c ch\\u1edf b\\u1edfi nh\\u1eefng ng\\u01b0\\u1eddi d&acirc;n \\u0111\\u1ecba ph\\u01b0\\u01a1ng th&acirc;n thi\\u1ec7n, n\\u1ed3ng h\\u1eadu v&agrave; hi\\u1ebfu kh&aacute;ch \\u0111\\u01b0a qua 12 hang \\u0111\\u1ed9ng, 3 \\u0111i\\u1ec3m t&acirc;m linh theo m\\u1ed9t l\\u1ed9 tr&igrave;nh kh&eacute;p k&iacute;n, v\\u1edbi th\\u1eddi gian h\\u01a1n 3 ti\\u1ebfng \\u0111\\u1ed3ng h\\u1ed3. \\u0110&ograve; \\u0111i d\\u1ecdc theo d&ograve;ng su\\u1ed1i qu&yacute; kh&aacute;ch s\\u1ebd \\u0111\\u01b0\\u1ee3c&nbsp;<em>chi&ecirc;m ng\\u01b0\\u1ee1ng 9 hang \\u0111\\u1ed9ng<\\/em>&nbsp;c&oacute; nhi\\u1ec1u nh\\u0169 \\u0111&aacute; \\u0111\\u1eb9p kh&ocirc;ng k&eacute;m nh\\u1eefng hang \\u0111\\u1ed9ng \\u1edf v\\u1ecbnh H\\u1ea1 Long. Khu&nbsp;<strong>du l\\u1ecbch Tr&agrave;ng an<\\/strong>&nbsp;\\u0111&atilde; tr\\u1edf th&agrave;nh \\u0111i\\u1ec3m h&agrave;nh h\\u01b0\\u01a1ng v&agrave; du l\\u1ecbch thu h&uacute;t \\u0111&ocirc;ng \\u0111\\u1ea3o du kh&aacute;ch trong v&agrave; ngo&agrave;i n\\u01b0\\u1edbc.<\\/p>\\r\\n<p>17h30: \\u0110o&agrave;n t\\u1eadp trung ra xe, t\\u1ea1m bi\\u1ec7t Ninh B&igrave;nh v&agrave; tr\\u1edf v\\u1ec1 \\u0111i\\u1ec3m xu\\u1ea5t ph&aacute;t ban \\u0111\\u1ea7u.<\\/p>\"]', 'Kh&ocirc;ng g&igrave; cả.', '<p><strong>&nbsp;Ph&iacute; trọn g&oacute;i cho đo&agrave;n 20 người: / KH&Aacute;CH</strong></p>\r\n<ul>\r\n<li>Ăn trọn g&oacute;i theo chương tr&igrave;nh.</li>\r\n<li>Xe: &Ocirc; t&ocirc; tiện nghi phục vụ theo chương tr&igrave;nh.</li>\r\n<li>Hướng dẫn vi&ecirc;n phục vụ suốt tuyến;</li>\r\n<li>Bảo hiểm du lịch mức tối đa 50.000.000đ/ người/ h&agrave;nh tr&igrave;nh</li>\r\n</ul>\r\n<p><strong>&nbsp;B&aacute;o gi&aacute; tr&ecirc;n kh&ocirc;ng gồm:</strong></p>\r\n<ul>\r\n<li>Đồ ăn, đồ uống (ph&aacute;t sinh theo nhu cầu c&aacute; nh&acirc;n) v&agrave; qu&agrave; lưu niệm.</li>\r\n<li>Chi ph&iacute; c&aacute; nh&acirc;n của kh&aacute;ch ngo&agrave;i chương tr&igrave;nh.</li>\r\n<li>Thuế VAT.</li>\r\n</ul>'),
(5, 3, 'CHƯƠNG TRÌNH DU LỊCH KẾT HỢP CHIÊM BÁI DANH TỰ PHẬT GIÁO ĐÀI LOAN 5 NGÀY 4 ĐÊM', 'Đài Loan là một quốc đảo xinh đẹp với nhiều phong cảnh thiên nhiên thơ mộng say đắm lòng người. Đến đây bạn có thể tha hồ khám phá vẻ đẹp của biển đảo, các đồi núi, cho đến các khu vui chơi hay các tòa nhà chọc trời ở những thành phố sầm uất.', '* Kh&aacute;ch sạn 4 sao suốt chương tr&igrave;nh.<br />* Hướng dẫn vi&ecirc;n c&oacute; nhiều kinh nghiệm, nhiệt th&agrave;nh, chu đ&aacute;o.<br />* Kh&aacute;m ph&aacute; đảo ngọc Đ&agrave;i Loan xinh đẹp<br />* Trải nghiệm đi t&agrave;u điện ngầm hiện đại<br />* Tham gia trải nghiệm học l&agrave;m b&aacute;nh dứa - loại b&aacute;nh truyền thống của người Đ&agrave;i Loan<br />* Nhận ngay qu&agrave; tặng từ Diamondtour: vỏ bọc hộ chiếu, &ocirc; cao cấp.', 'vi', 'CHƯƠNG TRÌNH DU LỊCH KẾT HỢP CHIÊM BÁI DANH TỰ PHẬT GIÁO ĐÀI LOAN 5 NGÀY 4 ĐÊM', 'CHƯƠNG TRÌNH DU LỊCH KẾT HỢP CHIÊM BÁI DANH TỰ PHẬT GIÁO ĐÀI LOAN 5 NGÀY 4 ĐÊM', '[\"H\\u00e0 N\\u1ed9i, \\u0110\\u1ea3o Vi\\u00ean, \\u0110\\u00e0i B\\u1eafc\",\"\\u0110\\u00e0i B\\u1eafc\",\"\\u0110\\u00e0i B\\u1eafc, \\u0110\\u00e0i Trung\",\"\\u0110ai Trung, Gia Ngh\\u0129a\",\"Gia Ngh\\u0129a, Cao H\\u00f9ng, H\\u00e0 N\\u1ed9i\"]', '[\"04h00: \\u0110o&agrave;n t\\u1eadp chung t\\u1ea1i \\u0111\\u1ecba \\u0111i\\u1ec3m h\\u1eb9n tr\\u01b0\\u1edbc sau \\u0111&oacute; kh\\u1edfi h&agrave;nh \\u0111i s&acirc;n bay N\\u1ed9i B&agrave;i. \\u0110\\u1ebfn n\\u01a1i, \\u0111o&agrave;n l&agrave;m th\\u1ee7 t\\u1ee5c cho chuy\\u1ebfn bay VJ940\\/0715-1100 \\u0111\\u1ebfn \\u0110&agrave;i Loan.<br \\/>\\u0110o&agrave;n tham quan Ch&ugrave;a Long S\\u01a1n: Ng&ocirc;i ch&ugrave;a n\\u1ed5i ti\\u1ebfng \\u0111\\u01b0\\u1ee3c x&acirc;y d\\u1ef1ng n\\u0103m 1738, v&agrave;o th\\u1eddi vua C&agrave;n Long, \\u0111\\u1eddi nh&agrave; Thanh v&agrave; ch\\u1ee7 y\\u1ebfu l&agrave; th\\u1edd Ph\\u1eadt Qu&aacute;n Th\\u1ebf &Acirc;m B\\u1ed3 T&aacute;t. <br \\/>\\u0110o&agrave;n ti\\u1ebfp t\\u1ee5c tham quan ch&ugrave;a Ph\\u1eadt Ng\\u1ecdc v&agrave; qu\\u1ea3ng tr\\u01b0\\u1eddng T\\u1ef1 Do, T&ograve;a nh&agrave; Taipei 101, qu&yacute; kh&aacute;ch c&oacute; th\\u1ec3 t\\u1ef1 t&uacute;c mua v&eacute; l&ecirc;n t\\u1ea7ng 89 \\u0111\\u1ec3 tham quan v&agrave; ng\\u1eafm to&agrave;n c\\u1ea3nh th&agrave;nh ph\\u1ed1 \\u0110&agrave;i B\\u1eafc. <br \\/>\\u0110o&agrave;n t\\u1ed1i v&agrave; ngh\\u1ec9 \\u0111&ecirc;m t\\u1ea1i \\u0110&agrave;i B\\u1eafc.\",\"Sau b\\u1eefa s&aacute;ng, \\u0111o&agrave;n tham quan Ph&aacute;p C\\u1ed5 S\\u01a1n - \\u0111\\u1ea1o tr&agrave;ng Ph\\u1eadt gi&aacute;o c&oacute; s\\u1ee9c \\u1ea3nh h\\u01b0\\u1edfng l\\u1edbn t\\u1ea1i \\u0110&agrave;i Loan.<br \\/>Bu\\u1ed5i chi\\u1ec1u, Qu&yacute; kh&aacute;ch tham quan Linh Th\\u1ee9u S\\u01a1n - \\u0111\\u1ea1o tr&agrave;ng V&ocirc; Sinh. <br \\/>Bu\\u1ed5i t\\u1ed1i, \\u0111o&agrave;n t\\u1ef1 do mua s\\u1eafm v&agrave; kh&aacute;m ph&aacute; Ch\\u1ee3 \\u0111&ecirc;m Raohe (n\\u1ebfu c&oacute; th\\u1eddi gian). \\u0110o&agrave;n ngh\\u1ec9 \\u0111&ecirc;m t\\u1ea1i \\u0110&agrave;i B\\u1eafc.\",\"Sau khi \\u0103n s&aacute;ng, \\u0111o&agrave;n chi&ecirc;m b&aacute;i B&iacute;ch S\\u01a1n Nham. \\u0110&acirc;y l&agrave; Mi\\u1ebfu t\\u1ed5 th\\u1edd Th&aacute;nh V\\u01b0\\u01a1ng Khai Ch\\u01b0\\u01a1ng l\\u1edbn nh\\u1ea5t \\u0110&agrave;i Loan (Th&aacute;nh v\\u01b0\\u01a1ng Khai Ch\\u01b0\\u01a1ng l&agrave; m\\u1ed9t trong nh\\u1eefng t&iacute;n ng\\u01b0\\u1ee1ng d&acirc;n gian quan tr\\u1ecdng khu v\\u1ef1c Ph&uacute;c Ki\\u1ebfn v&agrave; \\u0110&agrave;i Loan). <br \\/>Bu\\u1ed5i chi\\u1ec1u, \\u0111o&agrave;n l&ecirc;n xe di chuy\\u1ec3n v\\u1ec1 \\u0110&agrave;i Trung, \\u0103n t\\u1ed1i v&agrave; ngh\\u1ec9 \\u0111&ecirc;m t\\u1ea1i \\u0111&acirc;y\",\"Sau b\\u1eefa s&aacute;ng, \\u0111o&agrave;n tham quan Trung \\u0110&agrave;i Thi\\u1ec1n T\\u1ef1, ng&ocirc;i Thi\\u1ec1n t\\u1ecda l\\u1ea1c t\\u1ea1i th\\u1ecb tr\\u1ea5n Ph\\u1ed5 L&yacute; huy\\u1ec7n Nam \\u0110\\u1ea7u, \\u0110&agrave;i Loan. \\u0110\\u0103ng k&iacute; ri&ecirc;ng \\u0111\\u1ec3 \\u0111o&agrave;n \\u0111\\u01b0\\u1ee3c l&ecirc;n chi&ecirc;m b&aacute;i th&aacute;p D\\u01b0\\u1ee3c S\\u01b0 L\\u01b0u Ly Quang Nh\\u01b0 Lai t\\u1ea7ng 16.<br \\/>Sau b\\u1eefa tr\\u01b0a, Qu&yacute; kh&aacute;ch tham quan H\\u1ed3 Nh\\u1eadt Nguy\\u1ec7t (Sun Moon Lake) - h\\u1ed3 n\\u1eb1m t\\u1ea1i \\u0111\\u1ed9 cao h\\u01a1n 700m so v\\u1edbi m\\u1ef1c n\\u01b0\\u1edbc bi\\u1ec3n, xung quanh l&agrave; tr\\u1eadp tr&ugrave;ng n&uacute;i non, phong c\\u1ea3nh h\\u1eefu t&igrave;nh. <br \\/>Tham quan ch&ugrave;a Huy\\u1ec1n Trang, n\\u01a1i l\\u01b0u gi\\u1eef x&aacute; l\\u1ee3i \\u0111\\u1ec9nh \\u0111\\u1ea7u c\\u1ee7a \\u0110\\u01b0\\u1eddng Tam T\\u1ea1ng ph&aacute;p s\\u01b0 Huy\\u1ec1n Trang, Qu&yacute; kh&aacute;ch chi&ecirc;m b&aacute;i \\u0111\\u1ec9nh l\\u1ec5 x&aacute; l\\u1ee3i ng&agrave;i Huy\\u1ec1n Trang.\",\"Sau b\\u1eefa s&aacute;ng, \\u0111o&agrave;n tham quan Ph\\u1eadt Quang S\\u01a1n - ng&ocirc;i ch&ugrave;a n\\u1ed5i ti\\u1ebfng nh\\u1ea5t Cao H&ugrave;ng v\\u1edbi t\\u01b0\\u1ee3ng Ph\\u1eadt ngo&agrave;i tr\\u1eddi cao 36m, c&ugrave;ng v\\u1edbi qu\\u1ea7n th\\u1ec3 h\\u01a1n 480 t\\u01b0\\u1ee3ng Ph\\u1eadt nh\\u1ecf chung quanh.<br \\/>Bu\\u1ed5i chi\\u1ec1u,\\u0111o&agrave;n d\\u1eebng ch&acirc;n t\\u1ea1i C\\u1eeda h&agrave;ng B&aacute;nh d\\u1ee9a &ndash; \\u0111\\u1eb7c s\\u1ea3n n\\u1ed5i ti\\u1ebfng c\\u1ee7a \\u0110&agrave;i Loan v&agrave; tham quan Th&aacute;p Long H\\u1ed5.<br \\/>15h30, \\u0111o&agrave;n ra s&acirc;n bay l&agrave;m th\\u1ee7 t\\u1ee5c cho chuy\\u1ebfn bay VJ9471845-2020 v\\u1ec1 Vi\\u1ec7t Nam. V\\u1ec1 \\u0111\\u1ebfn Vi\\u1ec7t Nam, \\u0111o&agrave;n chia tay h\\u01b0\\u1edbng d\\u1eabn, k\\u1ebft th&uacute;c ch\\u01b0\\u01a1ng tr&igrave;nh du l\\u1ecbch, chi&ecirc;m b&aacute;i \\u0111\\u1ea7y th&uacute; v\\u1ecb.\"]', '<table style=\"width: 932.364px;\" width=\"1254\">\r\n<tbody>\r\n<tr>\r\n<td style=\"width: 417.841px;\" colspan=\"3\">ĐIỀU KIỆN ĐĂNG K&Yacute; TOUR</td>\r\n<td style=\"width: 498.75px;\">ĐIỀU KIỆN HỦY TOUR</td>\r\n</tr>\r\n<tr>\r\n<td style=\"width: 417.841px;\" colspan=\"3\">*Qu&yacute; kh&aacute;ch c&oacute; đầy đủ sức khỏe tham gia chương tr&igrave;nh.<br />*Đặt cọc 50%/1 kh&aacute;ch khi đăng k&yacute; chương tr&igrave;nh.&nbsp; <br />*Thanh to&aacute;n to&agrave;n bộ số tiền trước 20 ng&agrave;y khởi h&agrave;nh.<br />*Hộ chiếu c&ograve;n thời hạn tr&ecirc;n 6 th&aacute;ng t&iacute;nh đến ng&agrave;y về.</td>\r\n<td style=\"width: 498.75px;\">*Ngay sau khi đặt cọc: Ph&iacute; hủy l&agrave; 15% tiền tour<br />*Trước ng&agrave;y khởi h&agrave;nh 30 ng&agrave;y: Ph&iacute; hủy l&agrave; 25% tiền tour<br />*Từ trước 8 - 29 ng&agrave;y trước ng&agrave;y KH: Ph&iacute; hủy l&agrave; 35% tiền tour<br />*Trước 07 ng&agrave;y khởi h&agrave;nh: Ph&iacute; hủy l&agrave; 70% tiền tour</td>\r\n</tr>\r\n<tr>\r\n<td style=\"width: 922.386px;\" colspan=\"4\">*Khi đăng k&yacute; tour du lịch, Qu&yacute; kh&aacute;ch vui l&ograve;ng đọc kỹ chương tr&igrave;nh, gi&aacute; tour, c&aacute;c khoản bao gồm cũng như kh&ocirc;ng bao gồm trong chương tr&igrave;nh, c&aacute;c điều kiện hủy tour. Trong trường hợp Qu&yacute; kh&aacute;ch kh&ocirc;ng trực tiếp đến đăng k&yacute; tour m&agrave; do người kh&aacute;c đến đăng k&yacute; th&igrave; Qu&yacute; kh&aacute;ch vui l&ograve;ng t&igrave;m hiểu kỹ chương tr&igrave;nh từ người đăng k&yacute; cho m&igrave;nh.<br />*Qu&yacute; kh&aacute;ch từ 70 tuổi trở l&ecirc;n y&ecirc;u cầu cam kết sức khỏe với C&ocirc;ng ty. <br />*Do c&aacute;c chuyến bay phụ thuộc v&agrave;o c&aacute;c h&atilde;ng H&agrave;ng Kh&ocirc;ng n&ecirc;n trong một số trường hợp giờ bay c&oacute; thể thay đổi m&agrave; kh&ocirc;ng được b&aacute;o trước.<br />*T&ugrave;y v&agrave;o t&igrave;nh h&igrave;nh thực tế, thứ tự c&aacute;c điểm thăm quan trong chương tr&igrave;nh c&oacute; thể thay đổi nhưng vẫn đảm bảo đầy đủ c&aacute;c điểm thăm quan như l&uacute;c đầu.<br />*Trong trường hợp xảy ra thi&ecirc;n tai: b&atilde;o lụt, hạn h&aacute;n, động đất&hellip;; Sự cố về an ninh: khủng bố, biểu t&igrave;nh; Sự cố về h&agrave;ng kh&ocirc;ng: trục trặc kỹ thuật, an ninh, dời, hủy, ho&atilde;n chuyến bay, Diamondtour sẽ xem x&eacute;t để ho&agrave;n trả chi ph&iacute; kh&ocirc;ng thăm quan cho kh&aacute;ch trong điều kiện c&oacute; thể (Sau khi đ&atilde; trừ lại c&aacute;c dịch vụ đ&atilde; thực hiện như ph&iacute; l&agrave;m visa. V&agrave; kh&ocirc;ng chịu tr&aacute;ch nhiệm bồi thường th&ecirc;m bất kỳ chi ph&iacute; n&agrave;o kh&aacute;c).<br /><br /><br /></td>\r\n</tr>\r\n</tbody>\r\n</table>', '<table width=\"716\">\r\n<tbody>\r\n<tr>\r\n<td colspan=\"3\" width=\"716\">GI&Aacute; TOUR BAO GỒM&nbsp;</td>\r\n</tr>\r\n<tr>\r\n<td colspan=\"3\" width=\"716\">*Kh&aacute;ch sạn chuẩn 4 sao ở Đ&agrave;i Loan (2 kh&aacute;ch/ ph&ograve;ng; nếu lẻ kh&aacute;ch sẽ ở ph&ograve;ng 3 người);<br />*Ăn trọn g&oacute;i theo chương tr&igrave;nh. <br />*Xe: &Ocirc; t&ocirc; tiện nghi phục vụ theo chương tr&igrave;nh. <br />*V&eacute; v&agrave;o cửa tham quan cổng thứ nhất.<br />*V&eacute; m&aacute;y bay, lệ ph&iacute; s&acirc;n bay, ph&iacute; an ninh, phụ ph&iacute; xăng dầu tất cả c&aacute;c chặng.<br />*Hướng dẫn vi&ecirc;n n&oacute;i tiếng Việt chuy&ecirc;n tuyến v&agrave; tiếng Th&aacute;i phục vụ suốt tuyến theo chương tr&igrave;nh;<br />*Evisa nhập cảnh Đ&agrave;i Loan<br />*Bảo hiểm du lịch mức tối đa 200.000.000đ/ người/ h&agrave;nh tr&igrave;nh;<br /><br /></td>\r\n</tr>\r\n<tr>\r\n<td colspan=\"3\">GI&Aacute; TOUR KH&Ocirc;NG BAO GỒM</td>\r\n</tr>\r\n<tr>\r\n<td colspan=\"3\" width=\"716\">*Ph&iacute; ph&ograve;ng đơn (d&agrave;nh cho kh&aacute;ch y&ecirc;u cầu ở ph&ograve;ng đơn).<br />*Đồ uống (bia rượu trong bữa ăn), điện thoại, giặt l&agrave;, h&agrave;nh l&yacute; qu&aacute; cước theo quy định của h&agrave;ng kh&ocirc;ng.<br />*Tiền tip cho hướng dẫn vi&ecirc;n $/h&agrave;nh tr&igrave;nh.<br />*Chi ph&iacute; c&aacute; nh&acirc;n của kh&aacute;ch ngo&agrave;i chương tr&igrave;nh.<br />*Chi ph&iacute; dời ng&agrave;y, đổi chặng, n&acirc;ng hạng v&eacute; m&aacute;y bay.<br />*Thuế VAT.</td>\r\n</tr>\r\n</tbody>\r\n</table>'),
(6, 3, 'CHUONG TRINH DU LICH KET HOP CHIEM BAI DANH TU PHAT GIAO ĐAI LOAN 5 NGAY 4 ĐEM', 'Đài Loan là một quốc đảo xinh đẹp với nhiều phong cảnh thiên nhiên thơ mộng say đắm lòng người. Đến đây bạn có thể tha hồ khám phá vẻ đẹp của biển đảo, các đồi núi, cho đến các khu vui chơi hay các tòa nhà chọc trời ở những thành phố sầm uất.', '<table width=\"480\">\r\n<tbody>\r\n<tr>\r\n<td colspan=\"2\" width=\"480\">* Kh&aacute;ch sạn 4 sao suốt chương tr&igrave;nh.<br />* Hướng dẫn vi&ecirc;n c&oacute; nhiều kinh nghiệm, nhiệt th&agrave;nh, chu đ&aacute;o.<br />* Kh&aacute;m ph&aacute; đảo ngọc Đ&agrave;i Loan xinh đẹp<br />* Trải nghiệm đi t&agrave;u điện ngầm hiện đại<br />* Tham gia trải nghiệm học l&agrave;m b&aacute;nh dứa - loại b&aacute;nh truyền thống của người Đ&agrave;i Loan<br />* Nhận ngay qu&agrave; tặng từ Diamondtour: vỏ bọc hộ chiếu, &ocirc; cao cấp.</td>\r\n</tr>\r\n</tbody>\r\n</table>', 'en', 'CHUONG TRINH DU LICH KET HOP CHIEM BAI DANH TU PHAT GIAO ĐAI LOAN 5 NGAY 4 ĐEM', 'CHUONG TRINH DU LICH KET HOP CHIEM BAI DANH TU PHAT GIAO ĐAI LOAN 5 NGAY 4 ĐEM', '[\"Ha Noi, Dao Vien, Dai Bac\",\"Dai Bac\",\"Dai Bac, Dai Trung\",\"Dai Trung, Gia Nghia\",\"Gia Nghia, Cao hung, Ha Noi\"]', '[\"<table width=\\\"774\\\">\\r\\n<tbody>\\r\\n<tr>\\r\\n<td colspan=\\\"2\\\" width=\\\"774\\\">04h00: \\u0110o&agrave;n t\\u1eadp chung t\\u1ea1i \\u0111\\u1ecba \\u0111i\\u1ec3m h\\u1eb9n tr\\u01b0\\u1edbc sau \\u0111&oacute; kh\\u1edfi h&agrave;nh \\u0111i s&acirc;n bay N\\u1ed9i B&agrave;i. \\u0110\\u1ebfn n\\u01a1i, \\u0111o&agrave;n l&agrave;m th\\u1ee7 t\\u1ee5c cho chuy\\u1ebfn bay VJ940\\/0715-1100 \\u0111\\u1ebfn \\u0110&agrave;i Loan.<br \\/>\\u0110o&agrave;n tham quan Ch&ugrave;a Long S\\u01a1n: Ng&ocirc;i ch&ugrave;a n\\u1ed5i ti\\u1ebfng \\u0111\\u01b0\\u1ee3c x&acirc;y d\\u1ef1ng n\\u0103m 1738, v&agrave;o th\\u1eddi vua C&agrave;n Long, \\u0111\\u1eddi nh&agrave; Thanh v&agrave; ch\\u1ee7 y\\u1ebfu l&agrave; th\\u1edd Ph\\u1eadt Qu&aacute;n Th\\u1ebf &Acirc;m B\\u1ed3 T&aacute;t. <br \\/>\\u0110o&agrave;n ti\\u1ebfp t\\u1ee5c tham quan ch&ugrave;a Ph\\u1eadt Ng\\u1ecdc v&agrave; qu\\u1ea3ng tr\\u01b0\\u1eddng T\\u1ef1 Do, T&ograve;a nh&agrave; Taipei 101, qu&yacute; kh&aacute;ch c&oacute; th\\u1ec3 t\\u1ef1 t&uacute;c mua v&eacute; l&ecirc;n t\\u1ea7ng 89 \\u0111\\u1ec3 tham quan v&agrave; ng\\u1eafm to&agrave;n c\\u1ea3nh th&agrave;nh ph\\u1ed1 \\u0110&agrave;i B\\u1eafc. <br \\/>\\u0110o&agrave;n t\\u1ed1i v&agrave; ngh\\u1ec9 \\u0111&ecirc;m t\\u1ea1i \\u0110&agrave;i B\\u1eafc.<\\/td>\\r\\n<\\/tr>\\r\\n<\\/tbody>\\r\\n<\\/table>\",\"<table width=\\\"774\\\">\\r\\n<tbody>\\r\\n<tr>\\r\\n<td colspan=\\\"2\\\" width=\\\"774\\\">Sau b\\u1eefa s&aacute;ng, \\u0111o&agrave;n tham quan Ph&aacute;p C\\u1ed5 S\\u01a1n - \\u0111\\u1ea1o tr&agrave;ng Ph\\u1eadt gi&aacute;o c&oacute; s\\u1ee9c \\u1ea3nh h\\u01b0\\u1edfng l\\u1edbn t\\u1ea1i \\u0110&agrave;i Loan.<br \\/>Bu\\u1ed5i chi\\u1ec1u, Qu&yacute; kh&aacute;ch tham quan Linh Th\\u1ee9u S\\u01a1n - \\u0111\\u1ea1o tr&agrave;ng V&ocirc; Sinh. <br \\/>Bu\\u1ed5i t\\u1ed1i, \\u0111o&agrave;n t\\u1ef1 do mua s\\u1eafm v&agrave; kh&aacute;m ph&aacute; Ch\\u1ee3 \\u0111&ecirc;m Raohe (n\\u1ebfu c&oacute; th\\u1eddi gian). \\u0110o&agrave;n ngh\\u1ec9 \\u0111&ecirc;m t\\u1ea1i \\u0110&agrave;i B\\u1eafc.<\\/td>\\r\\n<\\/tr>\\r\\n<\\/tbody>\\r\\n<\\/table>\",\"Sau khi \\u0103n s&aacute;ng, \\u0111o&agrave;n chi&ecirc;m b&aacute;i B&iacute;ch S\\u01a1n Nham. \\u0110&acirc;y l&agrave; Mi\\u1ebfu t\\u1ed5 th\\u1edd Th&aacute;nh V\\u01b0\\u01a1ng Khai Ch\\u01b0\\u01a1ng l\\u1edbn nh\\u1ea5t \\u0110&agrave;i Loan (Th&aacute;nh v\\u01b0\\u01a1ng Khai Ch\\u01b0\\u01a1ng l&agrave; m\\u1ed9t trong nh\\u1eefng t&iacute;n ng\\u01b0\\u1ee1ng d&acirc;n gian quan tr\\u1ecdng khu v\\u1ef1c Ph&uacute;c Ki\\u1ebfn v&agrave; \\u0110&agrave;i Loan). <br \\/>Bu\\u1ed5i chi\\u1ec1u, \\u0111o&agrave;n l&ecirc;n xe di chuy\\u1ec3n v\\u1ec1 \\u0110&agrave;i Trung, \\u0103n t\\u1ed1i v&agrave; ngh\\u1ec9 \\u0111&ecirc;m t\\u1ea1i \\u0111&acirc;y\",\"Sau b\\u1eefa s&aacute;ng, \\u0111o&agrave;n tham quan Trung \\u0110&agrave;i Thi\\u1ec1n T\\u1ef1, ng&ocirc;i Thi\\u1ec1n t\\u1ecda l\\u1ea1c t\\u1ea1i th\\u1ecb tr\\u1ea5n Ph\\u1ed5 L&yacute; huy\\u1ec7n Nam \\u0110\\u1ea7u, \\u0110&agrave;i Loan. \\u0110\\u0103ng k&iacute; ri&ecirc;ng \\u0111\\u1ec3 \\u0111o&agrave;n \\u0111\\u01b0\\u1ee3c l&ecirc;n chi&ecirc;m b&aacute;i th&aacute;p D\\u01b0\\u1ee3c S\\u01b0 L\\u01b0u Ly Quang Nh\\u01b0 Lai t\\u1ea7ng 16.<br \\/>Sau b\\u1eefa tr\\u01b0a, Qu&yacute; kh&aacute;ch tham quan H\\u1ed3 Nh\\u1eadt Nguy\\u1ec7t (Sun Moon Lake) - h\\u1ed3 n\\u1eb1m t\\u1ea1i \\u0111\\u1ed9 cao h\\u01a1n 700m so v\\u1edbi m\\u1ef1c n\\u01b0\\u1edbc bi\\u1ec3n, xung quanh l&agrave; tr\\u1eadp tr&ugrave;ng n&uacute;i non, phong c\\u1ea3nh h\\u1eefu t&igrave;nh. <br \\/>Tham quan ch&ugrave;a Huy\\u1ec1n Trang, n\\u01a1i l\\u01b0u gi\\u1eef x&aacute; l\\u1ee3i \\u0111\\u1ec9nh \\u0111\\u1ea7u c\\u1ee7a \\u0110\\u01b0\\u1eddng Tam T\\u1ea1ng ph&aacute;p s\\u01b0 Huy\\u1ec1n Trang, Qu&yacute; kh&aacute;ch chi&ecirc;m b&aacute;i \\u0111\\u1ec9nh l\\u1ec5 x&aacute; l\\u1ee3i ng&agrave;i Huy\\u1ec1n Trang.\",\"Sau b\\u1eefa s&aacute;ng, \\u0111o&agrave;n tham quan Ph\\u1eadt Quang S\\u01a1n - ng&ocirc;i ch&ugrave;a n\\u1ed5i ti\\u1ebfng nh\\u1ea5t Cao H&ugrave;ng v\\u1edbi t\\u01b0\\u1ee3ng Ph\\u1eadt ngo&agrave;i tr\\u1eddi cao 36m, c&ugrave;ng v\\u1edbi qu\\u1ea7n th\\u1ec3 h\\u01a1n 480 t\\u01b0\\u1ee3ng Ph\\u1eadt nh\\u1ecf chung quanh.<br \\/>Bu\\u1ed5i chi\\u1ec1u,\\u0111o&agrave;n d\\u1eebng ch&acirc;n t\\u1ea1i C\\u1eeda h&agrave;ng B&aacute;nh d\\u1ee9a &ndash; \\u0111\\u1eb7c s\\u1ea3n n\\u1ed5i ti\\u1ebfng c\\u1ee7a \\u0110&agrave;i Loan v&agrave; tham quan Th&aacute;p Long H\\u1ed5.<br \\/>15h30, \\u0111o&agrave;n ra s&acirc;n bay l&agrave;m th\\u1ee7 t\\u1ee5c cho chuy\\u1ebfn bay VJ9471845-2020 v\\u1ec1 Vi\\u1ec7t Nam. V\\u1ec1 \\u0111\\u1ebfn Vi\\u1ec7t Nam, \\u0111o&agrave;n chia tay h\\u01b0\\u1edbng d\\u1eabn, k\\u1ebft th&uacute;c ch\\u01b0\\u01a1ng tr&igrave;nh du l\\u1ecbch, chi&ecirc;m b&aacute;i \\u0111\\u1ea7y th&uacute; v\\u1ecb.\"]', '<table style=\"width: 932.364px;\" width=\"1254\">\r\n<tbody>\r\n<tr>\r\n<td style=\"width: 417.841px;\" colspan=\"3\">ĐIỀU KIỆN ĐĂNG K&Yacute; TOUR</td>\r\n<td style=\"width: 498.75px;\">ĐIỀU KIỆN HỦY TOUR</td>\r\n</tr>\r\n<tr>\r\n<td style=\"width: 417.841px;\" colspan=\"3\">*Qu&yacute; kh&aacute;ch c&oacute; đầy đủ sức khỏe tham gia chương tr&igrave;nh.<br />*Đặt cọc 50%/1 kh&aacute;ch khi đăng k&yacute; chương tr&igrave;nh.&nbsp; <br />*Thanh to&aacute;n to&agrave;n bộ số tiền trước 20 ng&agrave;y khởi h&agrave;nh.<br />*Hộ chiếu c&ograve;n thời hạn tr&ecirc;n 6 th&aacute;ng t&iacute;nh đến ng&agrave;y về.</td>\r\n<td style=\"width: 498.75px;\">*Ngay sau khi đặt cọc: Ph&iacute; hủy l&agrave; 15% tiền tour<br />*Trước ng&agrave;y khởi h&agrave;nh 30 ng&agrave;y: Ph&iacute; hủy l&agrave; 25% tiền tour<br />*Từ trước 8 - 29 ng&agrave;y trước ng&agrave;y KH: Ph&iacute; hủy l&agrave; 35% tiền tour<br />*Trước 07 ng&agrave;y khởi h&agrave;nh: Ph&iacute; hủy l&agrave; 70% tiền tour</td>\r\n</tr>\r\n<tr>\r\n<td style=\"width: 922.386px;\" colspan=\"4\">*Khi đăng k&yacute; tour du lịch, Qu&yacute; kh&aacute;ch vui l&ograve;ng đọc kỹ chương tr&igrave;nh, gi&aacute; tour, c&aacute;c khoản bao gồm cũng như kh&ocirc;ng bao gồm trong chương tr&igrave;nh, c&aacute;c điều kiện hủy tour. Trong trường hợp Qu&yacute; kh&aacute;ch kh&ocirc;ng trực tiếp đến đăng k&yacute; tour m&agrave; do người kh&aacute;c đến đăng k&yacute; th&igrave; Qu&yacute; kh&aacute;ch vui l&ograve;ng t&igrave;m hiểu kỹ chương tr&igrave;nh từ người đăng k&yacute; cho m&igrave;nh.<br />*Qu&yacute; kh&aacute;ch từ 70 tuổi trở l&ecirc;n y&ecirc;u cầu cam kết sức khỏe với C&ocirc;ng ty. <br />*Do c&aacute;c chuyến bay phụ thuộc v&agrave;o c&aacute;c h&atilde;ng H&agrave;ng Kh&ocirc;ng n&ecirc;n trong một số trường hợp giờ bay c&oacute; thể thay đổi m&agrave; kh&ocirc;ng được b&aacute;o trước.<br />*T&ugrave;y v&agrave;o t&igrave;nh h&igrave;nh thực tế, thứ tự c&aacute;c điểm thăm quan trong chương tr&igrave;nh c&oacute; thể thay đổi nhưng vẫn đảm bảo đầy đủ c&aacute;c điểm thăm quan như l&uacute;c đầu.<br />*Trong trường hợp xảy ra thi&ecirc;n tai: b&atilde;o lụt, hạn h&aacute;n, động đất&hellip;; Sự cố về an ninh: khủng bố, biểu t&igrave;nh; Sự cố về h&agrave;ng kh&ocirc;ng: trục trặc kỹ thuật, an ninh, dời, hủy, ho&atilde;n chuyến bay, Diamondtour sẽ xem x&eacute;t để ho&agrave;n trả chi ph&iacute; kh&ocirc;ng thăm quan cho kh&aacute;ch trong điều kiện c&oacute; thể (Sau khi đ&atilde; trừ lại c&aacute;c dịch vụ đ&atilde; thực hiện như ph&iacute; l&agrave;m visa. V&agrave; kh&ocirc;ng chịu tr&aacute;ch nhiệm bồi thường th&ecirc;m bất kỳ chi ph&iacute; n&agrave;o kh&aacute;c).<br /><br /><br /></td>\r\n</tr>\r\n</tbody>\r\n</table>', '<table width=\"716\">\r\n<tbody>\r\n<tr>\r\n<td colspan=\"3\" width=\"716\">GI&Aacute; TOUR BAO GỒM&nbsp;</td>\r\n</tr>\r\n<tr>\r\n<td colspan=\"3\" width=\"716\">*Kh&aacute;ch sạn chuẩn 4 sao ở Đ&agrave;i Loan (2 kh&aacute;ch/ ph&ograve;ng; nếu lẻ kh&aacute;ch sẽ ở ph&ograve;ng 3 người);<br />*Ăn trọn g&oacute;i theo chương tr&igrave;nh. <br />*Xe: &Ocirc; t&ocirc; tiện nghi phục vụ theo chương tr&igrave;nh. <br />*V&eacute; v&agrave;o cửa tham quan cổng thứ nhất.<br />*V&eacute; m&aacute;y bay, lệ ph&iacute; s&acirc;n bay, ph&iacute; an ninh, phụ ph&iacute; xăng dầu tất cả c&aacute;c chặng.<br />*Hướng dẫn vi&ecirc;n n&oacute;i tiếng Việt chuy&ecirc;n tuyến v&agrave; tiếng Th&aacute;i phục vụ suốt tuyến theo chương tr&igrave;nh;<br />*Evisa nhập cảnh Đ&agrave;i Loan<br />*Bảo hiểm du lịch mức tối đa 200.000.000đ/ người/ h&agrave;nh tr&igrave;nh;<br /><br /></td>\r\n</tr>\r\n<tr>\r\n<td colspan=\"3\">GI&Aacute; TOUR KH&Ocirc;NG BAO GỒM</td>\r\n</tr>\r\n<tr>\r\n<td colspan=\"3\" width=\"716\">*Ph&iacute; ph&ograve;ng đơn (d&agrave;nh cho kh&aacute;ch y&ecirc;u cầu ở ph&ograve;ng đơn).<br />*Đồ uống (bia rượu trong bữa ăn), điện thoại, giặt l&agrave;, h&agrave;nh l&yacute; qu&aacute; cước theo quy định của h&agrave;ng kh&ocirc;ng.<br />*Tiền tip cho hướng dẫn vi&ecirc;n $/h&agrave;nh tr&igrave;nh.<br />*Chi ph&iacute; c&aacute; nh&acirc;n của kh&aacute;ch ngo&agrave;i chương tr&igrave;nh.<br />*Chi ph&iacute; dời ng&agrave;y, đổi chặng, n&acirc;ng hạng v&eacute; m&aacute;y bay.<br />*Thuế VAT.</td>\r\n</tr>\r\n</tbody>\r\n</table>');
INSERT INTO `product_lang` (`id`, `product_id`, `title`, `description`, `content`, `language`, `metakeywords`, `metadescription`, `datetitle`, `datecontent`, `tripnodes`, `detailsprice`) VALUES
(7, 4, 'DU LỊCH KHÁM PHÁ QUAN LẠN 3 NGÀY 2 ĐÊM', 'Đảo Quan Lạn là một hòn đảo thuộc Vịnh Bái Tử Long, huyện Vân Đồn, tỉnh Quảng Ninh, gồm 2 xã đảo là Quan Lạn và Minh Châu. Đảo Quan Lạn gồm 3 bãi biển Minh Châu, Sơn Hào, Quan Lạn, đều là những bãi biển đẹp nhất Vân Đồn. Quan Lạn thực sự là một điểm du lịch lý tưởng mà vừa xa xôi, vừa mới lạ, có chút mạo hiểm, lại vừa bình dị và dân dẫ khiến ai cũng phải thích thú. Cảnh đẹp mà tạo hóa đã ban tặng nơi đây chắc chắn sẽ làm du khách phải ngỡ ngàng.', '* Kh&aacute;ch sạn 3 sao suốt chương tr&igrave;nh.<br />* Hướng dẫn vi&ecirc;n c&oacute; nhiều kinh nghiệm, nhiệt th&agrave;nh, chu đ&aacute;o.<br />* Kh&aacute;m ph&aacute; đảo Quan Lạn xinh đẹp với b&atilde;i biển Minh Ch&acirc;u nổi tiếng', 'vi', 'DU LỊCH KHÁM PHÁ QUAN LẠN 3 NGÀY 2 ĐÊM', 'DU LỊCH KHÁM PHÁ QUAN LẠN 3 NGÀY 2 ĐÊM', '[\"H\\u00e0 N\\u1ed9i, V\\u00e2n \\u0110\\u1ed3n, Quan L\\u1ea1n\",\"Quan L\\u1ea1n\",\"Quan L\\u1ea1n, V\\u00e2n \\u0110\\u1ed3n, H\\u00e0 N\\u1ed9i\"]', '[\"06h00: xe v&agrave; h\\u01b0\\u1edbng d\\u1eabn vi&ecirc;n Diamondtour \\u0111&oacute;n \\u0111o&agrave;n t\\u1ea1i \\u0111i\\u1ec3m h\\u1eb9n kh\\u1edfi h&agrave;nh \\u0111i V&acirc;n \\u0110\\u1ed3n &ndash; Qu\\u1ea3ng Ninh, tr&ecirc;n \\u0111\\u01b0\\u1eddng \\u0111i, \\u0111o&agrave;n d\\u1eebng ch&acirc;n t\\u1ea1i H\\u1ea3i D\\u01b0\\u01a1ng, t\\u1ef1 do \\u0103n s&aacute;ng.<br \\/>11h30: T\\u1edbi V&acirc;n \\u0110\\u1ed3n, Qu&yacute; kh&aacute;ch \\u0103n tr\\u01b0a t\\u1ea1i nh&agrave; h&agrave;ng, ngh\\u1ec9 ng\\u01a1i sau \\u0111&oacute; xe \\u0111\\u01b0a \\u0111o&agrave;n ra b\\u1ebfn c\\u1ea3ng C&aacute;i R\\u1ed3ng.<br \\/>13h30: \\u0110o&agrave;n l&ecirc;n t&agrave;u cao t\\u1ed1c \\u0111i Quan L\\u1ea1n, \\u0111i kho\\u1ea3ng 45 ph&uacute;t \\u0111o&agrave;n c&oacute; m\\u1eb7t t\\u1ea1i \\u0111\\u1ea3o Quan L\\u1ea1n, nh\\u1eadn ph&ograve;ng kh&aacute;ch s\\u1ea1n, ngh\\u1ec9 ng\\u01a1i ho\\u1eb7c t\\u1ef1 do t\\u1eafm bi\\u1ec3n Quan L\\u1ea1n.<br \\/>T\\u1ed1i: \\u0110o&agrave;n d&ugrave;ng b\\u1eefa t\\u1ed1i t\\u1ea1i nh&agrave; h&agrave;ng<br \\/>20h30: Qu&yacute; kh&aacute;ch di chuy\\u1ec3n ra b\\u1edd bi\\u1ec3n, h&ograve;a m&igrave;nh trong \\u0111&ecirc;m giao l\\u01b0u v\\u0103n ngh\\u1ec7 l\\u1eeda tr\\u1ea1i v\\u1edbi nh\\u1eefng m&agrave;n bi\\u1ec3u di\\u1ec5n t\\u01b0ng b\\u1eebng, vui nh\\u1ed9n v&agrave; \\u0111\\u1ea7y ng\\u1eabu h\\u1ee9ng, tr\\u1ea3i nghi\\u1ec7m h&aacute;t karaoke tr&ecirc;n bi\\u1ec3n v\\u1edbi nh\\u1eefng v\\u0169 \\u0111i\\u1ec7u khi&ecirc;u v\\u0169 \\u0111\\u1eb7c s\\u1eafc. <br \\/>\\u0110o&agrave;n ngh\\u1ec9 \\u0111&ecirc;m tr&ecirc;n \\u0111\\u1ea3o.\",\"S&aacute;ng: Qu&yacute; kh&aacute;ch d\\u1eady s\\u1edbm ng\\u1eafm b&igrave;nh minh tr&ecirc;n \\u0111\\u1ea3o, \\u0103n s&aacute;ng t\\u1ea1i kh&aacute;ch s\\u1ea1n. Sau b\\u1eefa s&aacute;ng, xe \\u0111\\u01b0a \\u0111o&agrave;n \\u0111i tham quan m\\u1ed9t v&agrave;i \\u0111\\u1ecba danh tr&ecirc;n \\u0111\\u1ea3o nh\\u01b0: \\u0110&igrave;nh, Ch&ugrave;a Quan L\\u1ea1n, Mi\\u1ebfu, ngh&egrave; Quan L\\u1ea1n, \\u0111\\u1ec1n th\\u1edd Tr\\u1ea7n Kh&aacute;nh D\\u01b0<br \\/>Tr\\u01b0a: \\u0110o&agrave;n \\u0103n tr\\u01b0a t\\u1ea1i nh&agrave; h&agrave;ng v\\u1edbi nh\\u1eefng m&oacute;n \\u0103n \\u0111\\u01b0\\u1ee3c ch\\u1ebf bi\\u1ebfn t\\u1eeb h\\u1ea3i s\\u1ea3n t\\u01b0\\u01a1i ngon.<br \\/>Chi\\u1ec1u: Xe \\u0111\\u01b0a \\u0111o&agrave;n ra b&atilde;i bi\\u1ec3n Minh Ch&acirc;u. Qu&yacute; kh&aacute;ch t\\u1ef1 do t\\u1eafm bi\\u1ec3n t\\u1ea1i b&atilde;i bi\\u1ec3n xinh \\u0111\\u1eb9p n&agrave;y.<br \\/>T\\u1ed1i: T\\u1ed5 ch\\u1ee9c Gala dinner t\\u1ea1i Sky Bar (t\\u1ea7ng th\\u01b0\\u1ee3ng c\\u1ee7a kh&aacute;ch s\\u1ea1n), tham gia tr&ograve; ch\\u01a1i, b\\u1ed1c th\\u0103m tr&uacute;ng th\\u01b0\\u1edfng, ho\\u1ea1t \\u0111\\u1ed9ng v\\u0103n ngh\\u1ec7 t\\u1ef1 di\\u1ec5n v&agrave; th\\u01b0\\u1edfng th\\u1ee9c BBQ h\\u1ea3i s\\u1ea3n V&acirc;n \\u0111\\u1ed3n.\",\"\"]', '<table style=\"width: 974.364px;\" width=\"1254\">\r\n<tbody>\r\n<tr>\r\n<td style=\"width: 439.659px;\" colspan=\"3\">ĐIỀU KIỆN ĐĂNG K&Yacute; TOUR</td>\r\n<td style=\"width: 518.75px;\">ĐIỀU KIỆN HỦY TOUR</td>\r\n</tr>\r\n<tr>\r\n<td style=\"width: 439.659px;\" colspan=\"3\">*Qu&yacute; kh&aacute;ch c&oacute; đầy đủ sức khỏe tham gia chương tr&igrave;nh.<br />*Đặt cọc 50%/1 kh&aacute;ch khi đăng k&yacute; chương tr&igrave;nh.&nbsp; <br />*Thanh to&aacute;n to&agrave;n bộ số tiền trước 20 ng&agrave;y khởi h&agrave;nh.<br />*Hộ chiếu c&ograve;n thời hạn tr&ecirc;n 6 th&aacute;ng t&iacute;nh đến ng&agrave;y về.</td>\r\n<td style=\"width: 518.75px;\">*Ngay sau khi đặt cọc: Ph&iacute; hủy l&agrave; 15% tiền tour<br />*Trước ng&agrave;y khởi h&agrave;nh 30 ng&agrave;y: Ph&iacute; hủy l&agrave; 25% tiền tour<br />*Từ trước 8 - 29 ng&agrave;y trước ng&agrave;y KH: Ph&iacute; hủy l&agrave; 35% tiền tour<br />*Trước 07 ng&agrave;y khởi h&agrave;nh: Ph&iacute; hủy l&agrave; 70% tiền tour</td>\r\n</tr>\r\n<tr>\r\n<td style=\"width: 964.205px;\" colspan=\"4\">*Khi đăng k&yacute; tour du lịch, Qu&yacute; kh&aacute;ch vui l&ograve;ng đọc kỹ chương tr&igrave;nh, gi&aacute; tour, c&aacute;c khoản bao gồm cũng như kh&ocirc;ng bao gồm trong chương tr&igrave;nh, c&aacute;c điều kiện hủy tour. Trong trường hợp Qu&yacute; kh&aacute;ch kh&ocirc;ng trực tiếp đến đăng k&yacute; tour m&agrave; do người kh&aacute;c đến đăng k&yacute; th&igrave; Qu&yacute; kh&aacute;ch vui l&ograve;ng t&igrave;m hiểu kỹ chương tr&igrave;nh từ người đăng k&yacute; cho m&igrave;nh.<br />*Qu&yacute; kh&aacute;ch từ 70 tuổi trở l&ecirc;n y&ecirc;u cầu cam kết sức khỏe với C&ocirc;ng ty. <br />*T&ugrave;y v&agrave;o t&igrave;nh h&igrave;nh thực tế, thứ tự c&aacute;c điểm thăm quan trong chương tr&igrave;nh c&oacute; thể thay đổi nhưng vẫn đảm bảo đầy đủ c&aacute;c điểm thăm quan như l&uacute;c đầu.<br />*Trong trường hợp xảy ra thi&ecirc;n tai: b&atilde;o lụt, hạn h&aacute;n, động đất&hellip;; Sự cố về an ninh: khủng bố, biểu t&igrave;nh; Sự cố về h&agrave;ng kh&ocirc;ng: trục trặc kỹ thuật, an ninh, dời, hủy, ho&atilde;n chuyến bay, Diamondtour sẽ xem x&eacute;t để ho&agrave;n trả chi ph&iacute; kh&ocirc;ng thăm quan cho kh&aacute;ch trong điều kiện c&oacute; thể (Sau khi đ&atilde; trừ lại c&aacute;c dịch vụ đ&atilde; thực hiện như ph&iacute; l&agrave;m visa. V&agrave; kh&ocirc;ng chịu tr&aacute;ch nhiệm bồi thường th&ecirc;m bất kỳ chi ph&iacute; n&agrave;o kh&aacute;c).<br /><br /><br /></td>\r\n</tr>\r\n</tbody>\r\n</table>', '<table width=\"716\">\r\n<tbody>\r\n<tr>\r\n<td colspan=\"3\" width=\"716\">GI&Aacute; TOUR BAO GỒM&nbsp;</td>\r\n</tr>\r\n<tr>\r\n<td colspan=\"3\" width=\"716\">*Kh&aacute;ch sạn chuẩn 3 sao ở Quan Lạn (2 kh&aacute;ch/ ph&ograve;ng; nếu lẻ kh&aacute;ch sẽ ở ph&ograve;ng 3 người);<br />*Ăn trọn g&oacute;i theo chương tr&igrave;nh. <br />*Xe: &Ocirc; t&ocirc; tiện nghi phục vụ theo chương tr&igrave;nh. <br />*V&eacute; v&agrave;o cửa tham quan cổng thứ nhất.<br />*Bảo hiểm du lịch mức tối đa 200.000.000đ/ người/ h&agrave;nh tr&igrave;nh;<br /><br /></td>\r\n</tr>\r\n<tr>\r\n<td colspan=\"3\">GI&Aacute; TOUR KH&Ocirc;NG BAO GỒM</td>\r\n</tr>\r\n<tr>\r\n<td colspan=\"3\" width=\"716\">*Ph&iacute; ph&ograve;ng đơn (d&agrave;nh cho kh&aacute;ch y&ecirc;u cầu ở ph&ograve;ng đơn).<br />*Đồ uống (bia rượu trong bữa ăn), điện thoại, giặt l&agrave;<br />*Tiền tip cho hướng dẫn vi&ecirc;n $/h&agrave;nh tr&igrave;nh.<br />*Chi ph&iacute; c&aacute; nh&acirc;n của kh&aacute;ch ngo&agrave;i chương tr&igrave;nh.<br />*Thuế VAT.</td>\r\n</tr>\r\n</tbody>\r\n</table>'),
(8, 4, 'DU LỊCH KHÁM PHÁ QUAN LAN 3 NGÀY 2 ĐEM', 'Đảo Quan Lạn là một hòn đảo thuộc Vịnh Bái Tử Long, huyện Vân Đồn, tỉnh Quảng Ninh, gồm 2 xã đảo là Quan Lạn và Minh Châu. Đảo Quan Lạn gồm 3 bãi biển Minh Châu, Sơn Hào, Quan Lạn, đều là những bãi biển đẹp nhất Vân Đồn. Quan Lạn thực sự là một điểm du lịch lý tưởng mà vừa xa xôi, vừa mới lạ, có chút mạo hiểm, lại vừa bình dị và dân dẫ khiến ai cũng phải thích thú. Cảnh đẹp mà tạo hóa đã ban tặng nơi đây chắc chắn sẽ làm du khách phải ngỡ ngàng.', '<table width=\"480\">\r\n<tbody>\r\n<tr>\r\n<td colspan=\"2\" width=\"480\">* Kh&aacute;ch sạn 3 sao suốt chương tr&igrave;nh.<br />* Hướng dẫn vi&ecirc;n c&oacute; nhiều kinh nghiệm, nhiệt th&agrave;nh, chu đ&aacute;o.<br />* Kh&aacute;m ph&aacute; đảo Quan Lạn xinh đẹp với b&atilde;i biển Minh Ch&acirc;u nổi tiếng <br /><br /></td>\r\n</tr>\r\n</tbody>\r\n</table>', 'en', 'DU LỊCH KHÁM PHÁ QUAN LAN 3 NGÀY 2 ĐEM', 'DU LỊCH KHÁM PHÁ QUAN LAN 3 NGÀY 2 ĐEM', '[\"Ha Noi, Van Don, Quan Lan\",\"Quan Lan\",\"Quan Lan, Van Don, Ha Noi\"]', '[\"06h00: xe v&agrave; h\\u01b0\\u1edbng d\\u1eabn vi&ecirc;n Diamondtour \\u0111&oacute;n \\u0111o&agrave;n t\\u1ea1i \\u0111i\\u1ec3m h\\u1eb9n kh\\u1edfi h&agrave;nh \\u0111i V&acirc;n \\u0110\\u1ed3n &ndash; Qu\\u1ea3ng Ninh, tr&ecirc;n \\u0111\\u01b0\\u1eddng \\u0111i, \\u0111o&agrave;n d\\u1eebng ch&acirc;n t\\u1ea1i H\\u1ea3i D\\u01b0\\u01a1ng, t\\u1ef1 do \\u0103n s&aacute;ng.<br \\/>11h30: T\\u1edbi V&acirc;n \\u0110\\u1ed3n, Qu&yacute; kh&aacute;ch \\u0103n tr\\u01b0a t\\u1ea1i nh&agrave; h&agrave;ng, ngh\\u1ec9 ng\\u01a1i sau \\u0111&oacute; xe \\u0111\\u01b0a \\u0111o&agrave;n ra b\\u1ebfn c\\u1ea3ng C&aacute;i R\\u1ed3ng.<br \\/>13h30: \\u0110o&agrave;n l&ecirc;n t&agrave;u cao t\\u1ed1c \\u0111i Quan L\\u1ea1n, \\u0111i kho\\u1ea3ng 45 ph&uacute;t \\u0111o&agrave;n c&oacute; m\\u1eb7t t\\u1ea1i \\u0111\\u1ea3o Quan L\\u1ea1n, nh\\u1eadn ph&ograve;ng kh&aacute;ch s\\u1ea1n, ngh\\u1ec9 ng\\u01a1i ho\\u1eb7c t\\u1ef1 do t\\u1eafm bi\\u1ec3n Quan L\\u1ea1n.<br \\/>T\\u1ed1i: \\u0110o&agrave;n d&ugrave;ng b\\u1eefa t\\u1ed1i t\\u1ea1i nh&agrave; h&agrave;ng<br \\/>20h30: Qu&yacute; kh&aacute;ch di chuy\\u1ec3n ra b\\u1edd bi\\u1ec3n, h&ograve;a m&igrave;nh trong \\u0111&ecirc;m giao l\\u01b0u v\\u0103n ngh\\u1ec7 l\\u1eeda tr\\u1ea1i v\\u1edbi nh\\u1eefng m&agrave;n bi\\u1ec3u di\\u1ec5n t\\u01b0ng b\\u1eebng, vui nh\\u1ed9n v&agrave; \\u0111\\u1ea7y ng\\u1eabu h\\u1ee9ng, tr\\u1ea3i nghi\\u1ec7m h&aacute;t karaoke tr&ecirc;n bi\\u1ec3n v\\u1edbi nh\\u1eefng v\\u0169 \\u0111i\\u1ec7u khi&ecirc;u v\\u0169 \\u0111\\u1eb7c s\\u1eafc. <br \\/>\\u0110o&agrave;n ngh\\u1ec9 \\u0111&ecirc;m tr&ecirc;n \\u0111\\u1ea3o.\",\"S&aacute;ng: Qu&yacute; kh&aacute;ch d\\u1eady s\\u1edbm ng\\u1eafm b&igrave;nh minh tr&ecirc;n \\u0111\\u1ea3o, \\u0103n s&aacute;ng t\\u1ea1i kh&aacute;ch s\\u1ea1n. Sau b\\u1eefa s&aacute;ng, xe \\u0111\\u01b0a \\u0111o&agrave;n \\u0111i tham quan m\\u1ed9t v&agrave;i \\u0111\\u1ecba danh tr&ecirc;n \\u0111\\u1ea3o nh\\u01b0: \\u0110&igrave;nh, Ch&ugrave;a Quan L\\u1ea1n, Mi\\u1ebfu, ngh&egrave; Quan L\\u1ea1n, \\u0111\\u1ec1n th\\u1edd Tr\\u1ea7n Kh&aacute;nh D\\u01b0<br \\/>Tr\\u01b0a: \\u0110o&agrave;n \\u0103n tr\\u01b0a t\\u1ea1i nh&agrave; h&agrave;ng v\\u1edbi nh\\u1eefng m&oacute;n \\u0103n \\u0111\\u01b0\\u1ee3c ch\\u1ebf bi\\u1ebfn t\\u1eeb h\\u1ea3i s\\u1ea3n t\\u01b0\\u01a1i ngon.<br \\/>Chi\\u1ec1u: Xe \\u0111\\u01b0a \\u0111o&agrave;n ra b&atilde;i bi\\u1ec3n Minh Ch&acirc;u. Qu&yacute; kh&aacute;ch t\\u1ef1 do t\\u1eafm bi\\u1ec3n t\\u1ea1i b&atilde;i bi\\u1ec3n xinh \\u0111\\u1eb9p n&agrave;y.<br \\/>T\\u1ed1i: T\\u1ed5 ch\\u1ee9c Gala dinner t\\u1ea1i Sky Bar (t\\u1ea7ng th\\u01b0\\u1ee3ng c\\u1ee7a kh&aacute;ch s\\u1ea1n), tham gia tr&ograve; ch\\u01a1i, b\\u1ed1c th\\u0103m tr&uacute;ng th\\u01b0\\u1edfng, ho\\u1ea1t \\u0111\\u1ed9ng v\\u0103n ngh\\u1ec7 t\\u1ef1 di\\u1ec5n v&agrave; th\\u01b0\\u1edfng th\\u1ee9c BBQ h\\u1ea3i s\\u1ea3n V&acirc;n \\u0111\\u1ed3n.\",\"\"]', '<table style=\"width: 892.273px;\" width=\"1254\">\r\n<tbody>\r\n<tr>\r\n<td style=\"width: 422.386px;\" colspan=\"3\">ĐIỀU KIỆN ĐĂNG K&Yacute; TOUR</td>\r\n<td style=\"width: 454.205px;\">ĐIỀU KIỆN HỦY TOUR</td>\r\n</tr>\r\n<tr>\r\n<td style=\"width: 422.386px;\" colspan=\"3\">*Qu&yacute; kh&aacute;ch c&oacute; đầy đủ sức khỏe tham gia chương tr&igrave;nh.<br />*Đặt cọc 50%/1 kh&aacute;ch khi đăng k&yacute; chương tr&igrave;nh.&nbsp; <br />*Thanh to&aacute;n to&agrave;n bộ số tiền trước 20 ng&agrave;y khởi h&agrave;nh.<br />*Hộ chiếu c&ograve;n thời hạn tr&ecirc;n 6 th&aacute;ng t&iacute;nh đến ng&agrave;y về.</td>\r\n<td style=\"width: 454.205px;\">*Ngay sau khi đặt cọc: Ph&iacute; hủy l&agrave; 15% tiền tour<br />*Trước ng&agrave;y khởi h&agrave;nh 30 ng&agrave;y: Ph&iacute; hủy l&agrave; 25% tiền tour<br />*Từ trước 8 - 29 ng&agrave;y trước ng&agrave;y KH: Ph&iacute; hủy l&agrave; 35% tiền tour<br />*Trước 07 ng&agrave;y khởi h&agrave;nh: Ph&iacute; hủy l&agrave; 70% tiền tour</td>\r\n</tr>\r\n<tr>\r\n<td style=\"width: 882.386px;\" colspan=\"4\">*Khi đăng k&yacute; tour du lịch, Qu&yacute; kh&aacute;ch vui l&ograve;ng đọc kỹ chương tr&igrave;nh, gi&aacute; tour, c&aacute;c khoản bao gồm cũng như kh&ocirc;ng bao gồm trong chương tr&igrave;nh, c&aacute;c điều kiện hủy tour. Trong trường hợp Qu&yacute; kh&aacute;ch kh&ocirc;ng trực tiếp đến đăng k&yacute; tour m&agrave; do người kh&aacute;c đến đăng k&yacute; th&igrave; Qu&yacute; kh&aacute;ch vui l&ograve;ng t&igrave;m hiểu kỹ chương tr&igrave;nh từ người đăng k&yacute; cho m&igrave;nh.<br />*Qu&yacute; kh&aacute;ch từ 70 tuổi trở l&ecirc;n y&ecirc;u cầu cam kết sức khỏe với C&ocirc;ng ty. <br />*T&ugrave;y v&agrave;o t&igrave;nh h&igrave;nh thực tế, thứ tự c&aacute;c điểm thăm quan trong chương tr&igrave;nh c&oacute; thể thay đổi nhưng vẫn đảm bảo đầy đủ c&aacute;c điểm thăm quan như l&uacute;c đầu.<br />*Trong trường hợp xảy ra thi&ecirc;n tai: b&atilde;o lụt, hạn h&aacute;n, động đất&hellip;; Sự cố về an ninh: khủng bố, biểu t&igrave;nh; Sự cố về h&agrave;ng kh&ocirc;ng: trục trặc kỹ thuật, an ninh, dời, hủy, ho&atilde;n chuyến bay, Diamondtour sẽ xem x&eacute;t để ho&agrave;n trả chi ph&iacute; kh&ocirc;ng thăm quan cho kh&aacute;ch trong điều kiện c&oacute; thể (Sau khi đ&atilde; trừ lại c&aacute;c dịch vụ đ&atilde; thực hiện như ph&iacute; l&agrave;m visa. V&agrave; kh&ocirc;ng chịu tr&aacute;ch nhiệm bồi thường th&ecirc;m bất kỳ chi ph&iacute; n&agrave;o kh&aacute;c).<br /><br /><br /></td>\r\n</tr>\r\n</tbody>\r\n</table>', '<table width=\"716\">\r\n<tbody>\r\n<tr>\r\n<td colspan=\"3\" width=\"716\">GI&Aacute; TOUR BAO GỒM&nbsp;</td>\r\n</tr>\r\n<tr>\r\n<td colspan=\"3\" width=\"716\">*Kh&aacute;ch sạn chuẩn 3 sao ở Quan Lạn (2 kh&aacute;ch/ ph&ograve;ng; nếu lẻ kh&aacute;ch sẽ ở ph&ograve;ng 3 người);<br />*Ăn trọn g&oacute;i theo chương tr&igrave;nh. <br />*Xe: &Ocirc; t&ocirc; tiện nghi phục vụ theo chương tr&igrave;nh. <br />*V&eacute; v&agrave;o cửa tham quan cổng thứ nhất.<br />*Bảo hiểm du lịch mức tối đa 200.000.000đ/ người/ h&agrave;nh tr&igrave;nh;<br /><br /></td>\r\n</tr>\r\n<tr>\r\n<td colspan=\"3\">GI&Aacute; TOUR KH&Ocirc;NG BAO GỒM</td>\r\n</tr>\r\n<tr>\r\n<td colspan=\"3\" width=\"716\">*Ph&iacute; ph&ograve;ng đơn (d&agrave;nh cho kh&aacute;ch y&ecirc;u cầu ở ph&ograve;ng đơn).<br />*Đồ uống (bia rượu trong bữa ăn), điện thoại, giặt l&agrave;<br />*Tiền tip cho hướng dẫn vi&ecirc;n $/h&agrave;nh tr&igrave;nh.<br />*Chi ph&iacute; c&aacute; nh&acirc;n của kh&aacute;ch ngo&agrave;i chương tr&igrave;nh.<br />*Thuế VAT.</td>\r\n</tr>\r\n</tbody>\r\n</table>'),
(9, 5, 'DU LỊCH KHÁM PHÁ QUẢNG BÌNH 4 NGÀY 3 ĐÊM', 'Hiếm có nơi nào trên đất nước Việt Nam lại tập trung nhiều lợi thế về du lịch như ở Quảng Bình. Được thiên nhiên ban tặng đủ địa hình từ biển, sông, núi đến hệ thống hang động kỳ vĩ; ngoài ra, Quảng Bình còn là vùng đất văn vật với nhiều di tích lịch sử, văn hóa có giá trị… Tất cả những yếu tố này đã tạo nên một nét riêng có cho du lịch Quảng Bình.', '* Kh&aacute;ch sạn 3 sao suốt chương tr&igrave;nh.<br />* Hướng dẫn vi&ecirc;n c&oacute; nhiều kinh nghiệm, nhiệt th&agrave;nh, chu đ&aacute;o.<br />* Kh&aacute;m ph&aacute; qu&ecirc; hương đại tướng V&otilde; Nguy&ecirc;n Gi&aacute;p<br />* Nhận ngay qu&agrave; tặng từ Diamondtour: &ocirc; cao cấp gấp mở tự động', 'vi', 'DU LỊCH KHÁM PHÁ QUẢNG BÌNH 4 NGÀY 3 ĐÊM', 'DU LỊCH KHÁM PHÁ QUẢNG BÌNH 4 NGÀY 3 ĐÊM', '[\"H\\u00e0 N\\u1ed9i, \\u0110\\u1ed3ng H\\u1edbi\",\"Qu\\u1ea3ng B\\u00ecnh\",\"Qu\\u1ea3ng B\\u00ecnh\",\"Qu\\u1ea3ng B\\u00ecnh, H\\u00e0 N\\u1ed9i\"]', '[\"4 gi\\u1edd s&aacute;ng, \\u0111o&agrave;n t\\u1eadp trung t\\u1ea1i m\\u1ed9t \\u0111\\u1ecba \\u0111i\\u1ec3m h\\u1eb9n s\\u1eb5n trong n\\u1ed9i th&agrave;nh H&agrave; N\\u1ed9i, xe v&agrave; h\\u01b0\\u1edbng d\\u1eabn \\u0111&oacute;n \\u0111o&agrave;n di chuy\\u1ec3n ra s&acirc;n bay N\\u1ed9i B&agrave;i l&agrave;m th\\u1ee7 t\\u1ee5c cho chuy\\u1ebfn bay \\u0111\\u1ebfn s&acirc;n bay \\u0110\\u1ed3ng H\\u1edbi.<br \\/>\\u0110o&agrave;n d\\u1eebng ch&acirc;n t\\u1ea1i V\\u0169ng Ch&ugrave;a \\u0110\\u1ea3o Y\\u1ebfn, vi\\u1ebfng th\\u0103m m\\u1ed9 \\u0111\\u1ea1i t\\u01b0\\u1edbng V&otilde; Nguy&ecirc;n Gi&aacute;p - ng\\u01b0\\u1eddi con \\u01b0u t&uacute; c\\u1ee7a d&acirc;n t\\u1ed9c.<br \\/>Sau \\u0111&oacute; \\u0111o&agrave;n di chuy\\u1ec3n \\u0111\\u1ebfn b&atilde;i bi\\u1ec3n \\u0110&aacute; Nh\\u1ea3y xinh \\u0111\\u1eb9p \\u0111\\u1ec3 th\\u1ecfa s\\u1ee9c ch\\u1ee5p \\u1ea3nh c&ugrave;ng bi\\u1ec3n tr\\u1eddi bao la, hay t\\u1eafm bi\\u1ec3n xanh ng\\u1eaft hoang s\\u01a1. <br \\/>Tr&ecirc;n \\u0111\\u01b0\\u1eddng quay v\\u1ec1 th&agrave;nh ph\\u1ed1, \\u0111o&agrave;n tham quan C\\u1ed3n C&aacute;t Quang Ph&uacute; \\u0111\\u1ec3 h&ograve;a m&igrave;nh v&agrave;o c\\u1ea3nh tr\\u1eddi bao la, tham gia tr\\u01b0\\u1ee3t c&aacute;t tr&ecirc;n nh\\u1eefng \\u0111\\u1ed3i c&aacute;t d\\u1ed1c bao la. <br \\/>\\u0110o&agrave;n \\u0103n t\\u1ed1i v&agrave; ngh\\u1ec9 \\u0111&ecirc;m t\\u1ea1i kh&aacute;ch s\\u1ea1n.\",\"Sau b\\u1eefa s&aacute;ng, xe v&agrave; h\\u01b0\\u1edbng d\\u1eabn \\u0111\\u01b0a kh&aacute;ch tham quan \\u0110\\u1ed9ng Phong Nha- &ldquo;Nam thi&ecirc;n \\u0111\\u1ec7 nh\\u1ea5t \\u0111\\u1ed9ng&rdquo;, \\u0111\\u01b0\\u1ee3c UNESCO c&ocirc;ng nh\\u1eadn l&agrave; di s\\u1ea3n thi&ecirc;n nhi&ecirc;n th\\u1ebf gi\\u1edbi<br \\/>Sau b\\u1eefa tr\\u01b0a, \\u0111o&agrave;n ti\\u1ebfp t\\u1ee5c di chuy\\u1ec3n g\\u1ea7n 25km \\u0111\\u01b0\\u1eddng m&ograve;n H\\u1ed3 Ch&iacute; Minh xe \\u0111\\u01b0a \\u0111o&agrave;n \\u0111\\u1ebfn v\\u1edbi S&ocirc;ng Ch&agrave;y Hang T\\u1ed1i - \\u0111\\u1ecba \\u0111i\\u1ec3m vui ch\\u01a1i hot nh\\u1ea5t Qu\\u1ea3ng B&igrave;nh.<br \\/>T\\u1ea1i \\u0111&acirc;y qu&yacute; kh&aacute;ch s\\u1ebd \\u0111u m&igrave;nh tr&ecirc;n h\\u1ec7 th\\u1ed1ng Zipline 2 d&acirc;y d&agrave;i nh\\u1ea5t \\u0110&ocirc;ng Nam &Aacute; \\u0111\\u1ec3 kh&aacute;m ph&aacute; Hang T\\u1ed1i. Sau \\u0111&oacute; c&ugrave;ng tr\\u1ea3i nghi\\u1ec7m c&aacute;c tr&ograve; ch\\u01a1i tr&ecirc;n s&ocirc;ng Ch&agrave;y v&ocirc; c&ugrave;ng h\\u1ea5p d\\u1eabn nh\\u01b0 du zipline nh\\u1ea3y s&ocirc;ng, ch&egrave;o thuy\\u1ec1n kayak, c&aacute;c m&ocirc;n b&oacute;ng tr&ecirc;n n\\u01b0\\u1edbc&hellip;<br \\/>Xe \\u0111\\u01b0a \\u0111o&agrave;n v\\u1ec1 \\u0103n t\\u1ed1i v&agrave; ngh\\u1ec9 \\u0111&ecirc;m t\\u1ea1i kh&aacute;ch s\\u1ea1n.\",\"Sau b\\u1eefa s&aacute;ng, xe v&agrave; h\\u01b0\\u1edbng d\\u1eabn \\u0111\\u01b0a \\u0111o&agrave;n \\u0111i tham quan kh&aacute;m ph&aacute; \\u0110\\u1ed9ng Thi&ecirc;n \\u0110\\u01b0\\u1eddng - ho&agrave;ng cung trong l&ograve;ng \\u0111\\u1ea5t v&agrave; l&agrave; hang \\u0111\\u1ed9ng kh&ocirc; l\\u1edbn nh\\u1ea5t Ch&acirc;u &Aacute;. <br \\/>Xe \\u0111\\u01b0a \\u0111o&agrave;n ti\\u1ebfp t\\u1ee5c tham gia c&aacute;c ho\\u1ea1t \\u0111\\u1ed9ng t\\u1ea1i Su\\u1ed1i N\\u01b0\\u1edbc Mo\\u1ecdc. C&ugrave;ng nh\\u1ea3y &ugrave;m v&agrave;o d&ograve;ng su\\u1ed1i m&aacute;t l\\u1ea1nh, ch&egrave;o thuy\\u1ec1n kayak hay ng&acirc;m m&igrave;nh trong d&ograve;ng su\\u1ed1i&hellip;<br \\/>Xe \\u0111\\u01b0a \\u0111o&agrave;n v\\u1ec1 \\u0103n t\\u1ed1i v&agrave; ngh\\u1ec9 ng\\u01a1i t\\u1ea1i kh&aacute;ch s\\u1ea1n.\",\"Sau b\\u1eefa s&aacute;ng, xe v&agrave; h\\u01b0\\u1edbng d\\u1eabn \\u0111\\u01b0a \\u0111o&agrave;n \\u0111i tham quan Qu\\u1ea3ng B&igrave;nh Quan- c&ocirc;ng tr&igrave;nh ki\\u1ebfn tr&uacute;c l\\u1ecbch s\\u1eed v&agrave; l&agrave; bi\\u1ec3u t\\u01b0\\u1ee3ng c\\u1ee7a Qu\\u1ea3ng B&igrave;nh<br \\/>\\u0110o&agrave;n ti\\u1ebfp t\\u1ee5c tham quan t\\u01b0\\u1ee3ng \\u0111&agrave;i M\\u1eb9 Su\\u1ed1t, l&agrave; m\\u1ed9t trong nh\\u1eefng t\\u01b0\\u1ee3ng \\u0111&agrave;i \\u0111\\u01b0\\u1ee3c x&acirc;y d\\u1ef1ng \\u1edf Qu\\u1ea3ng B&igrave;nh \\u0111\\u1ec3 t\\u01b0\\u1edfng nh\\u1edb \\u0111\\u1ebfn ng\\u01b0\\u1eddi m\\u1eb9 d&acirc;n t\\u1ed9c - m\\u1eb9 Nguy\\u1ec5n Th\\u1ecb Su\\u1ed1t<br \\/>Sau b\\u1eefa tr\\u01b0a, xe \\u0111\\u01b0a \\u0111o&agrave;n gh&eacute; qua ch\\u1ee3 \\u0110\\u1ed3ng H\\u1edbi tham quan c\\u1ea3nh sinh ho\\u1ea1t b&igrave;nh d\\u1ecb c\\u1ee7a ng\\u01b0\\u1eddi d&acirc;n Qu\\u1ea3ng B&igrave;nh, mua \\u0111\\u1eb7c s\\u1ea3n l&agrave;m qu&agrave; v&agrave; \\u0103n t\\u1ed1i nh\\u1eb9. Sau \\u0111&oacute;, \\u0111o&agrave;n ra s&acirc;n bay \\u0110\\u1ed3ng H\\u1edbi l&agrave;m th\\u1ee7 t\\u1ee5c cho chuy\\u1ebfn bay v\\u1ec1 H&agrave; N\\u1ed9i. V\\u1ec1 \\u0111\\u1ebfn n\\u01a1i, \\u0111o&agrave;n chia tay h\\u01b0\\u1edbng d\\u1eabn v&agrave; k\\u1ebft th&uacute;c chuy\\u1ebfn h&agrave;nh tr&igrave;nh th&uacute; v\\u1ecb.\"]', '<table style=\"height: 270px;\" width=\"1254\">\r\n<tbody>\r\n<tr style=\"height: 18px;\">\r\n<td style=\"height: 18px; width: 700px;\" colspan=\"3\">ĐIỀU KIỆN ĐĂNG K&Yacute; TOUR</td>\r\n<td style=\"height: 18px; width: 538px;\">ĐIỀU KIỆN HỦY TOUR</td>\r\n</tr>\r\n<tr style=\"height: 72px;\">\r\n<td style=\"height: 72px; width: 700px;\" colspan=\"3\">*Qu&yacute; kh&aacute;ch c&oacute; đầy đủ sức khỏe tham gia chương tr&igrave;nh.<br />*Đặt cọc 50%/1 kh&aacute;ch khi đăng k&yacute; chương tr&igrave;nh.&nbsp; <br />*Thanh to&aacute;n to&agrave;n bộ số tiền trước 20 ng&agrave;y khởi h&agrave;nh.<br />*Hộ chiếu c&ograve;n thời hạn tr&ecirc;n 6 th&aacute;ng t&iacute;nh đến ng&agrave;y về.</td>\r\n<td style=\"height: 72px; width: 538px;\">*Ngay sau khi đặt cọc: Ph&iacute; hủy l&agrave; 15% tiền tour<br />*Trước ng&agrave;y khởi h&agrave;nh 30 ng&agrave;y: Ph&iacute; hủy l&agrave; 25% tiền tour<br />*Từ trước 8 - 29 ng&agrave;y trước ng&agrave;y KH: Ph&iacute; hủy l&agrave; 35% tiền tour<br />*Trước 07 ng&agrave;y khởi h&agrave;nh: Ph&iacute; hủy l&agrave; 70% tiền tour</td>\r\n</tr>\r\n<tr style=\"height: 180px;\">\r\n<td style=\"height: 180px; width: 1244px;\" colspan=\"4\">*Khi đăng k&yacute; tour du lịch, Qu&yacute; kh&aacute;ch vui l&ograve;ng đọc kỹ chương tr&igrave;nh, gi&aacute; tour, c&aacute;c khoản bao gồm cũng như kh&ocirc;ng bao gồm trong chương tr&igrave;nh, c&aacute;c điều kiện hủy tour. Trong trường hợp Qu&yacute; kh&aacute;ch kh&ocirc;ng trực tiếp đến đăng k&yacute; tour m&agrave; do người kh&aacute;c đến đăng k&yacute; th&igrave; Qu&yacute; kh&aacute;ch vui l&ograve;ng t&igrave;m hiểu kỹ chương tr&igrave;nh từ người đăng k&yacute; cho m&igrave;nh.<br />*Qu&yacute; kh&aacute;ch từ 70 tuổi trở l&ecirc;n y&ecirc;u cầu cam kết sức khỏe với C&ocirc;ng ty. <br />*Do c&aacute;c chuyến bay phụ thuộc v&agrave;o c&aacute;c h&atilde;ng H&agrave;ng Kh&ocirc;ng n&ecirc;n trong một số trường hợp giờ bay c&oacute; thể thay đổi m&agrave; kh&ocirc;ng được b&aacute;o trước.<br />*T&ugrave;y v&agrave;o t&igrave;nh h&igrave;nh thực tế, thứ tự c&aacute;c điểm thăm quan trong chương tr&igrave;nh c&oacute; thể thay đổi nhưng vẫn đảm bảo đầy đủ c&aacute;c điểm thăm quan như l&uacute;c đầu.<br />*Trong trường hợp xảy ra thi&ecirc;n tai: b&atilde;o lụt, hạn h&aacute;n, động đất&hellip;; Sự cố về an ninh: khủng bố, biểu t&igrave;nh; Sự cố về h&agrave;ng kh&ocirc;ng: trục trặc kỹ thuật, an ninh, dời, hủy, ho&atilde;n chuyến bay, Diamondtour sẽ xem x&eacute;t để ho&agrave;n trả chi ph&iacute; kh&ocirc;ng thăm quan cho kh&aacute;ch trong điều kiện c&oacute; thể (Sau khi đ&atilde; trừ lại c&aacute;c dịch vụ đ&atilde; thực hiện như ph&iacute; l&agrave;m visa. V&agrave; kh&ocirc;ng chịu tr&aacute;ch nhiệm bồi thường th&ecirc;m bất kỳ chi ph&iacute; n&agrave;o kh&aacute;c).<br /><br /><br /></td>\r\n</tr>\r\n</tbody>\r\n</table>', '<table width=\"716\">\r\n<tbody>\r\n<tr>\r\n<td colspan=\"3\" width=\"716\">GI&Aacute; TOUR BAO GỒM&nbsp;</td>\r\n</tr>\r\n<tr>\r\n<td colspan=\"3\" width=\"716\">*Kh&aacute;ch sạn chuẩn 3 sao ở Quảng B&igrave;nh (2 kh&aacute;ch/ ph&ograve;ng; nếu lẻ kh&aacute;ch sẽ ở ph&ograve;ng 3 người);<br />*Ăn trọn g&oacute;i theo chương tr&igrave;nh. <br />*Xe: &Ocirc; t&ocirc; tiện nghi phục vụ theo chương tr&igrave;nh. <br />*V&eacute; v&agrave;o cửa tham quan cổng thứ nhất.<br />*V&eacute; m&aacute;y bay, lệ ph&iacute; s&acirc;n bay, ph&iacute; an ninh, phụ ph&iacute; xăng dầu tất cả c&aacute;c chặng.<br />*Bảo hiểm du lịch mức tối đa 200.000.000đ/ người/ h&agrave;nh tr&igrave;nh;<br /><br /></td>\r\n</tr>\r\n<tr>\r\n<td colspan=\"3\">GI&Aacute; TOUR KH&Ocirc;NG BAO GỒM</td>\r\n</tr>\r\n<tr>\r\n<td colspan=\"3\" width=\"716\">*Ph&iacute; ph&ograve;ng đơn (d&agrave;nh cho kh&aacute;ch y&ecirc;u cầu ở ph&ograve;ng đơn).<br />*Đồ uống (bia rượu trong bữa ăn), điện thoại, giặt l&agrave;, h&agrave;nh l&yacute; qu&aacute; cước theo quy định của h&agrave;ng kh&ocirc;ng.<br />*Tiền tip cho hướng dẫn vi&ecirc;n $/h&agrave;nh tr&igrave;nh.<br />*Chi ph&iacute; c&aacute; nh&acirc;n của kh&aacute;ch ngo&agrave;i chương tr&igrave;nh.<br />*Chi ph&iacute; dời ng&agrave;y, đổi chặng, n&acirc;ng hạng v&eacute; m&aacute;y bay.<br />*Thuế VAT.</td>\r\n</tr>\r\n</tbody>\r\n</table>'),
(10, 5, 'DU LICH KHAM PHA QUANG BINH 4 NGAY 3 DEM', 'Hiếm có nơi nào trên đất nước Việt Nam lại tập trung nhiều lợi thế về du lịch như ở Quảng Bình. Được thiên nhiên ban tặng đủ địa hình từ biển, sông, núi đến hệ thống hang động kỳ vĩ; ngoài ra, Quảng Bình còn là vùng đất văn vật với nhiều di tích lịch sử, văn hóa có giá trị… Tất cả những yếu tố này đã tạo nên một nét riêng có cho du lịch Quảng Bình.', '<table width=\"480\">\r\n<tbody>\r\n<tr>\r\n<td colspan=\"2\" width=\"480\">* Kh&aacute;ch sạn 3 sao suốt chương tr&igrave;nh.<br />* Hướng dẫn vi&ecirc;n c&oacute; nhiều kinh nghiệm, nhiệt th&agrave;nh, chu đ&aacute;o.<br />* Kh&aacute;m ph&aacute; qu&ecirc; hương đại tướng V&otilde; Nguy&ecirc;n Gi&aacute;p<br />* Nhận ngay qu&agrave; tặng từ Diamondtour: &ocirc; cao cấp gấp mở tự động</td>\r\n</tr>\r\n</tbody>\r\n</table>', 'en', 'DU LICH KHAM PHA QUANG BINH 4 NGAY 3 DEM', 'DU LICH KHAM PHA QUANG BINH 4 NGAY 3 DEM', '[\"Ha Noi, Dong Hoi\",\"Quang Binh\",\"Quang Binh\",\"Quang Binh, Ha Noi\"]', '[\"4 gi\\u1edd s&aacute;ng, \\u0111o&agrave;n t\\u1eadp trung t\\u1ea1i m\\u1ed9t \\u0111\\u1ecba \\u0111i\\u1ec3m h\\u1eb9n s\\u1eb5n trong n\\u1ed9i th&agrave;nh H&agrave; N\\u1ed9i, xe v&agrave; h\\u01b0\\u1edbng d\\u1eabn \\u0111&oacute;n \\u0111o&agrave;n di chuy\\u1ec3n ra s&acirc;n bay N\\u1ed9i B&agrave;i l&agrave;m th\\u1ee7 t\\u1ee5c cho chuy\\u1ebfn bay \\u0111\\u1ebfn s&acirc;n bay \\u0110\\u1ed3ng H\\u1edbi.<br \\/>\\u0110o&agrave;n d\\u1eebng ch&acirc;n t\\u1ea1i V\\u0169ng Ch&ugrave;a \\u0110\\u1ea3o Y\\u1ebfn, vi\\u1ebfng th\\u0103m m\\u1ed9 \\u0111\\u1ea1i t\\u01b0\\u1edbng V&otilde; Nguy&ecirc;n Gi&aacute;p - ng\\u01b0\\u1eddi con \\u01b0u t&uacute; c\\u1ee7a d&acirc;n t\\u1ed9c.<br \\/>Sau \\u0111&oacute; \\u0111o&agrave;n di chuy\\u1ec3n \\u0111\\u1ebfn b&atilde;i bi\\u1ec3n \\u0110&aacute; Nh\\u1ea3y xinh \\u0111\\u1eb9p \\u0111\\u1ec3 th\\u1ecfa s\\u1ee9c ch\\u1ee5p \\u1ea3nh c&ugrave;ng bi\\u1ec3n tr\\u1eddi bao la, hay t\\u1eafm bi\\u1ec3n xanh ng\\u1eaft hoang s\\u01a1. <br \\/>Tr&ecirc;n \\u0111\\u01b0\\u1eddng quay v\\u1ec1 th&agrave;nh ph\\u1ed1, \\u0111o&agrave;n tham quan C\\u1ed3n C&aacute;t Quang Ph&uacute; \\u0111\\u1ec3 h&ograve;a m&igrave;nh v&agrave;o c\\u1ea3nh tr\\u1eddi bao la, tham gia tr\\u01b0\\u1ee3t c&aacute;t tr&ecirc;n nh\\u1eefng \\u0111\\u1ed3i c&aacute;t d\\u1ed1c bao la. <br \\/>\\u0110o&agrave;n \\u0103n t\\u1ed1i v&agrave; ngh\\u1ec9 \\u0111&ecirc;m t\\u1ea1i kh&aacute;ch s\\u1ea1n.\",\"Sau b\\u1eefa s&aacute;ng, xe v&agrave; h\\u01b0\\u1edbng d\\u1eabn \\u0111\\u01b0a kh&aacute;ch tham quan \\u0110\\u1ed9ng Phong Nha- &ldquo;Nam thi&ecirc;n \\u0111\\u1ec7 nh\\u1ea5t \\u0111\\u1ed9ng&rdquo;, \\u0111\\u01b0\\u1ee3c UNESCO c&ocirc;ng nh\\u1eadn l&agrave; di s\\u1ea3n thi&ecirc;n nhi&ecirc;n th\\u1ebf gi\\u1edbi<br \\/>Sau b\\u1eefa tr\\u01b0a, \\u0111o&agrave;n ti\\u1ebfp t\\u1ee5c di chuy\\u1ec3n g\\u1ea7n 25km \\u0111\\u01b0\\u1eddng m&ograve;n H\\u1ed3 Ch&iacute; Minh xe \\u0111\\u01b0a \\u0111o&agrave;n \\u0111\\u1ebfn v\\u1edbi S&ocirc;ng Ch&agrave;y Hang T\\u1ed1i - \\u0111\\u1ecba \\u0111i\\u1ec3m vui ch\\u01a1i hot nh\\u1ea5t Qu\\u1ea3ng B&igrave;nh.<br \\/>T\\u1ea1i \\u0111&acirc;y qu&yacute; kh&aacute;ch s\\u1ebd \\u0111u m&igrave;nh tr&ecirc;n h\\u1ec7 th\\u1ed1ng Zipline 2 d&acirc;y d&agrave;i nh\\u1ea5t \\u0110&ocirc;ng Nam &Aacute; \\u0111\\u1ec3 kh&aacute;m ph&aacute; Hang T\\u1ed1i. Sau \\u0111&oacute; c&ugrave;ng tr\\u1ea3i nghi\\u1ec7m c&aacute;c tr&ograve; ch\\u01a1i tr&ecirc;n s&ocirc;ng Ch&agrave;y v&ocirc; c&ugrave;ng h\\u1ea5p d\\u1eabn nh\\u01b0 du zipline nh\\u1ea3y s&ocirc;ng, ch&egrave;o thuy\\u1ec1n kayak, c&aacute;c m&ocirc;n b&oacute;ng tr&ecirc;n n\\u01b0\\u1edbc&hellip;<br \\/>Xe \\u0111\\u01b0a \\u0111o&agrave;n v\\u1ec1 \\u0103n t\\u1ed1i v&agrave; ngh\\u1ec9 \\u0111&ecirc;m t\\u1ea1i kh&aacute;ch s\\u1ea1n.&nbsp;\",\"Sau b\\u1eefa s&aacute;ng, xe v&agrave; h\\u01b0\\u1edbng d\\u1eabn \\u0111\\u01b0a \\u0111o&agrave;n \\u0111i tham quan kh&aacute;m ph&aacute; \\u0110\\u1ed9ng Thi&ecirc;n \\u0110\\u01b0\\u1eddng - ho&agrave;ng cung trong l&ograve;ng \\u0111\\u1ea5t v&agrave; l&agrave; hang \\u0111\\u1ed9ng kh&ocirc; l\\u1edbn nh\\u1ea5t Ch&acirc;u &Aacute;. <br \\/>Xe \\u0111\\u01b0a \\u0111o&agrave;n ti\\u1ebfp t\\u1ee5c tham gia c&aacute;c ho\\u1ea1t \\u0111\\u1ed9ng t\\u1ea1i Su\\u1ed1i N\\u01b0\\u1edbc Mo\\u1ecdc. C&ugrave;ng nh\\u1ea3y &ugrave;m v&agrave;o d&ograve;ng su\\u1ed1i m&aacute;t l\\u1ea1nh, ch&egrave;o thuy\\u1ec1n kayak hay ng&acirc;m m&igrave;nh trong d&ograve;ng su\\u1ed1i&hellip;<br \\/>Xe \\u0111\\u01b0a \\u0111o&agrave;n v\\u1ec1 \\u0103n t\\u1ed1i v&agrave; ngh\\u1ec9 ng\\u01a1i t\\u1ea1i kh&aacute;ch s\\u1ea1n.\",\"Sau b\\u1eefa s&aacute;ng, xe v&agrave; h\\u01b0\\u1edbng d\\u1eabn \\u0111\\u01b0a \\u0111o&agrave;n \\u0111i tham quan Qu\\u1ea3ng B&igrave;nh Quan- c&ocirc;ng tr&igrave;nh ki\\u1ebfn tr&uacute;c l\\u1ecbch s\\u1eed v&agrave; l&agrave; bi\\u1ec3u t\\u01b0\\u1ee3ng c\\u1ee7a Qu\\u1ea3ng B&igrave;nh<br \\/>\\u0110o&agrave;n ti\\u1ebfp t\\u1ee5c tham quan t\\u01b0\\u1ee3ng \\u0111&agrave;i M\\u1eb9 Su\\u1ed1t, l&agrave; m\\u1ed9t trong nh\\u1eefng t\\u01b0\\u1ee3ng \\u0111&agrave;i \\u0111\\u01b0\\u1ee3c x&acirc;y d\\u1ef1ng \\u1edf Qu\\u1ea3ng B&igrave;nh \\u0111\\u1ec3 t\\u01b0\\u1edfng nh\\u1edb \\u0111\\u1ebfn ng\\u01b0\\u1eddi m\\u1eb9 d&acirc;n t\\u1ed9c - m\\u1eb9 Nguy\\u1ec5n Th\\u1ecb Su\\u1ed1t<br \\/>Sau b\\u1eefa tr\\u01b0a, xe \\u0111\\u01b0a \\u0111o&agrave;n gh&eacute; qua ch\\u1ee3 \\u0110\\u1ed3ng H\\u1edbi tham quan c\\u1ea3nh sinh ho\\u1ea1t b&igrave;nh d\\u1ecb c\\u1ee7a ng\\u01b0\\u1eddi d&acirc;n Qu\\u1ea3ng B&igrave;nh, mua \\u0111\\u1eb7c s\\u1ea3n l&agrave;m qu&agrave; v&agrave; \\u0103n t\\u1ed1i nh\\u1eb9. Sau \\u0111&oacute;, \\u0111o&agrave;n ra s&acirc;n bay \\u0110\\u1ed3ng H\\u1edbi l&agrave;m th\\u1ee7 t\\u1ee5c cho chuy\\u1ebfn bay v\\u1ec1 H&agrave; N\\u1ed9i. V\\u1ec1 \\u0111\\u1ebfn n\\u01a1i, \\u0111o&agrave;n chia tay h\\u01b0\\u1edbng d\\u1eabn v&agrave; k\\u1ebft th&uacute;c chuy\\u1ebfn h&agrave;nh tr&igrave;nh th&uacute; v\\u1ecb.\"]', '<table width=\"1254\">\r\n<tbody>\r\n<tr>\r\n<td colspan=\"3\" width=\"716\">ĐIỀU KIỆN ĐĂNG K&Yacute; TOUR</td>\r\n<td width=\"538\">ĐIỀU KIỆN HỦY TOUR</td>\r\n</tr>\r\n<tr>\r\n<td colspan=\"3\" width=\"716\">*Qu&yacute; kh&aacute;ch c&oacute; đầy đủ sức khỏe tham gia chương tr&igrave;nh.<br />*Đặt cọc 50%/1 kh&aacute;ch khi đăng k&yacute; chương tr&igrave;nh.&nbsp; <br />*Thanh to&aacute;n to&agrave;n bộ số tiền trước 20 ng&agrave;y khởi h&agrave;nh.<br />*Hộ chiếu c&ograve;n thời hạn tr&ecirc;n 6 th&aacute;ng t&iacute;nh đến ng&agrave;y về.</td>\r\n<td width=\"538\">*Ngay sau khi đặt cọc: Ph&iacute; hủy l&agrave; 15% tiền tour<br />*Trước ng&agrave;y khởi h&agrave;nh 30 ng&agrave;y: Ph&iacute; hủy l&agrave; 25% tiền tour<br />*Từ trước 8 - 29 ng&agrave;y trước ng&agrave;y KH: Ph&iacute; hủy l&agrave; 35% tiền tour<br />*Trước 07 ng&agrave;y khởi h&agrave;nh: Ph&iacute; hủy l&agrave; 70% tiền tour</td>\r\n</tr>\r\n<tr>\r\n<td colspan=\"4\" width=\"1254\">*Khi đăng k&yacute; tour du lịch, Qu&yacute; kh&aacute;ch vui l&ograve;ng đọc kỹ chương tr&igrave;nh, gi&aacute; tour, c&aacute;c khoản bao gồm cũng như kh&ocirc;ng bao gồm trong chương tr&igrave;nh, c&aacute;c điều kiện hủy tour. Trong trường hợp Qu&yacute; kh&aacute;ch kh&ocirc;ng trực tiếp đến đăng k&yacute; tour m&agrave; do người kh&aacute;c đến đăng k&yacute; th&igrave; Qu&yacute; kh&aacute;ch vui l&ograve;ng t&igrave;m hiểu kỹ chương tr&igrave;nh từ người đăng k&yacute; cho m&igrave;nh.<br />*Qu&yacute; kh&aacute;ch từ 70 tuổi trở l&ecirc;n y&ecirc;u cầu cam kết sức khỏe với C&ocirc;ng ty. <br />*Do c&aacute;c chuyến bay phụ thuộc v&agrave;o c&aacute;c h&atilde;ng H&agrave;ng Kh&ocirc;ng n&ecirc;n trong một số trường hợp giờ bay c&oacute; thể thay đổi m&agrave; kh&ocirc;ng được b&aacute;o trước.<br />*T&ugrave;y v&agrave;o t&igrave;nh h&igrave;nh thực tế, thứ tự c&aacute;c điểm thăm quan trong chương tr&igrave;nh c&oacute; thể thay đổi nhưng vẫn đảm bảo đầy đủ c&aacute;c điểm thăm quan như l&uacute;c đầu.<br />*Trong trường hợp xảy ra thi&ecirc;n tai: b&atilde;o lụt, hạn h&aacute;n, động đất&hellip;; Sự cố về an ninh: khủng bố, biểu t&igrave;nh; Sự cố về h&agrave;ng kh&ocirc;ng: trục trặc kỹ thuật, an ninh, dời, hủy, ho&atilde;n chuyến bay, Diamondtour sẽ xem x&eacute;t để ho&agrave;n trả chi ph&iacute; kh&ocirc;ng thăm quan cho kh&aacute;ch trong điều kiện c&oacute; thể (Sau khi đ&atilde; trừ lại c&aacute;c dịch vụ đ&atilde; thực hiện như ph&iacute; l&agrave;m visa. V&agrave; kh&ocirc;ng chịu tr&aacute;ch nhiệm bồi thường th&ecirc;m bất kỳ chi ph&iacute; n&agrave;o kh&aacute;c).<br /><br /><br /></td>\r\n</tr>\r\n</tbody>\r\n</table>', '<table width=\"716\">\r\n<tbody>\r\n<tr>\r\n<td colspan=\"3\" width=\"716\">GI&Aacute; TOUR BAO GỒM&nbsp;</td>\r\n</tr>\r\n<tr>\r\n<td colspan=\"3\" width=\"716\">*Kh&aacute;ch sạn chuẩn 3 sao ở Quảng B&igrave;nh (2 kh&aacute;ch/ ph&ograve;ng; nếu lẻ kh&aacute;ch sẽ ở ph&ograve;ng 3 người);<br />*Ăn trọn g&oacute;i theo chương tr&igrave;nh. <br />*Xe: &Ocirc; t&ocirc; tiện nghi phục vụ theo chương tr&igrave;nh. <br />*V&eacute; v&agrave;o cửa tham quan cổng thứ nhất.<br />*V&eacute; m&aacute;y bay, lệ ph&iacute; s&acirc;n bay, ph&iacute; an ninh, phụ ph&iacute; xăng dầu tất cả c&aacute;c chặng.<br />*Bảo hiểm du lịch mức tối đa 200.000.000đ/ người/ h&agrave;nh tr&igrave;nh;<br /><br /></td>\r\n</tr>\r\n<tr>\r\n<td colspan=\"3\">GI&Aacute; TOUR KH&Ocirc;NG BAO GỒM</td>\r\n</tr>\r\n<tr>\r\n<td colspan=\"3\" width=\"716\">*Ph&iacute; ph&ograve;ng đơn (d&agrave;nh cho kh&aacute;ch y&ecirc;u cầu ở ph&ograve;ng đơn).<br />*Đồ uống (bia rượu trong bữa ăn), điện thoại, giặt l&agrave;, h&agrave;nh l&yacute; qu&aacute; cước theo quy định của h&agrave;ng kh&ocirc;ng.<br />*Tiền tip cho hướng dẫn vi&ecirc;n $/h&agrave;nh tr&igrave;nh.<br />*Chi ph&iacute; c&aacute; nh&acirc;n của kh&aacute;ch ngo&agrave;i chương tr&igrave;nh.<br />*Chi ph&iacute; dời ng&agrave;y, đổi chặng, n&acirc;ng hạng v&eacute; m&aacute;y bay.<br />*Thuế VAT.</td>\r\n</tr>\r\n</tbody>\r\n</table>');
INSERT INTO `product_lang` (`id`, `product_id`, `title`, `description`, `content`, `language`, `metakeywords`, `metadescription`, `datetitle`, `datecontent`, `tripnodes`, `detailsprice`) VALUES
(11, 6, 'CHƯƠNG TRÌNH KHÁM PHÁ TÂY TẠNG, THAM DỰ LỄ HỘI SHOTON 9 NGÀY 8 ĐÊM', 'Tây Tạng được coi là một trong những vùng đất linh thiêng và huyền bí nhất của thế giới, là thánh địa kiên cố cuối cùng của Phật giáo. Nó gần như biệt lập với thế giới bên ngoài và duy trì một nền văn minh cổ, khác hẳn với những nền văn minh mà chúng ta được biết đến.', 'Một bức tranh tương đối to&agrave;n diện về T&acirc;y Tạng được t&aacute;i hiện trong chương tr&igrave;nh tour 9 ng&agrave;y:<br />- Tham dự v&agrave; trải nghiệm lễ hội Sheton &ndash; Lễ hội Sữa chua.<br />- Tour đẳng cấp, chuy&ecirc;n nghiệp được thiết kế v&agrave; sử dụng dịch vụ trực tiếp của người - d&acirc;n T&acirc;y Tạng m&agrave; kh&ocirc;ng phải th&ocirc;ng qua dịch vụ người H&aacute;n!<br />- Trưởng đo&agrave;n chuy&ecirc;n tour T&acirc;y Tạng, am hiểu lịch sử địa l&yacute;, v&agrave; đặc biệt c&oacute; nhiều năm nghi&ecirc;n cứu Phật gi&aacute;o bao gồm Phật gi&aacute;o H&aacute;n truyền, Tạng truyền v&agrave; hệ Pali!<br />- Hướng dẫn vi&ecirc;n người Tạng gi&agrave;u kinh nghiệm, nhiệt t&igrave;nh được trainning trực tiếp từ Diamondtour.<br />- Kh&aacute;ch sạn 3, 4* đậm n&eacute;t văn ho&aacute; kiến tr&uacute;c Tạng m&agrave; đạt ti&ecirc;u chuẩn quốc tế!<br />- Ẩm thực: văn ho&aacute; ẩm thực phong ph&uacute; cộng với sự chu đ&aacute;o của Diamondtour: Ẩm thực độc đ&aacute;o nhưng kh&ocirc;ng lạ: Tạng+Trung+Việt - Giao lưu văn ho&aacute; ẩm thực với người d&acirc;n địa phương tại Lhasa.<br />- Chuyến t&agrave;u đi qua cao nguy&ecirc;n Thanh Tạng l&ecirc;n thủ phủ T&acirc;y Tạng.<br />- Phục vụ Wifi miễn ph&iacute;.', 'vi', 'CHƯƠNG TRÌNH KHÁM PHÁ TÂY TẠNG, THAM DỰ LỄ HỘI SHOTON 9 NGÀY 8 ĐÊM', 'CHƯƠNG TRÌNH KHÁM PHÁ TÂY TẠNG, THAM DỰ LỄ HỘI SHOTON 9 NGÀY 8 ĐÊM', '[\"H\\u00e0 N\\u1ed9i, H\\u1eefu Ngh\\u1ecb Quan, Nam \\u0110\\u1ecbnh, T\\u00e2y Ninh\",\"T\\u00e2y Ninh Lhasa\",\"Lhasa\",\"Lhasa\",\"DREPUNG, NORBULINGKA, SERA, B\\u1ea2O T\\u00c0NG T\\u00c2Y T\\u1ea0NG GIAO L\\u01afU V\\u0102N HO\\u00c1 \\u1ea8M TH\\u1ef0C\",\"LHASA SHIGATSE\",\"SHIGATSE LHASA\",\"LHASA NAM \\u0110\\u1ecaNH\",\"Nam \\u0110\\u1ecbnh, H\\u1eefu Ngh\\u1ecb Quan, H\\u00e0 N\\u1ed9i\"]', '[\"06h00: \\u0110o&agrave;n t\\u1eadp chung t\\u1ea1i nh&agrave; h&aacute;t l\\u1edbn, ch\\u1ee5p \\u1ea3nh l\\u01b0u ni\\u1ec7m sau \\u0111&oacute; kh\\u1edfi h&agrave;nh \\u0111i H\\u1eefu Ngh\\u1ecb Quan.<br \\/>10h30: \\u0110o&agrave;n \\u0111\\u1ebfn H\\u1eefu Ngh\\u1ecb Quan, l&agrave;m th\\u1ee7 t\\u1ee5c xu\\u1ea5t nh\\u1eadp c\\u1ea3nh sang B\\u1eb1ng T\\u01b0\\u1eddng, \\u0103n tr\\u01b0a t\\u1ea1i B\\u1eb1ng T\\u01b0\\u1eddng sau \\u0111&oacute; xe \\u0111\\u01b0a \\u0111o&agrave;n ra s&acirc;n bay Nam Ninh theo chuy\\u1ebfn bay chi\\u1ec1u \\u0111i T&acirc;y Ninh. \\u0110\\u1ebfn T&acirc;y Ninh, xe \\u0111\\u01b0a \\u0111o&agrave;n v\\u1ec1 kh&aacute;ch s\\u1ea1n, nh\\u1eadn ph&ograve;ng ngh\\u1ec9 \\u0111&ecirc;m \\u1edf T&acirc;y Ninh.\",\"S&aacute;ng \\u0111o&agrave;n t\\u1ef1 do tham quan th&agrave;nh ph\\u1ed1 T&acirc;y Ninh, th\\u0103m quan ng&ocirc;i \\u0111\\u1ec1n H\\u1ed3i gi&aacute;o &ndash; \\u0110&ocirc;ng Quan Thanh Ch&acirc;n \\u0110\\u1ea1i t\\u1ef1, n\\u1ed5i ti\\u1ebfng v&agrave; l&acirc;u \\u0111\\u1eddi nh\\u1ea5t c\\u1ee7a th&agrave;nh ph\\u1ed1 T&acirc;y Ninh cho \\u0111\\u1ebfn khi \\u0103n tr\\u01b0a sau \\u0111&oacute; l&ecirc;n t&agrave;u \\u0111i Lhasa. \\u0102n t\\u1ed1i, ngh\\u1ec9 \\u0111&ecirc;m tr&ecirc;n t&agrave;u.\",\"Tr\\u01b0a \\u0111\\u1ebfn ga Lhasa, xe v&agrave; h\\u01b0\\u1edbng d\\u1eabn \\u0111\\u1ecba ph\\u01b0\\u01a1ng \\u0111&oacute;n \\u0111o&agrave;n v\\u1ec1 th\\u1ee7 ph\\u1ee7 T&acirc;y T\\u1ea1ng &ndash; Lhasa c\\u0169ng l&agrave; th&agrave;nh ph\\u1ed1 l\\u1edbn nh\\u1ea5t c\\u1ee7a \\u0111\\u1eb7c khu t\\u1ef1 tr\\u1ecb T&acirc;y T\\u1ea1ng v&agrave; l&agrave; th&aacute;nh \\u0111\\u1ecba Ph\\u1eadt Gi&aacute;o Trung Qu\\u1ed1c, tr&ecirc;n \\u0111\\u01b0\\u1eddng v\\u1ec1 th&agrave;nh ph\\u1ed1 \\u0111\\u01b0\\u1ee3c ng\\u1eafm to&agrave;n c\\u1ea3nh cu\\u1ed9c s\\u1ed1ng c\\u1ee7a d&acirc;n t\\u1ed9c T\\u1ea1ng. <br \\/>Chi\\u1ec1u ngh\\u1ec9 ng\\u01a1i t\\u1ef1 do \\u0111\\u1ec3 th&iacute;ch h\\u1ee3p v\\u1edbi kh&iacute; h\\u1eadu v&ugrave;ng cao nguy&ecirc;n (\\u0111&acirc;y l&agrave; \\u0111i\\u1ec1u v&ocirc; c&ugrave;ng quan tr\\u1ecdng v&igrave; n\\u1ebfu kh&ocirc;ng \\u0111\\u1ec3 th\\u1eddi gian th&iacute;ch nghi kh&aacute;ch s\\u1ebd g\\u1eb7p ph\\u1ea3i c&aacute;c hi\\u1ec7n t\\u01b0\\u1ee3ng th\\u01b0\\u1eddng c&oacute; nh\\u01b0 \\u0111au \\u0111\\u1ea7u, ch&oacute;ng m\\u1eb7t bu\\u1ed3n n&ocirc;n do thi\\u1ebfu oxy&hellip;) v&agrave; c&ugrave;ng nhau tham d\\u1ef1 bu\\u1ed5i giao l\\u01b0u h\\u1ed9i ng\\u1ed9 do Diamondtour s\\u1eafp x\\u1ebfp. \\u0110\\u01b0\\u1ee3c nghe gi\\u1edbi thi\\u1ec7u t\\u1ed5ng quan ch\\u01b0\\u01a1ng tr&igrave;nh \\u0111\\u1ec3 qu&yacute; v\\u1ecb c&oacute; \\u0111\\u01b0\\u1ee3c m\\u1ed9t c\\u1ea3m quan t\\u1ed5ng th\\u1ec3 v\\u1ec1 l\\u1ecbch s\\u1eed, t&ocirc;n gi&aacute;o, con ng\\u01b0\\u1eddi T&acirc;y T\\u1ea1ng - \\u0111&acirc;y nh\\u01b0 m\\u1ed9t m&oacute;n qu&agrave; t\\u1eb7ng qu&yacute; kh&aacute;ch nh&acirc;n ng&agrave;y \\u0111\\u1ea7u \\u0111\\u1ebfn T&acirc;y T\\u1ea1ng. \\u0102n t\\u1ed1i, ngh\\u1ec9 \\u0111&ecirc;m t\\u1ea1i Lhasa.\",\"S&aacute;ng \\u0111o&agrave;n th\\u0103m cung \\u0111i\\u1ec7n Potala &ndash; cung \\u0111i\\u1ec7n n\\u1eb1m \\u1edf v\\u1ecb tr&iacute; cao nh\\u1ea5t th\\u1ebf gi\\u1edbi \\u0111\\u01b0\\u1ee3c x&acirc;y d\\u1ef1ng \\u1edf \\u0111\\u1ed9 cao h\\u01a1n 3.600 m. \\u0110o&agrave;n th\\u0103m hai t\\u1ea7ng l\\u1ea7u ch&iacute;nh l&agrave; Portrang Karpo (B\\u1ea1ch Cung) v&agrave; Portrang Marpo (H\\u1ed3ng Cung).<br \\/>\\u0102n tr\\u01b0a sau \\u0111&oacute; \\u0111o&agrave;n th\\u0103m ch&ugrave;a \\u0110\\u1ea1i Chi&ecirc;u, m\\u1ed9t trong nh\\u1eefng ng&ocirc;i ch&ugrave;a linh thi&ecirc;ng nh\\u1ea5t v\\u1edbi Ph\\u1eadt gi&aacute;o T&acirc;y T\\u1ea1ng.<br \\/>\\u0110o&agrave;n t\\u1ef1 do mua s\\u1eafm t\\u1ea1i ch\\u1ee3 B&aacute;t gi&aacute;c cho \\u0111\\u1ebfn khi \\u0103n t\\u1ed1i, ngh\\u1ec9 \\u0111&ecirc;m t\\u1ea1i Lhasa.\",\"Bu\\u1ed5i s&aacute;ng, qu&yacute; kh&aacute;ch s\\u1ebd \\u0111\\u1ebfn th\\u0103m tu vi\\u1ec7n Drepung- tu vi\\u1ec7n h\\u01a1n 600 n\\u0103m tu\\u1ed5i linh thi&ecirc;ng b\\u1eadc nh\\u1ea5t T&acirc;y T\\u1ea1ng<br \\/>V&agrave;o ng&agrave;y n&agrave;y, qu&yacute; kh&aacute;ch s\\u1ebd \\u0111\\u01b0\\u1ee3c chi&ecirc;m ng\\u01b0\\u1ee1ng nghi l\\u1ec5 &ldquo;t\\u1eafm Ph\\u1eadt trong &aacute;nh m\\u1eb7t tr\\u1eddi&rdquo; (nghi l\\u1ec5 tr\\u1ea3i b\\u1ee9c tranh Thangka kh\\u1ed5ng l\\u1ed3- b\\u1ee9c tranh \\u0111\\u1ee9c Ph\\u1eadt th&iacute;ch ca m&acirc;u ni r\\u1ed9ng h\\u01a1n 500m2 d\\u1ea7n m\\u1edf tr&ecirc;n l\\u01b0ng \\u0111\\u1ed3i c\\u1ee7a tu vi\\u1ec7n).<br \\/>Norbulingka l&agrave; cung \\u0111i\\u1ec7n \\u0111\\u1ec3 c&aacute;c \\u0110\\u1ee9c \\u0110\\u1ea1i Lai L\\u1ea1t Ma l&agrave;m vi\\u1ec7c v&agrave;o m&ugrave;a h&egrave;, x&acirc;y d\\u1ef1ng v&agrave;o n\\u0103m 1751, n\\u01a1i \\u0111&acirc;y mang \\u0111\\u1eadm c\\u1ea5u tr&uacute;c v\\u01b0\\u1eddn hoa \\u0111i\\u1ec3n h&igrave;nh c\\u1ee7a T&acirc;y T\\u1ea1ng. <br \\/>Bu\\u1ed5i chi\\u1ec1u, qu&yacute; kh&aacute;ch s\\u1ebd \\u0111\\u1ebfn th\\u0103m tu vi\\u1ec7n Sera, m\\u1ed9t trong ba tu vi\\u1ec7n l\\u1edbn c\\u1ee7a T&acirc;y T\\u1ea1ng \\u0111\\u01b0\\u1ee3c th&agrave;nh l\\u1eadp v&agrave;o n\\u0103m 1419, \\u0111\\u1ea1i di\\u1ec7n cho d&ograve;ng Gelugpa &ndash; ph&aacute;i C&aacute;ch L\\u1ed7. Tu vi\\u1ec7n g\\u1ed3m c&oacute; hai \\u0111\\u1ea1i h\\u1ecdc \\u0111\\u1ed9c l\\u1eadp Sera Je v&agrave; Sera Mey, v&agrave; tr\\u01b0\\u1eddng M\\u1eadt t&ocirc;ng Ngagpa Dratsang.<br \\/>V&agrave;o bu\\u1ed5i t\\u1ed1i, qu&yacute; kh&aacute;ch c&oacute; c\\u01a1 h\\u1ed9i giao l\\u01b0u v\\u0103n ho&aacute; \\u1ea9m th\\u1ef1c, n\\u1ea5u \\u0103n trong c&aacute;c gia \\u0111&igrave;nh \\u0111\\u1ecba ph\\u01b0\\u01a1ng T&acirc;y T\\u1ea1ng.\",\"Sau b\\u1eefa s&aacute;ng, \\u0111o&agrave;n l&ecirc;n xe \\u0111i Shigatse &ndash; th&agrave;nh ph\\u1ed1 l\\u1edbn th\\u1ee9 2 c\\u1ee7a ng\\u01b0\\u1eddi T&acirc;y T\\u1ea1ng, kho\\u1ea3ng c&aacute;ch 320km. Tr&ecirc;n \\u0111\\u01b0\\u1eddng \\u0111o&agrave;n gh&eacute; th\\u0103m v&agrave; chi&ecirc;m ng\\u01b0\\u1ee1ng th&aacute;nh h\\u1ed3 Yamdrok hay D\\u01b0\\u01a1ng Th&aacute;nh H\\u1ed3 &ndash; m\\u1ed9t trong 3 th&aacute;nh h\\u1ed3 l\\u1edbn nh\\u1ea5t v&agrave; \\u0111\\u1eb9p nh\\u1ea5t c\\u1ee7a T&acirc;y T\\u1ea1ng. T\\u1ea1i \\u0111&acirc;y Qu&yacute; kh&aacute;ch c&oacute; th\\u1ec3 t\\u1ef1 do ch\\u1ee5p \\u1ea3nh v\\u1edbi Yak ho\\u1eb7c Ngao T\\u1ea1ng (chi ph&iacute; t\\u1ef1 t&uacute;c). <br \\/>\\u0102n tr\\u01b0a sau \\u0111&oacute; tr&ecirc;n \\u0111\\u01b0\\u1eddng \\u0111i Shigatse, \\u0111o&agrave;n gh&eacute; th\\u0103m tu vi\\u1ec7n Palkhor &ndash; m\\u1ed9t tu vi\\u1ec7n n\\u1ed5i ti\\u1ebfng v&igrave; \\u0111&acirc;y l&agrave; n\\u01a1i tu h&agrave;nh c\\u1ee7a 3 h\\u1ec7 ph&aacute;i Ph\\u1eadt gi&aacute;o kh&aacute;c nhau bao g\\u1ed3m: ph&aacute;i Sakyapa, Kadampa v&agrave; Gelugpa. C&aacute;c h\\u1ec7 ph&aacute;i n&agrave;y c&ugrave;ng chia s\\u1ebb m\\u1ed9t ch&aacute;nh \\u0111i\\u1ec7n v&agrave; c&aacute;c ph&ograve;ng nghi&ecirc;n c\\u1ee9u Ph\\u1eadt gi&aacute;o. Ti\\u1ebfp theo, \\u0111o&agrave;n \\u0111\\u1ebfn v\\u1edbi Tu vi\\u1ec7n Kumbum &ndash; m\\u1ed9t trong s\\u1ed1 s&aacute;u tu vi\\u1ec7n l\\u1edbn c\\u1ee7a d&ograve;ng truy\\u1ec1n th\\u1eeba ph&aacute;i C&aacute;ch l\\u1ed7 &ndash; Gelukpa.<br \\/>\\u0110o&agrave;n \\u0103n t\\u1ed1i, ngh\\u1ec9 \\u0111&ecirc;m t\\u1ea1i Shigate.\",\"Sau b\\u1eefa s&aacute;ng \\u0111o&agrave;n th\\u0103m tu vi\\u1ec7n Tashilhunpo &ndash; Tu vi\\u1ec7n c\\u1ee7a c&aacute;c \\u0111\\u1eddi Ph\\u1eadt s\\u1ed1ng Ban Thi\\u1ec1n c\\u0169ng l&agrave; m\\u1ed9t trong 4 \\u0111\\u1ea1i tu vi\\u1ec7n l\\u1edbn nh\\u1ea5t v&agrave; \\u0111\\u1eb9p nh\\u1ea5t T&acirc;y T\\u1ea1ng.<br \\/>\\u0102n tr\\u01b0a sau \\u0111&oacute; \\u0111o&agrave;n quay v\\u1ec1 Lhasa, ng\\u1eafm c\\u1ea3nh th\\u1ea3o nguy&ecirc;n r\\u1ed9ng l\\u1edbn bao la. Bu\\u1ed5i chi\\u1ec1u v\\u1ec1, qu&yacute; kh&aacute;ch c&oacute; c\\u01a1 h\\u1ed9i gh&eacute; th\\u0103m c&aacute;c gia \\u0111&igrave;nh \\u0111\\u1ecba ph\\u01b0\\u01a1ng T&acirc;y T\\u1ea1ng v&agrave; t&igrave;m hi\\u1ec3u v\\u1ec1 phong c&aacute;ch s\\u1ed1ng \\u0111\\u1ecba ph\\u01b0\\u01a1ng h\\u1ebft s\\u1ee9c th&uacute; v\\u1ecb n\\u01a1i \\u0111&acirc;y. \\u0102n t\\u1ed1i, ngh\\u1ec9 \\u0111&ecirc;m t\\u1ea1i Lhasa.\",\"Sau b\\u1eefa s&aacute;ng, \\u0111o&agrave;n t\\u1ef1 do mua s\\u1eafm cho \\u0111\\u1ebfn khi \\u0103n tr\\u01b0a sau \\u0111&oacute; xe \\u0111\\u01b0a \\u0111o&agrave;n ra s&acirc;n bay v\\u1ec1 Nam Ninh, n\\u1ed1i chuy\\u1ebfn t\\u1ea1i Th&agrave;nh \\u0110&ocirc; ho\\u1eb7c th&agrave;nh ph\\u1ed1 t\\u01b0\\u01a1ng t\\u1ef1.<br \\/>\\u0110o&agrave;n v\\u1ec1 \\u0111\\u1ebfn Nam Ninh, xe \\u0111&oacute;n v&agrave; \\u0111\\u01b0a \\u0111o&agrave;n v\\u1ec1 kh&aacute;ch s\\u1ea1n, \\u0103n t\\u1ed1i, ngh\\u1ec9 \\u0111&ecirc;m t\\u1ea1i Nam Ninh.\",\"Sau b\\u1eefa s&aacute;ng \\u0111o&agrave;n t\\u1ef1 do ngh\\u1ec9 ng\\u01a1i mua s\\u1eafm t\\u1ea1i Nam Ninh. Sau b\\u1eefa tr\\u01b0a \\u0111o&agrave;n v\\u1ec1 H\\u1eefu Ngh\\u1ecb Quan.<br \\/>\\u0110o&agrave;n l&agrave;m th\\u1ee7 t\\u1ee5c xu\\u1ea5t nh\\u1eadp c\\u1ea3nh v\\u1ec1 Vi\\u1ec7t Nam, xe \\u0111\\u01b0a \\u0111o&agrave;n v\\u1ec1 \\u0111i\\u1ec3m \\u0111&oacute;n ban \\u0111\\u1ea7u k\\u1ebft th&uacute;c chuy\\u1ebfn kh\\u1ea3o s&aacute;t T&acirc;y T\\u1ea1ng \\u0111\\u1ea7y th&uacute; v\\u1ecb.\"]', '<table style=\"width: 1002px;\" width=\"1296\">\r\n<tbody>\r\n<tr>\r\n<td style=\"width: 391px;\" colspan=\"3\">ĐIỀU KIỆN ĐĂNG K&Yacute; TOUR</td>\r\n<td style=\"width: 595px;\">ĐIỀU KIỆN HỦY TOUR</td>\r\n</tr>\r\n<tr>\r\n<td style=\"width: 391px;\" colspan=\"3\">*Qu&yacute; kh&aacute;ch c&oacute; đầy đủ sức khỏe tham gia chương tr&igrave;nh.<br />*Đặt cọc 50%/1 kh&aacute;ch khi đăng k&yacute; chương tr&igrave;nh.&nbsp; <br />*Thanh to&aacute;n to&agrave;n bộ số tiền trước 20 ng&agrave;y khởi h&agrave;nh.<br />*Hộ chiếu c&ograve;n thời hạn tr&ecirc;n 6 th&aacute;ng t&iacute;nh đến ng&agrave;y về.</td>\r\n<td style=\"width: 595px;\">*Ngay sau khi đặt cọc: Ph&iacute; hủy l&agrave; 15% tiền tour<br />*Trước ng&agrave;y khởi h&agrave;nh 30 ng&agrave;y: Ph&iacute; hủy l&agrave; 25% tiền tour<br />*Từ trước 8 - 29 ng&agrave;y trước ng&agrave;y KH: Ph&iacute; hủy l&agrave; 35% tiền tour<br />*Trước 07 ng&agrave;y khởi h&agrave;nh: Ph&iacute; hủy l&agrave; 70% tiền tour</td>\r\n</tr>\r\n<tr>\r\n<td style=\"width: 992px;\" colspan=\"4\">*Khi đăng k&yacute; tour du lịch, Qu&yacute; kh&aacute;ch vui l&ograve;ng đọc kỹ chương tr&igrave;nh, gi&aacute; tour, c&aacute;c khoản bao gồm cũng như kh&ocirc;ng bao gồm trong chương tr&igrave;nh, c&aacute;c điều kiện hủy tour. Trong trường hợp Qu&yacute; kh&aacute;ch kh&ocirc;ng trực tiếp đến đăng k&yacute; tour m&agrave; do người kh&aacute;c đến đăng k&yacute; th&igrave; Qu&yacute; kh&aacute;ch vui l&ograve;ng t&igrave;m hiểu kỹ chương tr&igrave;nh từ người đăng k&yacute; cho m&igrave;nh.<br />*Qu&yacute; kh&aacute;ch từ 70 tuổi trở l&ecirc;n y&ecirc;u cầu cam kết sức khỏe với C&ocirc;ng ty. <br />*Do c&aacute;c chuyến bay phụ thuộc v&agrave;o c&aacute;c h&atilde;ng H&agrave;ng Kh&ocirc;ng n&ecirc;n trong một số trường hợp giờ bay c&oacute; thể thay đổi m&agrave; kh&ocirc;ng được b&aacute;o trước.<br />*T&ugrave;y v&agrave;o t&igrave;nh h&igrave;nh thực tế, thứ tự c&aacute;c điểm thăm quan trong chương tr&igrave;nh c&oacute; thể thay đổi nhưng vẫn đảm bảo đầy đủ c&aacute;c điểm thăm quan như l&uacute;c đầu.<br />*Trong trường hợp xảy ra thi&ecirc;n tai: b&atilde;o lụt, hạn h&aacute;n, động đất&hellip;; Sự cố về an ninh: khủng bố, biểu t&igrave;nh; Sự cố về h&agrave;ng kh&ocirc;ng: trục trặc kỹ thuật, an ninh, dời, hủy, ho&atilde;n chuyến bay, Diamondtour sẽ xem x&eacute;t để ho&agrave;n trả chi ph&iacute; kh&ocirc;ng thăm quan cho kh&aacute;ch trong điều kiện c&oacute; thể (Sau khi đ&atilde; trừ lại c&aacute;c dịch vụ đ&atilde; thực hiện như ph&iacute; l&agrave;m visa. V&agrave; kh&ocirc;ng chịu tr&aacute;ch nhiệm bồi thường th&ecirc;m bất kỳ chi ph&iacute; n&agrave;o kh&aacute;c).<br /><br /><br /></td>\r\n</tr>\r\n</tbody>\r\n</table>', '<table width=\"745\">\r\n<tbody>\r\n<tr>\r\n<td colspan=\"3\" width=\"745\">GI&Aacute; TOUR BAO GỒM&nbsp;</td>\r\n</tr>\r\n<tr>\r\n<td colspan=\"3\" width=\"745\">*Kh&aacute;ch sạn kiến tr&uacute;c Tạng 4 sao ti&ecirc;u chuẩn quốc tế ở Lhasa, kh&aacute;ch sạn chuẩn 3 sao ở Trung Quốc (2 kh&aacute;ch/ ph&ograve;ng; nếu lẻ kh&aacute;ch sẽ ở ph&ograve;ng 3 người);<br />*Ăn trọn g&oacute;i theo chương tr&igrave;nh, bữa ch&iacute;nh ăn 06 m&oacute;n + 01 canh. Do đồ ăn ở T&acirc;y Tạng l&agrave; văn ho&aacute; ẩm thực Tạng cộng với nh&agrave; h&agrave;ng Tứ Xuy&ecirc;n n&ecirc;n c&oacute; thể sẽ kh&ocirc;ng ph&ugrave; hợp với khẩu vị người Việt n&ecirc;n ch&uacute;ng t&ocirc;i sẽ chuẩn bị mang theo thực phẩm ph&ugrave; hợp; Qu&yacute; kh&aacute;ch c&oacute; thể mang th&ecirc;m nếu c&aacute; nh&acirc;n c&oacute; nhu cầu, như ruốc, muối vừng&hellip;<br />* Xe: &Ocirc; t&ocirc; tiện nghi phục vụ theo chương tr&igrave;nh; <br />*V&eacute; v&agrave;o cửa tham quan cổng thứ nhất;<br />*V&eacute; m&aacute;y bay, lệ ph&iacute; s&acirc;n bay, ph&iacute; an ninh, phụ ph&iacute; xăng dầu nội địa Trung Quốc tất cả c&aacute;c chặng;<br />*V&eacute; t&agrave;u khoang 4 điều h&ograve;a chất lượng cao T&acirc;y Ninh &ndash; Lhasa;<br />*Hướng dẫn vi&ecirc;n n&oacute;i tiếng Việt chuy&ecirc;n tuyến v&agrave; tiếng Trung phục vụ suốt tuyến theo chương tr&igrave;nh;<br />*Visa đo&agrave;n nhập cảnh Trung Quốc (cấp tại Trung quốc), th&ocirc;ng h&agrave;nh v&agrave;o T&acirc;y Tạng;<br />*Bảo hiểm du lịch mức 10.000usd/ h&agrave;nh tr&igrave;nh;<br />*Tr&ecirc;n 15 kh&aacute;ch, mức gi&aacute; giảm 1 triệu đồng/ kh&aacute;ch.</td>\r\n</tr>\r\n<tr>\r\n<td colspan=\"3\">GI&Aacute; TOUR KH&Ocirc;NG BAO GỒM</td>\r\n</tr>\r\n<tr>\r\n<td colspan=\"3\" width=\"745\">*Lệ ph&iacute; l&agrave;m hộ chiếu<br />*Visa ri&ecirc;ng lẻ l&agrave;m tại Đại sứ qu&aacute;n TQ hoặc L&atilde;nh sự qu&aacute;n TQ tại VN th&igrave; phải trả th&ecirc;m 80 USD/kh&aacute;ch, ph&aacute;t sinh ph&iacute; l&agrave;m visa khẩn<br />*Ph&iacute; ph&ograve;ng đơn (d&agrave;nh cho kh&aacute;ch y&ecirc;u cầu ở ph&ograve;ng đơn)<br />*Đồ uống (bia rượu trong bữa ăn), điện thoại, giặt l&agrave;, h&agrave;nh l&yacute; qu&aacute; cước theo quy định của h&agrave;ng kh&ocirc;ng.<br />*Tiền tip cho hướng dẫn vi&ecirc;n $/h&agrave;nh tr&igrave;nh.<br />*Tiền c&uacute;ng d&agrave;ng Tăng ni tại c&aacute;c ng&ocirc;i ch&ugrave;a<br />*Chi ph&iacute; tiền mua hương hoa, c&aacute;c lễ vật d&acirc;ng ch&ugrave;a v&agrave; chi ph&iacute; mời thầy giảng thuyết v&agrave; c&aacute;c lễ vật ri&ecirc;ng cho đo&agrave;n ngo&agrave;i chương tr&igrave;nh<br />*Tiền mua b&igrave;nh &ocirc; xi tại T&acirc;y Tạng, thuốc men, bệnh viện v&agrave; c&aacute;c chi ph&iacute; c&aacute; nh&acirc;n của kh&aacute;ch ngo&agrave;i chương tr&igrave;nh<br />*Chi ph&iacute; dời ng&agrave;y, đổi chặng, n&acirc;ng hạng v&eacute; m&aacute;y bay.<br />*Thuế VAT.</td>\r\n</tr>\r\n</tbody>\r\n</table>'),
(12, 6, 'CHUONG TRINH KHAM PHA TAY TANG, THAM DU LE HOI SHOTON 9 NGAY 8 ĐEM', 'Tây Tạng được coi là một trong những vùng đất linh thiêng và huyền bí nhất của thế giới, là thánh địa kiên cố cuối cùng của Phật giáo. Nó gần như biệt lập với thế giới bên ngoài và duy trì một nền văn minh cổ, khác hẳn với những nền văn minh mà chúng ta được biết đến.', '<table width=\"509\">\r\n<tbody>\r\n<tr>\r\n<td colspan=\"2\" width=\"509\">Một bức tranh tương đối to&agrave;n diện về T&acirc;y Tạng được t&aacute;i hiện trong chương tr&igrave;nh tour 9 ng&agrave;y:<br />- Tham dự v&agrave; trải nghiệm lễ hội Sheton &ndash; Lễ hội Sữa chua.<br />- Tour đẳng cấp, chuy&ecirc;n nghiệp được thiết kế v&agrave; sử dụng dịch vụ trực tiếp của người - d&acirc;n T&acirc;y Tạng m&agrave; kh&ocirc;ng phải th&ocirc;ng qua dịch vụ người H&aacute;n!<br />- Trưởng đo&agrave;n chuy&ecirc;n tour T&acirc;y Tạng, am hiểu lịch sử địa l&yacute;, v&agrave; đặc biệt c&oacute; nhiều năm nghi&ecirc;n cứu Phật gi&aacute;o bao gồm Phật gi&aacute;o H&aacute;n truyền, Tạng truyền v&agrave; hệ Pali!<br />- Hướng dẫn vi&ecirc;n người Tạng gi&agrave;u kinh nghiệm, nhiệt t&igrave;nh được trainning trực tiếp từ Diamondtour.<br />- Kh&aacute;ch sạn 3, 4* đậm n&eacute;t văn ho&aacute; kiến tr&uacute;c Tạng m&agrave; đạt ti&ecirc;u chuẩn quốc tế!<br />- Ẩm thực: văn ho&aacute; ẩm thực phong ph&uacute; cộng với sự chu đ&aacute;o của Diamondtour: Ẩm thực độc đ&aacute;o nhưng kh&ocirc;ng lạ: Tạng+Trung+Việt - Giao lưu văn ho&aacute; ẩm thực với người d&acirc;n địa phương tại Lhasa.<br />- Chuyến t&agrave;u đi qua cao nguy&ecirc;n Thanh Tạng l&ecirc;n thủ phủ T&acirc;y Tạng.<br />- Phục vụ Wifi miễn ph&iacute;.</td>\r\n</tr>\r\n</tbody>\r\n</table>', 'en', 'CHUONG TRINH KHAM PHA TAY TANG, THAM DU LE HOI SHOTON 9 NGAY 8 ĐEM', 'CHUONG TRINH KHAM PHA TAY TANG, THAM DU LE HOI SHOTON 9 NGAY 8 ĐEM', '[\"Ha Noi, Huu Nghi Quan, Nam Dinh, Tay Ninh\",\"T\\u00e2y Ninh Lhasa\",\"Lhasa\",\"Lhasa\",\"DREPUNG, NORBULINGKA, SERA, BAO TANG TAY TANG GIAO LUU VAN HOA AM THUC\",\"LHASA SHIGATSE\",\"SHIGATSE LHASA\",\"LHASA NAM DINH\",\"Nam \\u0110\\u1ecbnh, H\\u1eefu Ngh\\u1ecb Quan, H\\u00e0 N\\u1ed9i\"]', '[\"06h00: \\u0110o&agrave;n t\\u1eadp chung t\\u1ea1i nh&agrave; h&aacute;t l\\u1edbn, ch\\u1ee5p \\u1ea3nh l\\u01b0u ni\\u1ec7m sau \\u0111&oacute; kh\\u1edfi h&agrave;nh \\u0111i H\\u1eefu Ngh\\u1ecb Quan.<br \\/>10h30: \\u0110o&agrave;n \\u0111\\u1ebfn H\\u1eefu Ngh\\u1ecb Quan, l&agrave;m th\\u1ee7 t\\u1ee5c xu\\u1ea5t nh\\u1eadp c\\u1ea3nh sang B\\u1eb1ng T\\u01b0\\u1eddng, \\u0103n tr\\u01b0a t\\u1ea1i B\\u1eb1ng T\\u01b0\\u1eddng sau \\u0111&oacute; xe \\u0111\\u01b0a \\u0111o&agrave;n ra s&acirc;n bay Nam Ninh theo chuy\\u1ebfn bay chi\\u1ec1u \\u0111i T&acirc;y Ninh. \\u0110\\u1ebfn T&acirc;y Ninh, xe \\u0111\\u01b0a \\u0111o&agrave;n v\\u1ec1 kh&aacute;ch s\\u1ea1n, nh\\u1eadn ph&ograve;ng ngh\\u1ec9 \\u0111&ecirc;m \\u1edf T&acirc;y Ninh.\",\"S&aacute;ng \\u0111o&agrave;n t\\u1ef1 do tham quan th&agrave;nh ph\\u1ed1 T&acirc;y Ninh, th\\u0103m quan ng&ocirc;i \\u0111\\u1ec1n H\\u1ed3i gi&aacute;o &ndash; \\u0110&ocirc;ng Quan Thanh Ch&acirc;n \\u0110\\u1ea1i t\\u1ef1, n\\u1ed5i ti\\u1ebfng v&agrave; l&acirc;u \\u0111\\u1eddi nh\\u1ea5t c\\u1ee7a th&agrave;nh ph\\u1ed1 T&acirc;y Ninh cho \\u0111\\u1ebfn khi \\u0103n tr\\u01b0a sau \\u0111&oacute; l&ecirc;n t&agrave;u \\u0111i Lhasa. \\u0102n t\\u1ed1i, ngh\\u1ec9 \\u0111&ecirc;m tr&ecirc;n t&agrave;u.\",\"Tr\\u01b0a \\u0111\\u1ebfn ga Lhasa, xe v&agrave; h\\u01b0\\u1edbng d\\u1eabn \\u0111\\u1ecba ph\\u01b0\\u01a1ng \\u0111&oacute;n \\u0111o&agrave;n v\\u1ec1 th\\u1ee7 ph\\u1ee7 T&acirc;y T\\u1ea1ng &ndash; Lhasa c\\u0169ng l&agrave; th&agrave;nh ph\\u1ed1 l\\u1edbn nh\\u1ea5t c\\u1ee7a \\u0111\\u1eb7c khu t\\u1ef1 tr\\u1ecb T&acirc;y T\\u1ea1ng v&agrave; l&agrave; th&aacute;nh \\u0111\\u1ecba Ph\\u1eadt Gi&aacute;o Trung Qu\\u1ed1c, tr&ecirc;n \\u0111\\u01b0\\u1eddng v\\u1ec1 th&agrave;nh ph\\u1ed1 \\u0111\\u01b0\\u1ee3c ng\\u1eafm to&agrave;n c\\u1ea3nh cu\\u1ed9c s\\u1ed1ng c\\u1ee7a d&acirc;n t\\u1ed9c T\\u1ea1ng. <br \\/>Chi\\u1ec1u ngh\\u1ec9 ng\\u01a1i t\\u1ef1 do \\u0111\\u1ec3 th&iacute;ch h\\u1ee3p v\\u1edbi kh&iacute; h\\u1eadu v&ugrave;ng cao nguy&ecirc;n (\\u0111&acirc;y l&agrave; \\u0111i\\u1ec1u v&ocirc; c&ugrave;ng quan tr\\u1ecdng v&igrave; n\\u1ebfu kh&ocirc;ng \\u0111\\u1ec3 th\\u1eddi gian th&iacute;ch nghi kh&aacute;ch s\\u1ebd g\\u1eb7p ph\\u1ea3i c&aacute;c hi\\u1ec7n t\\u01b0\\u1ee3ng th\\u01b0\\u1eddng c&oacute; nh\\u01b0 \\u0111au \\u0111\\u1ea7u, ch&oacute;ng m\\u1eb7t bu\\u1ed3n n&ocirc;n do thi\\u1ebfu oxy&hellip;) v&agrave; c&ugrave;ng nhau tham d\\u1ef1 bu\\u1ed5i giao l\\u01b0u h\\u1ed9i ng\\u1ed9 do Diamondtour s\\u1eafp x\\u1ebfp. \\u0110\\u01b0\\u1ee3c nghe gi\\u1edbi thi\\u1ec7u t\\u1ed5ng quan ch\\u01b0\\u01a1ng tr&igrave;nh \\u0111\\u1ec3 qu&yacute; v\\u1ecb c&oacute; \\u0111\\u01b0\\u1ee3c m\\u1ed9t c\\u1ea3m quan t\\u1ed5ng th\\u1ec3 v\\u1ec1 l\\u1ecbch s\\u1eed, t&ocirc;n gi&aacute;o, con ng\\u01b0\\u1eddi T&acirc;y T\\u1ea1ng - \\u0111&acirc;y nh\\u01b0 m\\u1ed9t m&oacute;n qu&agrave; t\\u1eb7ng qu&yacute; kh&aacute;ch nh&acirc;n ng&agrave;y \\u0111\\u1ea7u \\u0111\\u1ebfn T&acirc;y T\\u1ea1ng. \\u0102n t\\u1ed1i, ngh\\u1ec9 \\u0111&ecirc;m t\\u1ea1i Lhasa.\",\"S&aacute;ng \\u0111o&agrave;n th\\u0103m cung \\u0111i\\u1ec7n Potala &ndash; cung \\u0111i\\u1ec7n n\\u1eb1m \\u1edf v\\u1ecb tr&iacute; cao nh\\u1ea5t th\\u1ebf gi\\u1edbi \\u0111\\u01b0\\u1ee3c x&acirc;y d\\u1ef1ng \\u1edf \\u0111\\u1ed9 cao h\\u01a1n 3.600 m. \\u0110o&agrave;n th\\u0103m hai t\\u1ea7ng l\\u1ea7u ch&iacute;nh l&agrave; Portrang Karpo (B\\u1ea1ch Cung) v&agrave; Portrang Marpo (H\\u1ed3ng Cung).<br \\/>\\u0102n tr\\u01b0a sau \\u0111&oacute; \\u0111o&agrave;n th\\u0103m ch&ugrave;a \\u0110\\u1ea1i Chi&ecirc;u, m\\u1ed9t trong nh\\u1eefng ng&ocirc;i ch&ugrave;a linh thi&ecirc;ng nh\\u1ea5t v\\u1edbi Ph\\u1eadt gi&aacute;o T&acirc;y T\\u1ea1ng.<br \\/>\\u0110o&agrave;n t\\u1ef1 do mua s\\u1eafm t\\u1ea1i ch\\u1ee3 B&aacute;t gi&aacute;c cho \\u0111\\u1ebfn khi \\u0103n t\\u1ed1i, ngh\\u1ec9 \\u0111&ecirc;m t\\u1ea1i Lhasa.\",\"Bu\\u1ed5i s&aacute;ng, qu&yacute; kh&aacute;ch s\\u1ebd \\u0111\\u1ebfn th\\u0103m tu vi\\u1ec7n Drepung- tu vi\\u1ec7n h\\u01a1n 600 n\\u0103m tu\\u1ed5i linh thi&ecirc;ng b\\u1eadc nh\\u1ea5t T&acirc;y T\\u1ea1ng<br \\/>V&agrave;o ng&agrave;y n&agrave;y, qu&yacute; kh&aacute;ch s\\u1ebd \\u0111\\u01b0\\u1ee3c chi&ecirc;m ng\\u01b0\\u1ee1ng nghi l\\u1ec5 &ldquo;t\\u1eafm Ph\\u1eadt trong &aacute;nh m\\u1eb7t tr\\u1eddi&rdquo; (nghi l\\u1ec5 tr\\u1ea3i b\\u1ee9c tranh Thangka kh\\u1ed5ng l\\u1ed3- b\\u1ee9c tranh \\u0111\\u1ee9c Ph\\u1eadt th&iacute;ch ca m&acirc;u ni r\\u1ed9ng h\\u01a1n 500m2 d\\u1ea7n m\\u1edf tr&ecirc;n l\\u01b0ng \\u0111\\u1ed3i c\\u1ee7a tu vi\\u1ec7n).<br \\/>Norbulingka l&agrave; cung \\u0111i\\u1ec7n \\u0111\\u1ec3 c&aacute;c \\u0110\\u1ee9c \\u0110\\u1ea1i Lai L\\u1ea1t Ma l&agrave;m vi\\u1ec7c v&agrave;o m&ugrave;a h&egrave;, x&acirc;y d\\u1ef1ng v&agrave;o n\\u0103m 1751, n\\u01a1i \\u0111&acirc;y mang \\u0111\\u1eadm c\\u1ea5u tr&uacute;c v\\u01b0\\u1eddn hoa \\u0111i\\u1ec3n h&igrave;nh c\\u1ee7a T&acirc;y T\\u1ea1ng. <br \\/>Bu\\u1ed5i chi\\u1ec1u, qu&yacute; kh&aacute;ch s\\u1ebd \\u0111\\u1ebfn th\\u0103m tu vi\\u1ec7n Sera, m\\u1ed9t trong ba tu vi\\u1ec7n l\\u1edbn c\\u1ee7a T&acirc;y T\\u1ea1ng \\u0111\\u01b0\\u1ee3c th&agrave;nh l\\u1eadp v&agrave;o n\\u0103m 1419, \\u0111\\u1ea1i di\\u1ec7n cho d&ograve;ng Gelugpa &ndash; ph&aacute;i C&aacute;ch L\\u1ed7. Tu vi\\u1ec7n g\\u1ed3m c&oacute; hai \\u0111\\u1ea1i h\\u1ecdc \\u0111\\u1ed9c l\\u1eadp Sera Je v&agrave; Sera Mey, v&agrave; tr\\u01b0\\u1eddng M\\u1eadt t&ocirc;ng Ngagpa Dratsang.<br \\/>V&agrave;o bu\\u1ed5i t\\u1ed1i, qu&yacute; kh&aacute;ch c&oacute; c\\u01a1 h\\u1ed9i giao l\\u01b0u v\\u0103n ho&aacute; \\u1ea9m th\\u1ef1c, n\\u1ea5u \\u0103n trong c&aacute;c gia \\u0111&igrave;nh \\u0111\\u1ecba ph\\u01b0\\u01a1ng T&acirc;y T\\u1ea1ng.\",\"Sau b\\u1eefa s&aacute;ng, \\u0111o&agrave;n l&ecirc;n xe \\u0111i Shigatse &ndash; th&agrave;nh ph\\u1ed1 l\\u1edbn th\\u1ee9 2 c\\u1ee7a ng\\u01b0\\u1eddi T&acirc;y T\\u1ea1ng, kho\\u1ea3ng c&aacute;ch 320km. Tr&ecirc;n \\u0111\\u01b0\\u1eddng \\u0111o&agrave;n gh&eacute; th\\u0103m v&agrave; chi&ecirc;m ng\\u01b0\\u1ee1ng th&aacute;nh h\\u1ed3 Yamdrok hay D\\u01b0\\u01a1ng Th&aacute;nh H\\u1ed3 &ndash; m\\u1ed9t trong 3 th&aacute;nh h\\u1ed3 l\\u1edbn nh\\u1ea5t v&agrave; \\u0111\\u1eb9p nh\\u1ea5t c\\u1ee7a T&acirc;y T\\u1ea1ng. T\\u1ea1i \\u0111&acirc;y Qu&yacute; kh&aacute;ch c&oacute; th\\u1ec3 t\\u1ef1 do ch\\u1ee5p \\u1ea3nh v\\u1edbi Yak ho\\u1eb7c Ngao T\\u1ea1ng (chi ph&iacute; t\\u1ef1 t&uacute;c). <br \\/>\\u0102n tr\\u01b0a sau \\u0111&oacute; tr&ecirc;n \\u0111\\u01b0\\u1eddng \\u0111i Shigatse, \\u0111o&agrave;n gh&eacute; th\\u0103m tu vi\\u1ec7n Palkhor &ndash; m\\u1ed9t tu vi\\u1ec7n n\\u1ed5i ti\\u1ebfng v&igrave; \\u0111&acirc;y l&agrave; n\\u01a1i tu h&agrave;nh c\\u1ee7a 3 h\\u1ec7 ph&aacute;i Ph\\u1eadt gi&aacute;o kh&aacute;c nhau bao g\\u1ed3m: ph&aacute;i Sakyapa, Kadampa v&agrave; Gelugpa. C&aacute;c h\\u1ec7 ph&aacute;i n&agrave;y c&ugrave;ng chia s\\u1ebb m\\u1ed9t ch&aacute;nh \\u0111i\\u1ec7n v&agrave; c&aacute;c ph&ograve;ng nghi&ecirc;n c\\u1ee9u Ph\\u1eadt gi&aacute;o. Ti\\u1ebfp theo, \\u0111o&agrave;n \\u0111\\u1ebfn v\\u1edbi Tu vi\\u1ec7n Kumbum &ndash; m\\u1ed9t trong s\\u1ed1 s&aacute;u tu vi\\u1ec7n l\\u1edbn c\\u1ee7a d&ograve;ng truy\\u1ec1n th\\u1eeba ph&aacute;i C&aacute;ch l\\u1ed7 &ndash; Gelukpa.<br \\/>\\u0110o&agrave;n \\u0103n t\\u1ed1i, ngh\\u1ec9 \\u0111&ecirc;m t\\u1ea1i Shigate.\",\"Sau b\\u1eefa s&aacute;ng \\u0111o&agrave;n th\\u0103m tu vi\\u1ec7n Tashilhunpo &ndash; Tu vi\\u1ec7n c\\u1ee7a c&aacute;c \\u0111\\u1eddi Ph\\u1eadt s\\u1ed1ng Ban Thi\\u1ec1n c\\u0169ng l&agrave; m\\u1ed9t trong 4 \\u0111\\u1ea1i tu vi\\u1ec7n l\\u1edbn nh\\u1ea5t v&agrave; \\u0111\\u1eb9p nh\\u1ea5t T&acirc;y T\\u1ea1ng.<br \\/>\\u0102n tr\\u01b0a sau \\u0111&oacute; \\u0111o&agrave;n quay v\\u1ec1 Lhasa, ng\\u1eafm c\\u1ea3nh th\\u1ea3o nguy&ecirc;n r\\u1ed9ng l\\u1edbn bao la. Bu\\u1ed5i chi\\u1ec1u v\\u1ec1, qu&yacute; kh&aacute;ch c&oacute; c\\u01a1 h\\u1ed9i gh&eacute; th\\u0103m c&aacute;c gia \\u0111&igrave;nh \\u0111\\u1ecba ph\\u01b0\\u01a1ng T&acirc;y T\\u1ea1ng v&agrave; t&igrave;m hi\\u1ec3u v\\u1ec1 phong c&aacute;ch s\\u1ed1ng \\u0111\\u1ecba ph\\u01b0\\u01a1ng h\\u1ebft s\\u1ee9c th&uacute; v\\u1ecb n\\u01a1i \\u0111&acirc;y. \\u0102n t\\u1ed1i, ngh\\u1ec9 \\u0111&ecirc;m t\\u1ea1i Lhasa.\",\"Sau b\\u1eefa s&aacute;ng, \\u0111o&agrave;n t\\u1ef1 do mua s\\u1eafm cho \\u0111\\u1ebfn khi \\u0103n tr\\u01b0a sau \\u0111&oacute; xe \\u0111\\u01b0a \\u0111o&agrave;n ra s&acirc;n bay v\\u1ec1 Nam Ninh, n\\u1ed1i chuy\\u1ebfn t\\u1ea1i Th&agrave;nh \\u0110&ocirc; ho\\u1eb7c th&agrave;nh ph\\u1ed1 t\\u01b0\\u01a1ng t\\u1ef1.<br \\/>\\u0110o&agrave;n v\\u1ec1 \\u0111\\u1ebfn Nam Ninh, xe \\u0111&oacute;n v&agrave; \\u0111\\u01b0a \\u0111o&agrave;n v\\u1ec1 kh&aacute;ch s\\u1ea1n, \\u0103n t\\u1ed1i, ngh\\u1ec9 \\u0111&ecirc;m t\\u1ea1i Nam Ninh.\",\"Sau b\\u1eefa s&aacute;ng \\u0111o&agrave;n t\\u1ef1 do ngh\\u1ec9 ng\\u01a1i mua s\\u1eafm t\\u1ea1i Nam Ninh. Sau b\\u1eefa tr\\u01b0a \\u0111o&agrave;n v\\u1ec1 H\\u1eefu Ngh\\u1ecb Quan.<br \\/>\\u0110o&agrave;n l&agrave;m th\\u1ee7 t\\u1ee5c xu\\u1ea5t nh\\u1eadp c\\u1ea3nh v\\u1ec1 Vi\\u1ec7t Nam, xe \\u0111\\u01b0a \\u0111o&agrave;n v\\u1ec1 \\u0111i\\u1ec3m \\u0111&oacute;n ban \\u0111\\u1ea7u k\\u1ebft th&uacute;c chuy\\u1ebfn kh\\u1ea3o s&aacute;t T&acirc;y T\\u1ea1ng \\u0111\\u1ea7y th&uacute; v\\u1ecb.\"]', '<table style=\"width: 1002px;\" width=\"1296\">\r\n<tbody>\r\n<tr>\r\n<td style=\"width: 387px;\" colspan=\"3\">ĐIỀU KIỆN ĐĂNG K&Yacute; TOUR</td>\r\n<td style=\"width: 599px;\">ĐIỀU KIỆN HỦY TOUR</td>\r\n</tr>\r\n<tr>\r\n<td style=\"width: 387px;\" colspan=\"3\">*Qu&yacute; kh&aacute;ch c&oacute; đầy đủ sức khỏe tham gia chương tr&igrave;nh.<br />*Đặt cọc 50%/1 kh&aacute;ch khi đăng k&yacute; chương tr&igrave;nh.&nbsp; <br />*Thanh to&aacute;n to&agrave;n bộ số tiền trước 20 ng&agrave;y khởi h&agrave;nh.<br />*Hộ chiếu c&ograve;n thời hạn tr&ecirc;n 6 th&aacute;ng t&iacute;nh đến ng&agrave;y về.</td>\r\n<td style=\"width: 599px;\">*Ngay sau khi đặt cọc: Ph&iacute; hủy l&agrave; 15% tiền tour<br />*Trước ng&agrave;y khởi h&agrave;nh 30 ng&agrave;y: Ph&iacute; hủy l&agrave; 25% tiền tour<br />*Từ trước 8 - 29 ng&agrave;y trước ng&agrave;y KH: Ph&iacute; hủy l&agrave; 35% tiền tour<br />*Trước 07 ng&agrave;y khởi h&agrave;nh: Ph&iacute; hủy l&agrave; 70% tiền tour</td>\r\n</tr>\r\n<tr>\r\n<td style=\"width: 992px;\" colspan=\"4\">*Khi đăng k&yacute; tour du lịch, Qu&yacute; kh&aacute;ch vui l&ograve;ng đọc kỹ chương tr&igrave;nh, gi&aacute; tour, c&aacute;c khoản bao gồm cũng như kh&ocirc;ng bao gồm trong chương tr&igrave;nh, c&aacute;c điều kiện hủy tour. Trong trường hợp Qu&yacute; kh&aacute;ch kh&ocirc;ng trực tiếp đến đăng k&yacute; tour m&agrave; do người kh&aacute;c đến đăng k&yacute; th&igrave; Qu&yacute; kh&aacute;ch vui l&ograve;ng t&igrave;m hiểu kỹ chương tr&igrave;nh từ người đăng k&yacute; cho m&igrave;nh.<br />*Qu&yacute; kh&aacute;ch từ 70 tuổi trở l&ecirc;n y&ecirc;u cầu cam kết sức khỏe với C&ocirc;ng ty. <br />*Do c&aacute;c chuyến bay phụ thuộc v&agrave;o c&aacute;c h&atilde;ng H&agrave;ng Kh&ocirc;ng n&ecirc;n trong một số trường hợp giờ bay c&oacute; thể thay đổi m&agrave; kh&ocirc;ng được b&aacute;o trước.<br />*T&ugrave;y v&agrave;o t&igrave;nh h&igrave;nh thực tế, thứ tự c&aacute;c điểm thăm quan trong chương tr&igrave;nh c&oacute; thể thay đổi nhưng vẫn đảm bảo đầy đủ c&aacute;c điểm thăm quan như l&uacute;c đầu.<br />*Trong trường hợp xảy ra thi&ecirc;n tai: b&atilde;o lụt, hạn h&aacute;n, động đất&hellip;; Sự cố về an ninh: khủng bố, biểu t&igrave;nh; Sự cố về h&agrave;ng kh&ocirc;ng: trục trặc kỹ thuật, an ninh, dời, hủy, ho&atilde;n chuyến bay, Diamondtour sẽ xem x&eacute;t để ho&agrave;n trả chi ph&iacute; kh&ocirc;ng thăm quan cho kh&aacute;ch trong điều kiện c&oacute; thể (Sau khi đ&atilde; trừ lại c&aacute;c dịch vụ đ&atilde; thực hiện như ph&iacute; l&agrave;m visa. V&agrave; kh&ocirc;ng chịu tr&aacute;ch nhiệm bồi thường th&ecirc;m bất kỳ chi ph&iacute; n&agrave;o kh&aacute;c).<br /><br /><br /></td>\r\n</tr>\r\n</tbody>\r\n</table>', '<table width=\"745\">\r\n<tbody>\r\n<tr>\r\n<td colspan=\"3\" width=\"745\">GI&Aacute; TOUR BAO GỒM&nbsp;</td>\r\n</tr>\r\n<tr>\r\n<td colspan=\"3\" width=\"745\">*Kh&aacute;ch sạn kiến tr&uacute;c Tạng 4 sao ti&ecirc;u chuẩn quốc tế ở Lhasa, kh&aacute;ch sạn chuẩn 3 sao ở Trung Quốc (2 kh&aacute;ch/ ph&ograve;ng; nếu lẻ kh&aacute;ch sẽ ở ph&ograve;ng 3 người);<br />*Ăn trọn g&oacute;i theo chương tr&igrave;nh, bữa ch&iacute;nh ăn 06 m&oacute;n + 01 canh. Do đồ ăn ở T&acirc;y Tạng l&agrave; văn ho&aacute; ẩm thực Tạng cộng với nh&agrave; h&agrave;ng Tứ Xuy&ecirc;n n&ecirc;n c&oacute; thể sẽ kh&ocirc;ng ph&ugrave; hợp với khẩu vị người Việt n&ecirc;n ch&uacute;ng t&ocirc;i sẽ chuẩn bị mang theo thực phẩm ph&ugrave; hợp; Qu&yacute; kh&aacute;ch c&oacute; thể mang th&ecirc;m nếu c&aacute; nh&acirc;n c&oacute; nhu cầu, như ruốc, muối vừng&hellip;<br />* Xe: &Ocirc; t&ocirc; tiện nghi phục vụ theo chương tr&igrave;nh; <br />*V&eacute; v&agrave;o cửa tham quan cổng thứ nhất;<br />*V&eacute; m&aacute;y bay, lệ ph&iacute; s&acirc;n bay, ph&iacute; an ninh, phụ ph&iacute; xăng dầu nội địa Trung Quốc tất cả c&aacute;c chặng;<br />*V&eacute; t&agrave;u khoang 4 điều h&ograve;a chất lượng cao T&acirc;y Ninh &ndash; Lhasa;<br />*Hướng dẫn vi&ecirc;n n&oacute;i tiếng Việt chuy&ecirc;n tuyến v&agrave; tiếng Trung phục vụ suốt tuyến theo chương tr&igrave;nh;<br />*Visa đo&agrave;n nhập cảnh Trung Quốc (cấp tại Trung quốc), th&ocirc;ng h&agrave;nh v&agrave;o T&acirc;y Tạng;<br />*Bảo hiểm du lịch mức 10.000usd/ h&agrave;nh tr&igrave;nh;<br />*Tr&ecirc;n 15 kh&aacute;ch, mức gi&aacute; giảm 1 triệu đồng/ kh&aacute;ch.</td>\r\n</tr>\r\n<tr>\r\n<td colspan=\"3\">GI&Aacute; TOUR KH&Ocirc;NG BAO GỒM</td>\r\n</tr>\r\n<tr>\r\n<td colspan=\"3\" width=\"745\">*Lệ ph&iacute; l&agrave;m hộ chiếu<br />*Visa ri&ecirc;ng lẻ l&agrave;m tại Đại sứ qu&aacute;n TQ hoặc L&atilde;nh sự qu&aacute;n TQ tại VN th&igrave; phải trả th&ecirc;m 80 USD/kh&aacute;ch, ph&aacute;t sinh ph&iacute; l&agrave;m visa khẩn<br />*Ph&iacute; ph&ograve;ng đơn (d&agrave;nh cho kh&aacute;ch y&ecirc;u cầu ở ph&ograve;ng đơn)<br />*Đồ uống (bia rượu trong bữa ăn), điện thoại, giặt l&agrave;, h&agrave;nh l&yacute; qu&aacute; cước theo quy định của h&agrave;ng kh&ocirc;ng.<br />*Tiền tip cho hướng dẫn vi&ecirc;n $/h&agrave;nh tr&igrave;nh.<br />*Tiền c&uacute;ng d&agrave;ng Tăng ni tại c&aacute;c ng&ocirc;i ch&ugrave;a<br />*Chi ph&iacute; tiền mua hương hoa, c&aacute;c lễ vật d&acirc;ng ch&ugrave;a v&agrave; chi ph&iacute; mời thầy giảng thuyết v&agrave; c&aacute;c lễ vật ri&ecirc;ng cho đo&agrave;n ngo&agrave;i chương tr&igrave;nh<br />*Tiền mua b&igrave;nh &ocirc; xi tại T&acirc;y Tạng, thuốc men, bệnh viện v&agrave; c&aacute;c chi ph&iacute; c&aacute; nh&acirc;n của kh&aacute;ch ngo&agrave;i chương tr&igrave;nh<br />*Chi ph&iacute; dời ng&agrave;y, đổi chặng, n&acirc;ng hạng v&eacute; m&aacute;y bay.<br />*Thuế VAT.</td>\r\n</tr>\r\n</tbody>\r\n</table>'),
(13, 7, 'Hà Nội, Trương Gia Giới', 'Phường Hoàng cổ trấn được xây dựng vào năm 686 thời nhà Đường. Dưới các triều đại Trung Quốc, Phượng Hoàng cổ trấn đã trở thành trung tâm kinh tế, văn hóa chính trị của cả vùng Hà Nam.  Trái ngược lại với sự phát triển không ngừng nghỉ của tỉnh Hồ Nam, Phượng hoàng cổ trấn là một thị trấn mang một vẻ đẹp thanh bình và thơ mộng. Đôi mắt tinh tường của cổ nhân xa xưa đã chọn thị trấn nhỏ xinh này làm nơi an cư lạc nghiệp và để lại một di sản bất hủ cho thế hệ con cháu hôm nay. Những ngôi nhà cổ của thị trấn nằm áp sát vào các dãy núi và soi bóng xuống dòng sông Đà Giang tạo nên một bức tranh sơn thủy hữu tình, khiến Phượng Hoàng cổ trấn là địa danh mà du khách nào cũng muốn được một lần đặt chân đến.', '*Kh&aacute;ch sạn 4 sao suốt chương tr&igrave;nh.<br />*Nh&oacute;m kh&aacute;ch đăng k&iacute; 3 người được tặng free 1 sim 4G.<br />*Hướng dẫn vi&ecirc;n c&oacute; nhiều kinh nghiệm, nhiệt th&agrave;nh, chu đ&aacute;o.<br />*Chương tr&igrave;nh bay thẳng khứ hồi Trương Gia Giới, an to&agrave;n, tiết kiệm rất nhiều thời gian.<br />*Nhận ngay qu&agrave; tặng từ Diamondtour: vỏ bọc hộ chiếu, &ocirc; gấp mở tự động.<br />*Chương tr&igrave;nh kh&ocirc;ng tham gia bất cứ điểm mua sắm bắt buộc n&agrave;o.<br />*Gi&aacute; tour đ&atilde; bao gồm tiền tip hướng dẫn 5$/kh&aacute;ch/ng&agrave;y.', 'vi', 'Hà Nội, Trương Gia Giới', 'Hà Nội, Trương Gia Giới', '[\"H\\u00e0 N\\u1ed9i, Tr\\u01b0\\u01a1ng Gia Gi\\u1edbi\",\"Tr\\u01b0\\u01a1ng Gia Gi\\u1edbi, V\\u0169 L\\u0103ng Nguy\\u00ean\",\"V\\u0169 Lang Nguy\\u00ean, Ph\\u01b0\\u1ee3ng Ho\\u00e0ng C\\u1ed5 Tr\\u00e2n\",\"Ph\\u01b0\\u1ee3ng Ho\\u00e0ng C\\u1ed5 Tr\\u1ea5n, Tr\\u01b0\\u01a1ng Gia Gi\\u1edbi\",\"Tr\\u01b0\\u01a1ng Gia GI\\u1edbi, H\\u00e0 N\\u1ed9i\"]', '[\"\\u0110o&agrave;n t\\u1eadp trung t\\u1ea1i \\u0111i\\u1ec3m h\\u1eb9n tr\\u01b0\\u1edbc v&agrave; di chuy\\u1ec3n ra s&acirc;n bay N\\u1ed9i B&agrave;i l&agrave;m th\\u1ee7 t\\u1ee5c cho chuy\\u1ebfn bay VJ7866 HAN-DYG\\/1815-2115 \\u0111\\u1ebfn Tr\\u01b0\\u01a1ng Gia Gi\\u1edbi.<br \\/>\\u0110\\u1ebfn Tr\\u01b0\\u01a1ng Gia Gi\\u1edbi, \\u0111o&agrave;n l&ecirc;n xe v\\u1ec1 kh&aacute;ch s\\u1ea1n l&agrave;m th\\u1ee7 t\\u1ee5c check in v&agrave; ngh\\u1ec9 ng\\u01a1i t\\u1ea1i kh&aacute;ch s\\u1ea1n.\",\"Sau b\\u1eefa s&aacute;ng, \\u0111o&agrave;n kh\\u1edfi h&agrave;nh \\u0111i V\\u0169 L\\u0103ng Nguy&ecirc;n, \\u0111&aacute;p thang m&aacute;y B&aacute;ch Long l&ecirc;n tham quan Vi&ecirc;n Gia Gi\\u1edbi, ng\\u1eafm nh&igrave;n to&agrave;n b\\u1ed9 c\\u1ea3nh s\\u1eafc n\\u01a1i \\u0111&acirc;y. <br \\/>\\u0110o&agrave;n ti\\u1ebfp t\\u1ee5c tham quan \\u0110&agrave;i M&ecirc; H\\u1ed3n, Thi&ecirc;n h\\u1ea1 \\u0111\\u1ec7 nh\\u1ea5t ki\\u1ec1u &ndash; n\\u01a1i \\u0111\\u01b0\\u1ee3c v&iacute; l&agrave; ch\\u1ed1n b\\u1ed3ng lai ti&ecirc;n c\\u1ea3nh thu nh\\u1ecf. Chi&ecirc;m ng\\u01b0\\u1ee1ng \\\"C\\u1ed9t tr\\u1ee5 tr\\u1eddi Nam\\\" t\\u1ea1i Tr\\u01b0\\u01a1ng Gia Gi\\u1edbi &ndash; \\u0111\\u01b0\\u1ee3c \\u0111\\u1ed5i t&ecirc;n n\\u0103m 2010 th&agrave;nh \\\"Avatar Hallelujah\\\", d\\u1ef1a theo b\\u1ed9 phim \\\"Avatar\\\" l&uacute;c \\u0111&oacute; \\u0111ang l&agrave;m m\\u01b0a l&agrave;m gi&oacute; tr&ecirc;n m&agrave;n \\u1ea3nh th\\u1ebf gi\\u1edbi.<br \\/>Qu&yacute; kh&aacute;ch tho\\u1ea3i m&aacute;i t\\u1eadn h\\u01b0\\u1edfng c\\u01a1 h\\u1ed9i ng\\u1eafm nh&igrave;n Vi&ecirc;n Gia Gi\\u1edbi t\\u1eeb xa, ng\\u1eafm nh&igrave;n c&aacute;c ng\\u1ecdn n&uacute;i v\\u1edbi v\\u1ebb \\u0111\\u1eb9p h&ugrave;ng v\\u0129 c\\u1ee7a n&uacute;i non. C\\u1ea3nh n\\u01a1i \\u0111&acirc;y s\\u1ebd c&agrave;ng \\u0111\\u1eb9p khi \\u0111\\u01b0\\u1ee3c quy\\u1ec7n th&ecirc;m s\\u01b0\\u01a1ng m&ugrave; m\\u1edd \\u1ea3o.<br \\/>\\u0110o&agrave;n ngh\\u1ec9 \\u0111&ecirc;m t\\u1ea1i kh&aacute;ch s\\u1ea1n \\u1edf V\\u0169 L\\u0103ng Nguy&ecirc;n.\",\"Sau b\\u1eefa s&aacute;ng, \\u0111o&agrave;n di chuy\\u1ec3n v\\u1ec1 Ph\\u01b0\\u1ee3ng Ho&agrave;ng c\\u1ed5 tr\\u1ea5n - m\\u1ed9t \\u0111\\u1ecba danh c&oacute; v\\u1ebb \\u0111\\u1eb9p h&agrave;i h&ograve;a gi\\u1eefa n&uacute;i non, con ng\\u01b0\\u1eddi v&agrave; nh\\u1ecbp s\\u1ed1ng, t\\u1ea1o n&ecirc;n m\\u1ed9t khung c\\u1ea3nh th\\u1ea7n ti&ecirc;n. <br \\/>Qu&yacute; kh&aacute;ch ng\\u1ed3i \\u0111&ograve; tr&ecirc;n d&ograve;ng \\u0110&agrave; Giang, th\\u01b0\\u1edfng ngo\\u1ea1n v\\u1ebb \\u0111\\u1eb9p ki\\u1ebfn tr&uacute;c c\\u1ed5 tr\\u1ea5n - kh&aacute;m ph&aacute; v\\u1ebb \\u0111\\u1eb9p c\\u1ee7a c\\u1ed5 tr\\u1ea5n.<br \\/>\\u0110o&agrave;n \\u1edf l\\u1ea1i t\\u1ea1i Ph\\u01b0\\u1ee3ng Ho&agrave;ng c\\u1ed5 tr\\u1ea5n, ng\\u1eafm c\\u1ea3nh Ph\\u01b0\\u1ee3ng Ho&agrave;ng c\\u1ed5 tr\\u1ea5n v\\u1ec1 \\u0111&ecirc;m, ngh\\u1ec9 ng\\u01a1i t\\u1ea1i kh&aacute;ch s\\u1ea1n trong tr\\u1ea5n.\",\"Sau b\\u1eefa s&aacute;ng, \\u0111o&agrave;n di chuy\\u1ec3n t\\u1eeb Ph\\u01b0\\u1ee3ng Ho&agrave;ng c\\u1ed5 tr\\u1ea5n v\\u1ec1 Tr\\u01b0\\u01a1ng Gia Gi\\u1edbi. Tr&ecirc;n \\u0111\\u01b0\\u1eddng \\u0111i, \\u0111o&agrave;n tham quan Ph&ugrave; Dung tr\\u1ea5n &ndash; m\\u1ed9t th\\u1ecb tr\\u1ea5n nh\\u1ecf v\\u1edbi s\\u1ef1 k\\u1ebft h\\u1ee3p h&agrave;i h&ograve;a gi\\u1eefa c\\u1ea3nh s\\u1eafc v&agrave; m&agrave;u s\\u1eafc v\\u0103n h&oacute;a d&acirc;n t\\u1ed9c c\\u1ee7a ng\\u01b0\\u1eddi Th\\u1ed5 gia. <br \\/>\\u0110o&agrave;n \\u0103n t\\u1ed1i v&agrave; ngh\\u1ec9 ng\\u01a1i t\\u1ea1i Tr\\u01b0\\u01a1ng Gia Gi\\u1edbi.\",\"Sau b\\u1eefa s&aacute;ng, qu&yacute; kh&aacute;ch tham quan C&ocirc;ng vi&ecirc;n R\\u1eebng n&uacute;i Thi&ecirc;n M&ocirc;n S\\u01a1n b\\u1eb1ng c&aacute;p treo. \\u0110&acirc;y l&agrave; ng\\u1ecdn n&uacute;i n\\u1ed5i ti\\u1ebfng v\\u1edbi con \\u0111\\u01b0\\u1eddng tr&ecirc;n tr\\u1eddi v&agrave; h\\u1ec7 th\\u1ed1ng c&aacute;p treo d&agrave;i 9km t\\u1ea1i Thi&ecirc;n M&ocirc;n \\u0111\\u01b0\\u1ee3c tuy&ecirc;n b\\u1ed1 trong c&aacute;c \\u1ea5n ph\\u1ea9m du l\\u1ecbch l&agrave; &ldquo;c&aacute;p treo d&agrave;i nh\\u1ea5t t\\u1ea1i m\\u1ed9t ng\\u1ecdn n&uacute;i cao nh\\u1ea5t tr&ecirc;n th\\u1ebf gi\\u1edbi&rdquo;.<br \\/>\\u0110o&agrave;n ti\\u1ebfp t\\u1ee5c tham quan \\u0111\\u1ed9ng Thi&ecirc;n M&ocirc;n, h&agrave;nh lang Qu\\u1ef7 C\\u1ed1c, kh&aacute;m ph&aacute; Skywalk &ndash; con \\u0111\\u01b0\\u1eddng tr&ecirc;n tr\\u1eddi l&agrave;m t\\u1eeb nh\\u1eefng t\\u1ea5m k&iacute;nh trong su\\u1ed1t, d&agrave;y h\\u01a1n 6cm. Skywalk \\u0111&atilde; tr\\u1edf th&agrave;nh m\\u1ed9t trong nh\\u1eefng \\u0111i\\u1ec3m thu h&uacute;t kh&aacute;ch du l\\u1ecbch h\\u1ea5p d\\u1eabn nh\\u1ea5t t\\u1ea1i Tr\\u01b0\\u01a1ng Gia Gi\\u1edbi. <br \\/>Bu\\u1ed5i chi\\u1ec1u, \\u0111o&agrave;n c&oacute; th&ecirc;m m\\u1ed9t ch&uacute;t th\\u1eddi gian d\\u1ea1o quanh khu ph\\u1ed1 \\u0111i b\\u1ed9 \\u0111\\u1ec3 t\\u1ef1 do mua s\\u1eafm qu&agrave; cho gia \\u0111&igrave;nh v&agrave; ng\\u01b0\\u1eddi th&acirc;n.<br \\/>Sau khi \\u0103n t\\u1ed1i, \\u0111o&agrave;n di chuy\\u1ec3n ra s&acirc;n bay Tr\\u01b0\\u01a1ng Gia Gi\\u1edbi, l&agrave;m th\\u1ee7 t\\u1ee5c cho chuy\\u1ebfn bay VJ7867 DYG-HAN\\/2215-0015 v\\u1ec1 s&acirc;n bay N\\u1ed9i B&agrave;i, k\\u1ebft th&uacute;c chuy\\u1ebfn h&agrave;nh tr&igrave;nh kh&aacute;m ph&aacute; Ph\\u01b0\\u1ee3ng Ho&agrave;ng c\\u1ed5 tr\\u1ea5n &ndash; Tr\\u01b0\\u01a1ng Gia Gi\\u1edbi \\u0111\\u1ea7y &yacute; ngh\\u0129a.\"]', '<table width=\"1254\">\r\n<tbody>\r\n<tr>\r\n<td colspan=\"3\" width=\"716\">ĐIỀU KIỆN ĐĂNG K&Yacute; TOUR</td>\r\n<td width=\"538\">ĐIỀU KIỆN HỦY TOUR</td>\r\n</tr>\r\n<tr>\r\n<td colspan=\"3\" width=\"716\">*Qu&yacute; kh&aacute;ch c&oacute; đầy đủ sức khỏe tham gia chương tr&igrave;nh.<br />*Đặt cọc 50%/1 kh&aacute;ch khi đăng k&yacute; chương tr&igrave;nh.&nbsp; <br />*Thanh to&aacute;n to&agrave;n bộ số tiền trước 20 ng&agrave;y khởi h&agrave;nh.<br />*Hộ chiếu c&ograve;n thời hạn tr&ecirc;n 6 th&aacute;ng t&iacute;nh đến ng&agrave;y về.</td>\r\n<td width=\"538\">*Ngay sau khi đặt cọc: Ph&iacute; hủy l&agrave; 15% tiền tour<br />*Trước ng&agrave;y khởi h&agrave;nh 30 ng&agrave;y: Ph&iacute; hủy l&agrave; 25% tiền tour<br />*Từ trước 8 - 29 ng&agrave;y trước ng&agrave;y KH: Ph&iacute; hủy l&agrave; 35% tiền tour<br />*Trước 07 ng&agrave;y khởi h&agrave;nh: Ph&iacute; hủy l&agrave; 70% tiền tour</td>\r\n</tr>\r\n<tr>\r\n<td colspan=\"4\" width=\"1254\">*Khi đăng k&yacute; tour du lịch, Qu&yacute; kh&aacute;ch vui l&ograve;ng đọc kỹ chương tr&igrave;nh, gi&aacute; tour, c&aacute;c khoản bao gồm cũng như kh&ocirc;ng bao gồm trong chương tr&igrave;nh, c&aacute;c điều kiện hủy tour. Trong trường hợp Qu&yacute; kh&aacute;ch kh&ocirc;ng trực tiếp đến đăng k&yacute; tour m&agrave; do người kh&aacute;c đến đăng k&yacute; th&igrave; Qu&yacute; kh&aacute;ch vui l&ograve;ng t&igrave;m hiểu kỹ chương tr&igrave;nh từ người đăng k&yacute; cho m&igrave;nh.<br />*Qu&yacute; kh&aacute;ch từ 70 tuổi trở l&ecirc;n y&ecirc;u cầu cam kết sức khỏe với C&ocirc;ng ty. <br />*Do c&aacute;c chuyến bay phụ thuộc v&agrave;o c&aacute;c h&atilde;ng H&agrave;ng Kh&ocirc;ng n&ecirc;n trong một số trường hợp giờ bay c&oacute; thể thay đổi m&agrave; kh&ocirc;ng được b&aacute;o trước.<br />*T&ugrave;y v&agrave;o t&igrave;nh h&igrave;nh thực tế, thứ tự c&aacute;c điểm thăm quan trong chương tr&igrave;nh c&oacute; thể thay đổi nhưng vẫn đảm bảo đầy đủ c&aacute;c điểm thăm quan như l&uacute;c đầu.<br />*Trong trường hợp xảy ra thi&ecirc;n tai: b&atilde;o lụt, hạn h&aacute;n, động đất&hellip;; Sự cố về an ninh: khủng bố, biểu t&igrave;nh; Sự cố về h&agrave;ng kh&ocirc;ng: trục trặc kỹ thuật, an ninh, dời, hủy, ho&atilde;n chuyến bay, Diamondtour sẽ xem x&eacute;t để ho&agrave;n trả chi ph&iacute; kh&ocirc;ng thăm quan cho kh&aacute;ch trong điều kiện c&oacute; thể (Sau khi đ&atilde; trừ lại c&aacute;c dịch vụ đ&atilde; thực hiện như ph&iacute; l&agrave;m visa. V&agrave; kh&ocirc;ng chịu tr&aacute;ch nhiệm bồi thường th&ecirc;m bất kỳ chi ph&iacute; n&agrave;o kh&aacute;c).<br /><br /><br /></td>\r\n</tr>\r\n</tbody>\r\n</table>', '<table width=\"716\">\r\n<tbody>\r\n<tr>\r\n<td colspan=\"3\" width=\"716\">GI&Aacute; TOUR BAO GỒM&nbsp;</td>\r\n</tr>\r\n<tr>\r\n<td colspan=\"3\" width=\"716\">*Kh&aacute;ch sạn chuẩn 4 sao ở Trung Quốc (2 kh&aacute;ch/ ph&ograve;ng; nếu lẻ kh&aacute;ch sẽ ở ph&ograve;ng 3 người);<br />*Ăn trọn g&oacute;i theo chương tr&igrave;nh. <br />*Xe: &Ocirc; t&ocirc; tiện nghi phục vụ theo chương tr&igrave;nh. <br />*V&eacute; v&agrave;o cửa tham quan cổng thứ nhất.<br />*V&eacute; m&aacute;y bay, lệ ph&iacute; s&acirc;n bay, ph&iacute; an ninh, phụ ph&iacute; xăng dầu tất cả c&aacute;c chặng.<br />*Hướng dẫn vi&ecirc;n n&oacute;i tiếng Việt chuy&ecirc;n tuyến phục vụ suốt tuyến theo chương tr&igrave;nh;<br />*Bảo hiểm du lịch mức tối đa 200.000.000đ/ người/ h&agrave;nh tr&igrave;nh</td>\r\n</tr>\r\n<tr>\r\n<td colspan=\"3\">GI&Aacute; TOUR KH&Ocirc;NG BAO GỒM</td>\r\n</tr>\r\n<tr>\r\n<td colspan=\"3\" width=\"716\">*Ph&iacute; ph&ograve;ng đơn (d&agrave;nh cho kh&aacute;ch y&ecirc;u cầu ở ph&ograve;ng đơn).<br />*Đồ uống (bia rượu trong bữa ăn), điện thoại, giặt l&agrave;, h&agrave;nh l&yacute; qu&aacute; cước theo quy định của h&agrave;ng kh&ocirc;ng.<br />*Tiền tip cho hướng dẫn vi&ecirc;n $/h&agrave;nh tr&igrave;nh.<br />*Chi ph&iacute; c&aacute; nh&acirc;n của kh&aacute;ch ngo&agrave;i chương tr&igrave;nh.<br />*Chi ph&iacute; dời ng&agrave;y, đổi chặng, n&acirc;ng hạng v&eacute; m&aacute;y bay.<br />*Thuế VAT.</td>\r\n</tr>\r\n</tbody>\r\n</table>');
INSERT INTO `product_lang` (`id`, `product_id`, `title`, `description`, `content`, `language`, `metakeywords`, `metadescription`, `datetitle`, `datecontent`, `tripnodes`, `detailsprice`) VALUES
(14, 7, 'Ha Noi, Truong Gia Gioi', 'Phường Hoàng cổ trấn được xây dựng vào năm 686 thời nhà Đường. Dưới các triều đại Trung Quốc, Phượng Hoàng cổ trấn đã trở thành trung tâm kinh tế, văn hóa chính trị của cả vùng Hà Nam.  Trái ngược lại với sự phát triển không ngừng nghỉ của tỉnh Hồ Nam, Phượng hoàng cổ trấn là một thị trấn mang một vẻ đẹp thanh bình và thơ mộng. Đôi mắt tinh tường của cổ nhân xa xưa đã chọn thị trấn nhỏ xinh này làm nơi an cư lạc nghiệp và để lại một di sản bất hủ cho thế hệ con cháu hôm nay. Những ngôi nhà cổ của thị trấn nằm áp sát vào các dãy núi và soi bóng xuống dòng sông Đà Giang tạo nên một bức tranh sơn thủy hữu tình, khiến Phượng Hoàng cổ trấn là địa danh mà du khách nào cũng muốn được một lần đặt chân đến.', '<table width=\"480\">\r\n<tbody>\r\n<tr>\r\n<td colspan=\"2\" width=\"480\">*Kh&aacute;ch sạn 4 sao suốt chương tr&igrave;nh.<br />*Nh&oacute;m kh&aacute;ch đăng k&iacute; 3 người được tặng free 1 sim 4G.<br />*Hướng dẫn vi&ecirc;n c&oacute; nhiều kinh nghiệm, nhiệt th&agrave;nh, chu đ&aacute;o.<br />*Chương tr&igrave;nh bay thẳng khứ hồi Trương Gia Giới, an to&agrave;n, tiết kiệm rất nhiều thời gian.<br />*Nhận ngay qu&agrave; tặng từ Diamondtour: vỏ bọc hộ chiếu, &ocirc; gấp mở tự động.<br />*Chương tr&igrave;nh kh&ocirc;ng tham gia bất cứ điểm mua sắm bắt buộc n&agrave;o.<br />*Gi&aacute; tour đ&atilde; bao gồm tiền tip hướng dẫn 5$/kh&aacute;ch/ng&agrave;y.</td>\r\n</tr>\r\n</tbody>\r\n</table>', 'en', 'Ha Noi, Truong Gia Gioi', 'Ha Noi, Truong Gia Gioi', '[\"Ha Noi, Truong Gia Gioi\",\"Truong Gia Gioi, Vu Lang Nguyen\",\"Vu Lang Nguyen, Phuong Hoang Co Tran\",\"Phuong Hoang Co Tran, Truong Gia Gioi\",\"Truong Gia Gioi, Ha Noi\"]', '[\"\\u0110o&agrave;n t\\u1eadp trung t\\u1ea1i \\u0111i\\u1ec3m h\\u1eb9n tr\\u01b0\\u1edbc v&agrave; di chuy\\u1ec3n ra s&acirc;n bay N\\u1ed9i B&agrave;i l&agrave;m th\\u1ee7 t\\u1ee5c cho chuy\\u1ebfn bay VJ7866 HAN-DYG\\/1815-2115 \\u0111\\u1ebfn Tr\\u01b0\\u01a1ng Gia Gi\\u1edbi.<br \\/>\\u0110\\u1ebfn Tr\\u01b0\\u01a1ng Gia Gi\\u1edbi, \\u0111o&agrave;n l&ecirc;n xe v\\u1ec1 kh&aacute;ch s\\u1ea1n l&agrave;m th\\u1ee7 t\\u1ee5c check in v&agrave; ngh\\u1ec9 ng\\u01a1i t\\u1ea1i kh&aacute;ch s\\u1ea1n.\",\"Sau b\\u1eefa s&aacute;ng, \\u0111o&agrave;n kh\\u1edfi h&agrave;nh \\u0111i V\\u0169 L\\u0103ng Nguy&ecirc;n, \\u0111&aacute;p thang m&aacute;y B&aacute;ch Long l&ecirc;n tham quan Vi&ecirc;n Gia Gi\\u1edbi, ng\\u1eafm nh&igrave;n to&agrave;n b\\u1ed9 c\\u1ea3nh s\\u1eafc n\\u01a1i \\u0111&acirc;y. <br \\/>\\u0110o&agrave;n ti\\u1ebfp t\\u1ee5c tham quan \\u0110&agrave;i M&ecirc; H\\u1ed3n, Thi&ecirc;n h\\u1ea1 \\u0111\\u1ec7 nh\\u1ea5t ki\\u1ec1u &ndash; n\\u01a1i \\u0111\\u01b0\\u1ee3c v&iacute; l&agrave; ch\\u1ed1n b\\u1ed3ng lai ti&ecirc;n c\\u1ea3nh thu nh\\u1ecf. Chi&ecirc;m ng\\u01b0\\u1ee1ng \\\"C\\u1ed9t tr\\u1ee5 tr\\u1eddi Nam\\\" t\\u1ea1i Tr\\u01b0\\u01a1ng Gia Gi\\u1edbi &ndash; \\u0111\\u01b0\\u1ee3c \\u0111\\u1ed5i t&ecirc;n n\\u0103m 2010 th&agrave;nh \\\"Avatar Hallelujah\\\", d\\u1ef1a theo b\\u1ed9 phim \\\"Avatar\\\" l&uacute;c \\u0111&oacute; \\u0111ang l&agrave;m m\\u01b0a l&agrave;m gi&oacute; tr&ecirc;n m&agrave;n \\u1ea3nh th\\u1ebf gi\\u1edbi.<br \\/>Qu&yacute; kh&aacute;ch tho\\u1ea3i m&aacute;i t\\u1eadn h\\u01b0\\u1edfng c\\u01a1 h\\u1ed9i ng\\u1eafm nh&igrave;n Vi&ecirc;n Gia Gi\\u1edbi t\\u1eeb xa, ng\\u1eafm nh&igrave;n c&aacute;c ng\\u1ecdn n&uacute;i v\\u1edbi v\\u1ebb \\u0111\\u1eb9p h&ugrave;ng v\\u0129 c\\u1ee7a n&uacute;i non. C\\u1ea3nh n\\u01a1i \\u0111&acirc;y s\\u1ebd c&agrave;ng \\u0111\\u1eb9p khi \\u0111\\u01b0\\u1ee3c quy\\u1ec7n th&ecirc;m s\\u01b0\\u01a1ng m&ugrave; m\\u1edd \\u1ea3o.<br \\/>\\u0110o&agrave;n ngh\\u1ec9 \\u0111&ecirc;m t\\u1ea1i kh&aacute;ch s\\u1ea1n \\u1edf V\\u0169 L\\u0103ng Nguy&ecirc;n.\",\"Sau b\\u1eefa s&aacute;ng, \\u0111o&agrave;n di chuy\\u1ec3n v\\u1ec1 Ph\\u01b0\\u1ee3ng Ho&agrave;ng c\\u1ed5 tr\\u1ea5n - m\\u1ed9t \\u0111\\u1ecba danh c&oacute; v\\u1ebb \\u0111\\u1eb9p h&agrave;i h&ograve;a gi\\u1eefa n&uacute;i non, con ng\\u01b0\\u1eddi v&agrave; nh\\u1ecbp s\\u1ed1ng, t\\u1ea1o n&ecirc;n m\\u1ed9t khung c\\u1ea3nh th\\u1ea7n ti&ecirc;n. <br \\/>Qu&yacute; kh&aacute;ch ng\\u1ed3i \\u0111&ograve; tr&ecirc;n d&ograve;ng \\u0110&agrave; Giang, th\\u01b0\\u1edfng ngo\\u1ea1n v\\u1ebb \\u0111\\u1eb9p ki\\u1ebfn tr&uacute;c c\\u1ed5 tr\\u1ea5n - kh&aacute;m ph&aacute; v\\u1ebb \\u0111\\u1eb9p c\\u1ee7a c\\u1ed5 tr\\u1ea5n.<br \\/>\\u0110o&agrave;n \\u1edf l\\u1ea1i t\\u1ea1i Ph\\u01b0\\u1ee3ng Ho&agrave;ng c\\u1ed5 tr\\u1ea5n, ng\\u1eafm c\\u1ea3nh Ph\\u01b0\\u1ee3ng Ho&agrave;ng c\\u1ed5 tr\\u1ea5n v\\u1ec1 \\u0111&ecirc;m, ngh\\u1ec9 ng\\u01a1i t\\u1ea1i kh&aacute;ch s\\u1ea1n trong tr\\u1ea5n.\",\"Sau b\\u1eefa s&aacute;ng, \\u0111o&agrave;n di chuy\\u1ec3n t\\u1eeb Ph\\u01b0\\u1ee3ng Ho&agrave;ng c\\u1ed5 tr\\u1ea5n v\\u1ec1 Tr\\u01b0\\u01a1ng Gia Gi\\u1edbi. Tr&ecirc;n \\u0111\\u01b0\\u1eddng \\u0111i, \\u0111o&agrave;n tham quan Ph&ugrave; Dung tr\\u1ea5n &ndash; m\\u1ed9t th\\u1ecb tr\\u1ea5n nh\\u1ecf v\\u1edbi s\\u1ef1 k\\u1ebft h\\u1ee3p h&agrave;i h&ograve;a gi\\u1eefa c\\u1ea3nh s\\u1eafc v&agrave; m&agrave;u s\\u1eafc v\\u0103n h&oacute;a d&acirc;n t\\u1ed9c c\\u1ee7a ng\\u01b0\\u1eddi Th\\u1ed5 gia. <br \\/>\\u0110o&agrave;n \\u0103n t\\u1ed1i v&agrave; ngh\\u1ec9 ng\\u01a1i t\\u1ea1i Tr\\u01b0\\u01a1ng Gia Gi\\u1edbi.\",\"Sau b\\u1eefa s&aacute;ng, qu&yacute; kh&aacute;ch tham quan C&ocirc;ng vi&ecirc;n R\\u1eebng n&uacute;i Thi&ecirc;n M&ocirc;n S\\u01a1n b\\u1eb1ng c&aacute;p treo. \\u0110&acirc;y l&agrave; ng\\u1ecdn n&uacute;i n\\u1ed5i ti\\u1ebfng v\\u1edbi con \\u0111\\u01b0\\u1eddng tr&ecirc;n tr\\u1eddi v&agrave; h\\u1ec7 th\\u1ed1ng c&aacute;p treo d&agrave;i 9km t\\u1ea1i Thi&ecirc;n M&ocirc;n \\u0111\\u01b0\\u1ee3c tuy&ecirc;n b\\u1ed1 trong c&aacute;c \\u1ea5n ph\\u1ea9m du l\\u1ecbch l&agrave; &ldquo;c&aacute;p treo d&agrave;i nh\\u1ea5t t\\u1ea1i m\\u1ed9t ng\\u1ecdn n&uacute;i cao nh\\u1ea5t tr&ecirc;n th\\u1ebf gi\\u1edbi&rdquo;.<br \\/>\\u0110o&agrave;n ti\\u1ebfp t\\u1ee5c tham quan \\u0111\\u1ed9ng Thi&ecirc;n M&ocirc;n, h&agrave;nh lang Qu\\u1ef7 C\\u1ed1c, kh&aacute;m ph&aacute; Skywalk &ndash; con \\u0111\\u01b0\\u1eddng tr&ecirc;n tr\\u1eddi l&agrave;m t\\u1eeb nh\\u1eefng t\\u1ea5m k&iacute;nh trong su\\u1ed1t, d&agrave;y h\\u01a1n 6cm. Skywalk \\u0111&atilde; tr\\u1edf th&agrave;nh m\\u1ed9t trong nh\\u1eefng \\u0111i\\u1ec3m thu h&uacute;t kh&aacute;ch du l\\u1ecbch h\\u1ea5p d\\u1eabn nh\\u1ea5t t\\u1ea1i Tr\\u01b0\\u01a1ng Gia Gi\\u1edbi. <br \\/>Bu\\u1ed5i chi\\u1ec1u, \\u0111o&agrave;n c&oacute; th&ecirc;m m\\u1ed9t ch&uacute;t th\\u1eddi gian d\\u1ea1o quanh khu ph\\u1ed1 \\u0111i b\\u1ed9 \\u0111\\u1ec3 t\\u1ef1 do mua s\\u1eafm qu&agrave; cho gia \\u0111&igrave;nh v&agrave; ng\\u01b0\\u1eddi th&acirc;n.<br \\/>Sau khi \\u0103n t\\u1ed1i, \\u0111o&agrave;n di chuy\\u1ec3n ra s&acirc;n bay Tr\\u01b0\\u01a1ng Gia Gi\\u1edbi, l&agrave;m th\\u1ee7 t\\u1ee5c cho chuy\\u1ebfn bay VJ7867 DYG-HAN\\/2215-0015 v\\u1ec1 s&acirc;n bay N\\u1ed9i B&agrave;i, k\\u1ebft th&uacute;c chuy\\u1ebfn h&agrave;nh tr&igrave;nh kh&aacute;m ph&aacute; Ph\\u01b0\\u1ee3ng Ho&agrave;ng c\\u1ed5 tr\\u1ea5n &ndash; Tr\\u01b0\\u01a1ng Gia Gi\\u1edbi \\u0111\\u1ea7y &yacute; ngh\\u0129a.\"]', '<table width=\"1254\">\r\n<tbody>\r\n<tr>\r\n<td colspan=\"3\" width=\"716\">ĐIỀU KIỆN ĐĂNG K&Yacute; TOUR</td>\r\n<td width=\"538\">ĐIỀU KIỆN HỦY TOUR</td>\r\n</tr>\r\n<tr>\r\n<td colspan=\"3\" width=\"716\">*Qu&yacute; kh&aacute;ch c&oacute; đầy đủ sức khỏe tham gia chương tr&igrave;nh.<br />*Đặt cọc 50%/1 kh&aacute;ch khi đăng k&yacute; chương tr&igrave;nh.&nbsp; <br />*Thanh to&aacute;n to&agrave;n bộ số tiền trước 20 ng&agrave;y khởi h&agrave;nh.<br />*Hộ chiếu c&ograve;n thời hạn tr&ecirc;n 6 th&aacute;ng t&iacute;nh đến ng&agrave;y về.</td>\r\n<td width=\"538\">*Ngay sau khi đặt cọc: Ph&iacute; hủy l&agrave; 15% tiền tour<br />*Trước ng&agrave;y khởi h&agrave;nh 30 ng&agrave;y: Ph&iacute; hủy l&agrave; 25% tiền tour<br />*Từ trước 8 - 29 ng&agrave;y trước ng&agrave;y KH: Ph&iacute; hủy l&agrave; 35% tiền tour<br />*Trước 07 ng&agrave;y khởi h&agrave;nh: Ph&iacute; hủy l&agrave; 70% tiền tour</td>\r\n</tr>\r\n<tr>\r\n<td colspan=\"4\" width=\"1254\">*Khi đăng k&yacute; tour du lịch, Qu&yacute; kh&aacute;ch vui l&ograve;ng đọc kỹ chương tr&igrave;nh, gi&aacute; tour, c&aacute;c khoản bao gồm cũng như kh&ocirc;ng bao gồm trong chương tr&igrave;nh, c&aacute;c điều kiện hủy tour. Trong trường hợp Qu&yacute; kh&aacute;ch kh&ocirc;ng trực tiếp đến đăng k&yacute; tour m&agrave; do người kh&aacute;c đến đăng k&yacute; th&igrave; Qu&yacute; kh&aacute;ch vui l&ograve;ng t&igrave;m hiểu kỹ chương tr&igrave;nh từ người đăng k&yacute; cho m&igrave;nh.<br />*Qu&yacute; kh&aacute;ch từ 70 tuổi trở l&ecirc;n y&ecirc;u cầu cam kết sức khỏe với C&ocirc;ng ty. <br />*Do c&aacute;c chuyến bay phụ thuộc v&agrave;o c&aacute;c h&atilde;ng H&agrave;ng Kh&ocirc;ng n&ecirc;n trong một số trường hợp giờ bay c&oacute; thể thay đổi m&agrave; kh&ocirc;ng được b&aacute;o trước.<br />*T&ugrave;y v&agrave;o t&igrave;nh h&igrave;nh thực tế, thứ tự c&aacute;c điểm thăm quan trong chương tr&igrave;nh c&oacute; thể thay đổi nhưng vẫn đảm bảo đầy đủ c&aacute;c điểm thăm quan như l&uacute;c đầu.<br />*Trong trường hợp xảy ra thi&ecirc;n tai: b&atilde;o lụt, hạn h&aacute;n, động đất&hellip;; Sự cố về an ninh: khủng bố, biểu t&igrave;nh; Sự cố về h&agrave;ng kh&ocirc;ng: trục trặc kỹ thuật, an ninh, dời, hủy, ho&atilde;n chuyến bay, Diamondtour sẽ xem x&eacute;t để ho&agrave;n trả chi ph&iacute; kh&ocirc;ng thăm quan cho kh&aacute;ch trong điều kiện c&oacute; thể (Sau khi đ&atilde; trừ lại c&aacute;c dịch vụ đ&atilde; thực hiện như ph&iacute; l&agrave;m visa. V&agrave; kh&ocirc;ng chịu tr&aacute;ch nhiệm bồi thường th&ecirc;m bất kỳ chi ph&iacute; n&agrave;o kh&aacute;c).<br /><br /><br /></td>\r\n</tr>\r\n</tbody>\r\n</table>', '<table width=\"716\">\r\n<tbody>\r\n<tr>\r\n<td colspan=\"3\" width=\"716\">GI&Aacute; TOUR BAO GỒM&nbsp;</td>\r\n</tr>\r\n<tr>\r\n<td colspan=\"3\" width=\"716\">*Kh&aacute;ch sạn chuẩn 4 sao ở Trung Quốc (2 kh&aacute;ch/ ph&ograve;ng; nếu lẻ kh&aacute;ch sẽ ở ph&ograve;ng 3 người);<br />*Ăn trọn g&oacute;i theo chương tr&igrave;nh. <br />*Xe: &Ocirc; t&ocirc; tiện nghi phục vụ theo chương tr&igrave;nh. <br />*V&eacute; v&agrave;o cửa tham quan cổng thứ nhất.<br />*V&eacute; m&aacute;y bay, lệ ph&iacute; s&acirc;n bay, ph&iacute; an ninh, phụ ph&iacute; xăng dầu tất cả c&aacute;c chặng.<br />*Hướng dẫn vi&ecirc;n n&oacute;i tiếng Việt chuy&ecirc;n tuyến phục vụ suốt tuyến theo chương tr&igrave;nh;<br />*Bảo hiểm du lịch mức tối đa 200.000.000đ/ người/ h&agrave;nh tr&igrave;nh</td>\r\n</tr>\r\n<tr>\r\n<td colspan=\"3\">GI&Aacute; TOUR KH&Ocirc;NG BAO GỒM</td>\r\n</tr>\r\n<tr>\r\n<td colspan=\"3\" width=\"716\">*Ph&iacute; ph&ograve;ng đơn (d&agrave;nh cho kh&aacute;ch y&ecirc;u cầu ở ph&ograve;ng đơn).<br />*Đồ uống (bia rượu trong bữa ăn), điện thoại, giặt l&agrave;, h&agrave;nh l&yacute; qu&aacute; cước theo quy định của h&agrave;ng kh&ocirc;ng.<br />*Tiền tip cho hướng dẫn vi&ecirc;n $/h&agrave;nh tr&igrave;nh.<br />*Chi ph&iacute; c&aacute; nh&acirc;n của kh&aacute;ch ngo&agrave;i chương tr&igrave;nh.<br />*Chi ph&iacute; dời ng&agrave;y, đổi chặng, n&acirc;ng hạng v&eacute; m&aacute;y bay.<br />*Thuế VAT.</td>\r\n</tr>\r\n</tbody>\r\n</table>'),
(15, 8, 'KHÁM PHÁ XỨ SỞ CHÙA VÀNG THÁI LAN 4 NGÀY 3 ĐÊM', 'Nằm trong khu vực Đông Nam Á, Thái Lan được du khách ưu ái dành tặng cho nhiều mỹ danh như: “ xứ sở chùa Vàng”, “thiên đường du lịch”, “thiên đường mua sắm”, “xứ sở của những nụ cười thân thiện”… Thái Lan có các danh lam thắng cảnh tuyệt đẹp, hệ thống chùa chiền nguy nga, tráng lệ, các khu vui chơi giải trí, các lễ hội truyền thống đặc sắc và đặc biệt là vô số cơ hội shopping thỏa thích tại các các khu mua sắm giá rẻ sầm uất…', '* Kh&aacute;ch sạn 4 sao suốt chương tr&igrave;nh.<br />* Hướng dẫn vi&ecirc;n c&oacute; nhiều kinh nghiệm, nhiệt th&agrave;nh, chu đ&aacute;o.<br />* Kh&aacute;m ph&aacute; xử sở ch&ugrave;a V&agrave;ng hấp dẫn, đặc sắc, dạo thuyền tr&ecirc;n s&ocirc;ng Chaopraya<br />* Nhận ngay qu&agrave; tặng từ Diamondtour: vỏ bọc hộ chiếu, &ocirc; cao cấp.', 'vi', 'KHÁM PHÁ XỨ SỞ CHÙA VÀNG THÁI LAN 4 NGÀY 3 ĐÊM', 'KHÁM PHÁ XỨ SỞ CHÙA VÀNG THÁI LAN 4 NGÀY 3 ĐÊM', '[\"H\\u00e0 N\\u1ed9i, Bangkok, Pattaya\",\"Pattaya, \\u0110\\u1ea3o Coral\",\"Pattaya, Bangkok\",\"Bangkok, H\\u00e0 N\\u1ed9i\"]', '[\"\\u0110o&agrave;n t\\u1eadp trung t\\u1ea1i \\u0111i\\u1ec3m h\\u1eb9n tr\\u01b0\\u1edbc v&agrave; di chuy\\u1ec3n ra s&acirc;n bay N\\u1ed9i B&agrave;i l&agrave;m th\\u1ee7 t\\u1ee5c cho chuy\\u1ebfn bay FD643\\/ 0900-1050 \\u0111\\u1ebfn Bangkok &ndash; Th&aacute;i Lan.<br \\/>Sau khi \\u0111\\u1ebfn Bangkok, \\u0111o&agrave;n kh\\u1edfi h&agrave;nh \\u0111i Pattaya &ndash; th&agrave;nh ph\\u1ed1 bi\\u1ec3n n\\u1ed5i ti\\u1ebfng c\\u1ee7a Th&aacute;i Lan. Tr&ecirc;n \\u0111\\u01b0\\u1eddng \\u0111i, \\u0111o&agrave;n gh&eacute; tham quan V\\u01b0\\u1eddn th&uacute; Sriracha Tiger Zoo <br \\/>\\u0110o&agrave;n \\u0103n t\\u1ed1i v&agrave; ngh\\u1ec9 ng\\u01a1i t\\u1ea1i Pattaya.\",\"Sau khi d&ugrave;ng b\\u1eefa s&aacute;ng t\\u1ef1 ch\\u1ecdn t\\u1ea1i kh&aacute;ch s\\u1ea1n, \\u0111o&agrave;n kh\\u1edfi h&agrave;nh \\u0111i \\u0110\\u1ea3o San H&ocirc; (Coral Island) b\\u1eb1ng t&agrave;u cao t\\u1ed1c. T\\u1ea1i \\u0111&acirc;y Qu&yacute; kh&aacute;ch c&oacute; th\\u1ec3 t\\u1eafm bi\\u1ec3n hay tham gia c&aacute;c tr&ograve; ch\\u01a1i tr&ecirc;n bi\\u1ec3n nh\\u01b0: D&ugrave; k&eacute;o - L\\u01b0\\u1edbt v&aacute;n - L&aacute;i Can&ocirc; - Th&aacute;m hi\\u1ec3m d\\u01b0\\u1edbi \\u0111&aacute;y bi\\u1ec3n (chi ph&iacute; t\\u1ef1 t&uacute;c).<br \\/>Qu&yacute; kh&aacute;ch \\u0103n tr\\u01b0a t\\u1ea1i nh&agrave; h&agrave;ng. <br \\/>Sau b\\u1eefa tr\\u01b0a, xe v&agrave; HDV \\u0111\\u01b0a \\u0111o&agrave;n tham quan: <br \\/>- Trung t&acirc;m v&agrave;ng b\\u1ea1c \\u0111&aacute; qu&yacute;: l\\u1edbn nh\\u1ea5t \\u0110&ocirc;ng Nam &Aacute;, n\\u01a1i di&ecirc;\\u0303n ra ca\\u0301c phi&ecirc;n trao \\u0111&ocirc;\\u0309i mua ba\\u0301n \\u0111a\\u0301 quy\\u0301 \\u0111a\\u0323t ch\\u01b0\\u0301ng chi\\u0309 ISO 9002 v&ecirc;\\u0300 qua\\u0309n ly\\u0301 ch&acirc;\\u0301t l\\u01b0\\u01a1\\u0323ng, tr\\u01b0ng b&agrave;y c&aacute;c lo\\u1ea1i \\u0111&aacute; qu&yacute; \\u0111\\u1eb9p n\\u1ed5i ti\\u1ebfng.<br \\/>- Tr&acirc;n B\\u1ea3o Ph\\u1eadt S\\u01a1n (Khao Chee Chan) - n&uacute;i Ph\\u1eadt \\u0111\\u01b0\\u1ee3c kh\\u1eafc v&agrave; \\u0111\\u1eafp b\\u1eb1ng v&agrave;ng 24k, n\\u01a1i \\u0111\\u01b0\\u1ee3c t\\u1ea1o n&ecirc;n nh&acirc;n d\\u1ecbp k\\u1ef7 ni\\u1ec7m 50 n\\u0103m \\u0111\\u0103ng c\\u01a1 c\\u1ee7a nh&agrave; vua Th&aacute;i Lan.<br \\/>\\u0102n t\\u1ed1i t\\u1ea1i nh&agrave; h&agrave;ng. <br \\/>Sau b\\u1eefa t\\u1ed1i xe \\u0111\\u01b0a \\u0111o&agrave;n \\u0111i th\\u01b0\\u1edfng th\\u1ee9c Alcazar&nbsp; show do ca\\u0301c ngh&ecirc;\\u0323 sy\\u0303 Bede bi&ecirc;\\u0309u di&ecirc;\\u0303n. <br \\/>\\u0110o&agrave;n ngh\\u1ec9 ng\\u01a1i t\\u1ea1i Pattaya.\",\"Sau b\\u01b0\\u0303a sa\\u0301ng t\\u1ea1i kh&aacute;ch s\\u1ea1n, \\u0111o&agrave;n check &ndash; out kh&aacute;ch s\\u1ea1n Pattaya, kh\\u1edfi h&agrave;nh v\\u1ec1 Bangkok. Tr&ecirc;n \\u0111\\u01b0\\u1eddng tham quan c&aacute;c c\\u1ea3nh \\u0111i\\u1ec3m:<br \\/>- Tr\\u1ea1i r\\u1eafn: Ti\\u0300m hi&ecirc;\\u0309u v&ecirc;\\u0300 m\\u1ed9t s\\u1ed1 lo\\u1ea1i r\\u1eafn v&agrave; tr\\u0103n qu&yacute;; xem bi\\u1ec3u di\\u1ec5n t&agrave;i ngh\\u1ec7 b\\u1eaft r\\u1eafn c\\u1ee7a nh&acirc;n vi&ecirc;n tr\\u1ea1i r\\u1eafn. v.v... Ng\\u01b0\\u1eddi ta nu&ocirc;i r\\u1eafn ch\\u1ee7 y\\u1ebfu \\u0111\\u1ec3 l\\u1ea5y n\\u1ecdc r\\u1eafn ch\\u1eefa b\\u1ec7nh.<br \\/>- V\\u01b0\\u1eddn B\\u01b0\\u1edbm Saithip: Th\\u01b0\\u01a1\\u0309ng th\\u1ee9c v&agrave; nghe gi\\u1edbi thi\\u1ec7u nh\\u1eefng s\\u1ea3n ph\\u1ea9m \\u0111\\u1eb7c s\\u1ea3n 3 mi\\u1ec1n cu\\u0309a Thailand (M\\u1eadt Ong, ph\\u1ea5n Hoa, T\\u1ed5 Y\\u1ebfn&hellip;)<br \\/>\\u0110o&agrave;n \\u0103n tr\\u01b0a Buffet t\\u1ea1i nh&agrave; h&agrave;ng 86 t\\u1ea7ng Baiyoke Sky<br \\/>Bu\\u1ed5i chi\\u1ec1u, \\u0110o&agrave;n tham quan T\\u01b0\\u1ee3ng Ph\\u1eadt 4 m\\u1eb7t - n\\u1ed5i ti\\u1ebfng nh\\u1ea5t th\\u1ee7 \\u0111&ocirc; Bangkok, \\u0111\\u1ebfn \\u0111&acirc;y qu&yacute; kh&aacute;ch \\u0111\\u01b0\\u1ee3c nghe nhi\\u1ec1u c&acirc;u chuy\\u1ec7n k\\u1ec3 v\\u1ec1 l\\u1ecbch s\\u1eed&nbsp; ra \\u0111\\u1eddi c\\u1ee7a v\\u1ecb Ph\\u1eadt B\\u1ed1n M\\u1eb7t r\\u1ea5t linh thi&ecirc;ng v&agrave; huy\\u1ec1n b&iacute;.<br \\/>T\\u1ef1 do mua s\\u1eafm t\\u1ea1i c&aacute;c trung t&acirc;m th\\u01b0\\u01a1ng m\\u1ea1i n\\u1ed5i ti\\u1ebfng c\\u1ee7a th\\u1ee7 \\u0111&ocirc; nh\\u01b0: Big C, Center World Plaza&hellip;<br \\/>\\u0110o&agrave;n \\u0103n t\\u1ed1i v&agrave; ngh\\u1ec9 ng\\u01a1i t\\u1ea1i kh&aacute;ch s\\u1ea1n.\",\"Sau b\\u1eefa s&aacute;ng, \\u0111o&agrave;n l&agrave;m th\\u1ee7 t\\u1ee5c tr\\u1ea3 ph&ograve;ng, sau \\u0111&oacute; \\u0111i tham quan <br \\/>- Ch&ugrave;a Ph\\u1eadt V&agrave;ng - Wat Traimit: ng&ocirc;i ch&ugrave;a n\\u1ed5i ti\\u1ebfng \\u1edf Bangkok v\\u1edbi pho t\\u01b0\\u1ee3ng Ph\\u1eadt ng\\u1ed3i cao 3 m&eacute;t \\u0111&uacute;c b\\u1eb1ng v&agrave;ng kh\\u1ed1i, n\\u1eb7ng 5,5 t\\u1ea5n<br \\/>- D\\u1ea1o thuy\\u1ec1n S&ocirc;ng Chaophaya: Du thuy&ecirc;\\u0300n tr&ecirc;n s&ocirc;ng, ng\\u0103\\u0301m nhi\\u0300n \\u0111&acirc;\\u0301t n\\u01b0\\u01a1\\u0301c Chu\\u0300a Va\\u0300ng do\\u0323c 2 b&ecirc;n b\\u01a1\\u0300 s&ocirc;ng me\\u0323 Bangkok&nbsp;&nbsp;&nbsp;&nbsp; <br \\/>\\u0110o&agrave;n d&ugrave;ng b\\u1eefa tr\\u01b0a t\\u1ea1i nh&agrave; h&agrave;ng.<br \\/>Bu\\u1ed5i chi\\u1ec1u, xe \\u0111\\u01b0a \\u0111o&agrave;n ra s&acirc;n bay l&agrave;m th\\u1ee7 t\\u1ee5c cho chuy\\u1ebfn bay FD644\\/ 1825-2020 v\\u1ec1 H&agrave; N\\u1ed9i. V\\u1ec1 \\u0111\\u1ebfn n\\u01a1i, \\u0111o&agrave;n chia tay h\\u01b0\\u1edbng d\\u1eabn v&agrave; k\\u1ebft th&uacute;c chuy\\u1ebfn vi vu kh&aacute;m ph&aacute; x\\u1eed s\\u1edf ch&ugrave;a V&agrave;ng \\u0111\\u1ea7y th&uacute; v\\u1ecb.\"]', '<table style=\"width: 1042px;\" width=\"1254\">\r\n<tbody>\r\n<tr>\r\n<td style=\"width: 451px;\" colspan=\"3\">ĐIỀU KIỆN ĐĂNG K&Yacute; TOUR</td>\r\n<td style=\"width: 575px;\">ĐIỀU KIỆN HỦY TOUR</td>\r\n</tr>\r\n<tr>\r\n<td style=\"width: 451px;\" colspan=\"3\">*Qu&yacute; kh&aacute;ch c&oacute; đầy đủ sức khỏe tham gia chương tr&igrave;nh.<br />*Đặt cọc 50%/1 kh&aacute;ch khi đăng k&yacute; chương tr&igrave;nh.&nbsp; <br />*Thanh to&aacute;n to&agrave;n bộ số tiền trước 20 ng&agrave;y khởi h&agrave;nh.<br />*Hộ chiếu c&ograve;n thời hạn tr&ecirc;n 6 th&aacute;ng t&iacute;nh đến ng&agrave;y về.</td>\r\n<td style=\"width: 575px;\">*Ngay sau khi đặt cọc: Ph&iacute; hủy l&agrave; 15% tiền tour<br />*Trước ng&agrave;y khởi h&agrave;nh 30 ng&agrave;y: Ph&iacute; hủy l&agrave; 25% tiền tour<br />*Từ trước 8 - 29 ng&agrave;y trước ng&agrave;y KH: Ph&iacute; hủy l&agrave; 35% tiền tour<br />*Trước 07 ng&agrave;y khởi h&agrave;nh: Ph&iacute; hủy l&agrave; 70% tiền tour</td>\r\n</tr>\r\n<tr>\r\n<td style=\"width: 1032px;\" colspan=\"4\">*Khi đăng k&yacute; tour du lịch, Qu&yacute; kh&aacute;ch vui l&ograve;ng đọc kỹ chương tr&igrave;nh, gi&aacute; tour, c&aacute;c khoản bao gồm cũng như kh&ocirc;ng bao gồm trong chương tr&igrave;nh, c&aacute;c điều kiện hủy tour. Trong trường hợp Qu&yacute; kh&aacute;ch kh&ocirc;ng trực tiếp đến đăng k&yacute; tour m&agrave; do người kh&aacute;c đến đăng k&yacute; th&igrave; Qu&yacute; kh&aacute;ch vui l&ograve;ng t&igrave;m hiểu kỹ chương tr&igrave;nh từ người đăng k&yacute; cho m&igrave;nh.<br />*Qu&yacute; kh&aacute;ch từ 70 tuổi trở l&ecirc;n y&ecirc;u cầu cam kết sức khỏe với C&ocirc;ng ty. <br />*Do c&aacute;c chuyến bay phụ thuộc v&agrave;o c&aacute;c h&atilde;ng H&agrave;ng Kh&ocirc;ng n&ecirc;n trong một số trường hợp giờ bay c&oacute; thể thay đổi m&agrave; kh&ocirc;ng được b&aacute;o trước.<br />*T&ugrave;y v&agrave;o t&igrave;nh h&igrave;nh thực tế, thứ tự c&aacute;c điểm thăm quan trong chương tr&igrave;nh c&oacute; thể thay đổi nhưng vẫn đảm bảo đầy đủ c&aacute;c điểm thăm quan như l&uacute;c đầu.<br />*Trong trường hợp xảy ra thi&ecirc;n tai: b&atilde;o lụt, hạn h&aacute;n, động đất&hellip;; Sự cố về an ninh: khủng bố, biểu t&igrave;nh; Sự cố về h&agrave;ng kh&ocirc;ng: trục trặc kỹ thuật, an ninh, dời, hủy, ho&atilde;n chuyến bay, Diamondtour sẽ xem x&eacute;t để ho&agrave;n trả chi ph&iacute; kh&ocirc;ng thăm quan cho kh&aacute;ch trong điều kiện c&oacute; thể (Sau khi đ&atilde; trừ lại c&aacute;c dịch vụ đ&atilde; thực hiện như ph&iacute; l&agrave;m visa. V&agrave; kh&ocirc;ng chịu tr&aacute;ch nhiệm bồi thường th&ecirc;m bất kỳ chi ph&iacute; n&agrave;o kh&aacute;c).<br /><br /><br /></td>\r\n</tr>\r\n</tbody>\r\n</table>', '<table width=\"716\">\r\n<tbody>\r\n<tr>\r\n<td colspan=\"3\" width=\"716\">GI&Aacute; TOUR BAO GỒM&nbsp;</td>\r\n</tr>\r\n<tr>\r\n<td colspan=\"3\" width=\"716\">*Kh&aacute;ch sạn chuẩn 4 sao ở Th&aacute;i Lan (2 kh&aacute;ch/ ph&ograve;ng; nếu lẻ kh&aacute;ch sẽ ở ph&ograve;ng 3 người);<br />*Ăn trọn g&oacute;i theo chương tr&igrave;nh. <br />*Xe: &Ocirc; t&ocirc; tiện nghi phục vụ theo chương tr&igrave;nh. <br />*V&eacute; v&agrave;o cửa tham quan cổng thứ nhất.<br />*V&eacute; m&aacute;y bay, lệ ph&iacute; s&acirc;n bay, ph&iacute; an ninh, phụ ph&iacute; xăng dầu tất cả c&aacute;c chặng.<br />*Hướng dẫn vi&ecirc;n n&oacute;i tiếng Việt chuy&ecirc;n tuyến v&agrave; tiếng Th&aacute;i phục vụ suốt tuyến theo chương tr&igrave;nh;<br />*Bảo hiểm du lịch mức tối đa 200.000.000đ/ người/ h&agrave;nh tr&igrave;nh;<br />*Đo&agrave;n đi đủ shop mua sắm theo chương tr&igrave;nh. Nếu kh&ocirc;ng đi shop b&ugrave; / kh&aacute;ch.</td>\r\n</tr>\r\n<tr>\r\n<td colspan=\"3\">GI&Aacute; TOUR KH&Ocirc;NG BAO GỒM</td>\r\n</tr>\r\n<tr>\r\n<td colspan=\"3\" width=\"716\">*Ph&iacute; ph&ograve;ng đơn (d&agrave;nh cho kh&aacute;ch y&ecirc;u cầu ở ph&ograve;ng đơn).<br />*Đồ uống (bia rượu trong bữa ăn), điện thoại, giặt l&agrave;, h&agrave;nh l&yacute; qu&aacute; cước theo quy định của h&agrave;ng kh&ocirc;ng.<br />*Tiền tip cho hướng dẫn vi&ecirc;n $/h&agrave;nh tr&igrave;nh.<br />*Chi ph&iacute; c&aacute; nh&acirc;n của kh&aacute;ch ngo&agrave;i chương tr&igrave;nh.<br />*Chi ph&iacute; dời ng&agrave;y, đổi chặng, n&acirc;ng hạng v&eacute; m&aacute;y bay.<br />*Thuế VAT.</td>\r\n</tr>\r\n</tbody>\r\n</table>'),
(16, 8, 'KHAM PHA XU SO CHUA VANG THAI LAN 4 NGAY 3 DEM', 'Nằm trong khu vực Đông Nam Á, Thái Lan được du khách ưu ái dành tặng cho nhiều mỹ danh như: “ xứ sở chùa Vàng”, “thiên đường du lịch”, “thiên đường mua sắm”, “xứ sở của những nụ cười thân thiện”… Thái Lan có các danh lam thắng cảnh tuyệt đẹp, hệ thống chùa chiền nguy nga, tráng lệ, các khu vui chơi giải trí, các lễ hội truyền thống đặc sắc và đặc biệt là vô số cơ hội shopping thỏa thích tại các các khu mua sắm giá rẻ sầm uất…', '<table width=\"480\">\r\n<tbody>\r\n<tr>\r\n<td colspan=\"2\" width=\"480\">* Kh&aacute;ch sạn 4 sao suốt chương tr&igrave;nh.<br />* Hướng dẫn vi&ecirc;n c&oacute; nhiều kinh nghiệm, nhiệt th&agrave;nh, chu đ&aacute;o.<br />* Kh&aacute;m ph&aacute; xử sở ch&ugrave;a V&agrave;ng hấp dẫn, đặc sắc, dạo thuyền tr&ecirc;n s&ocirc;ng Chaopraya<br />* Nhận ngay qu&agrave; tặng từ Diamondtour: vỏ bọc hộ chiếu, &ocirc; cao cấp.</td>\r\n</tr>\r\n</tbody>\r\n</table>', 'en', 'KHAM PHA XU SO CHUA VANG THAI LAN 4 NGAY 3 DEM', 'KHAM PHA XU SO CHUA VANG THAI LAN 4 NGAY 3 DEM', '[\"Ha Noi, Bangkok, Pattaya\",\"Pattaya, \\u0110ao Coral\",\"Pattaya, Bangkok\",\"Bangkok, Ha Noi\"]', '[\"\\u0110o&agrave;n t\\u1eadp trung t\\u1ea1i \\u0111i\\u1ec3m h\\u1eb9n tr\\u01b0\\u1edbc v&agrave; di chuy\\u1ec3n ra s&acirc;n bay N\\u1ed9i B&agrave;i l&agrave;m th\\u1ee7 t\\u1ee5c cho chuy\\u1ebfn bay FD643\\/ 0900-1050 \\u0111\\u1ebfn Bangkok &ndash; Th&aacute;i Lan.<br \\/>Sau khi \\u0111\\u1ebfn Bangkok, \\u0111o&agrave;n kh\\u1edfi h&agrave;nh \\u0111i Pattaya &ndash; th&agrave;nh ph\\u1ed1 bi\\u1ec3n n\\u1ed5i ti\\u1ebfng c\\u1ee7a Th&aacute;i Lan. Tr&ecirc;n \\u0111\\u01b0\\u1eddng \\u0111i, \\u0111o&agrave;n gh&eacute; tham quan V\\u01b0\\u1eddn th&uacute; Sriracha Tiger Zoo <br \\/>\\u0110o&agrave;n \\u0103n t\\u1ed1i v&agrave; ngh\\u1ec9 ng\\u01a1i t\\u1ea1i Pattaya.\",\"Sau khi d&ugrave;ng b\\u1eefa s&aacute;ng t\\u1ef1 ch\\u1ecdn t\\u1ea1i kh&aacute;ch s\\u1ea1n, \\u0111o&agrave;n kh\\u1edfi h&agrave;nh \\u0111i \\u0110\\u1ea3o San H&ocirc; (Coral Island) b\\u1eb1ng t&agrave;u cao t\\u1ed1c. T\\u1ea1i \\u0111&acirc;y Qu&yacute; kh&aacute;ch c&oacute; th\\u1ec3 t\\u1eafm bi\\u1ec3n hay tham gia c&aacute;c tr&ograve; ch\\u01a1i tr&ecirc;n bi\\u1ec3n nh\\u01b0: D&ugrave; k&eacute;o - L\\u01b0\\u1edbt v&aacute;n - L&aacute;i Can&ocirc; - Th&aacute;m hi\\u1ec3m d\\u01b0\\u1edbi \\u0111&aacute;y bi\\u1ec3n (chi ph&iacute; t\\u1ef1 t&uacute;c).<br \\/>Qu&yacute; kh&aacute;ch \\u0103n tr\\u01b0a t\\u1ea1i nh&agrave; h&agrave;ng. <br \\/>Sau b\\u1eefa tr\\u01b0a, xe v&agrave; HDV \\u0111\\u01b0a \\u0111o&agrave;n tham quan: <br \\/>- Trung t&acirc;m v&agrave;ng b\\u1ea1c \\u0111&aacute; qu&yacute;: l\\u1edbn nh\\u1ea5t \\u0110&ocirc;ng Nam &Aacute;, n\\u01a1i di&ecirc;\\u0303n ra ca\\u0301c phi&ecirc;n trao \\u0111&ocirc;\\u0309i mua ba\\u0301n \\u0111a\\u0301 quy\\u0301 \\u0111a\\u0323t ch\\u01b0\\u0301ng chi\\u0309 ISO 9002 v&ecirc;\\u0300 qua\\u0309n ly\\u0301 ch&acirc;\\u0301t l\\u01b0\\u01a1\\u0323ng, tr\\u01b0ng b&agrave;y c&aacute;c lo\\u1ea1i \\u0111&aacute; qu&yacute; \\u0111\\u1eb9p n\\u1ed5i ti\\u1ebfng.<br \\/>- Tr&acirc;n B\\u1ea3o Ph\\u1eadt S\\u01a1n (Khao Chee Chan) - n&uacute;i Ph\\u1eadt \\u0111\\u01b0\\u1ee3c kh\\u1eafc v&agrave; \\u0111\\u1eafp b\\u1eb1ng v&agrave;ng 24k, n\\u01a1i \\u0111\\u01b0\\u1ee3c t\\u1ea1o n&ecirc;n nh&acirc;n d\\u1ecbp k\\u1ef7 ni\\u1ec7m 50 n\\u0103m \\u0111\\u0103ng c\\u01a1 c\\u1ee7a nh&agrave; vua Th&aacute;i Lan.<br \\/>\\u0102n t\\u1ed1i t\\u1ea1i nh&agrave; h&agrave;ng. <br \\/>Sau b\\u1eefa t\\u1ed1i xe \\u0111\\u01b0a \\u0111o&agrave;n \\u0111i th\\u01b0\\u1edfng th\\u1ee9c Alcazar&nbsp; show do ca\\u0301c ngh&ecirc;\\u0323 sy\\u0303 Bede bi&ecirc;\\u0309u di&ecirc;\\u0303n. <br \\/>\\u0110o&agrave;n ngh\\u1ec9 ng\\u01a1i t\\u1ea1i Pattaya.\",\"Sau b\\u01b0\\u0303a sa\\u0301ng t\\u1ea1i kh&aacute;ch s\\u1ea1n, \\u0111o&agrave;n check &ndash; out kh&aacute;ch s\\u1ea1n Pattaya, kh\\u1edfi h&agrave;nh v\\u1ec1 Bangkok. Tr&ecirc;n \\u0111\\u01b0\\u1eddng tham quan c&aacute;c c\\u1ea3nh \\u0111i\\u1ec3m:<br \\/>- Tr\\u1ea1i r\\u1eafn: Ti\\u0300m hi&ecirc;\\u0309u v&ecirc;\\u0300 m\\u1ed9t s\\u1ed1 lo\\u1ea1i r\\u1eafn v&agrave; tr\\u0103n qu&yacute;; xem bi\\u1ec3u di\\u1ec5n t&agrave;i ngh\\u1ec7 b\\u1eaft r\\u1eafn c\\u1ee7a nh&acirc;n vi&ecirc;n tr\\u1ea1i r\\u1eafn. v.v... Ng\\u01b0\\u1eddi ta nu&ocirc;i r\\u1eafn ch\\u1ee7 y\\u1ebfu \\u0111\\u1ec3 l\\u1ea5y n\\u1ecdc r\\u1eafn ch\\u1eefa b\\u1ec7nh.<br \\/>- V\\u01b0\\u1eddn B\\u01b0\\u1edbm Saithip: Th\\u01b0\\u01a1\\u0309ng th\\u1ee9c v&agrave; nghe gi\\u1edbi thi\\u1ec7u nh\\u1eefng s\\u1ea3n ph\\u1ea9m \\u0111\\u1eb7c s\\u1ea3n 3 mi\\u1ec1n cu\\u0309a Thailand (M\\u1eadt Ong, ph\\u1ea5n Hoa, T\\u1ed5 Y\\u1ebfn&hellip;)<br \\/>\\u0110o&agrave;n \\u0103n tr\\u01b0a Buffet t\\u1ea1i nh&agrave; h&agrave;ng 86 t\\u1ea7ng Baiyoke Sky<br \\/>Bu\\u1ed5i chi\\u1ec1u, \\u0110o&agrave;n tham quan T\\u01b0\\u1ee3ng Ph\\u1eadt 4 m\\u1eb7t - n\\u1ed5i ti\\u1ebfng nh\\u1ea5t th\\u1ee7 \\u0111&ocirc; Bangkok, \\u0111\\u1ebfn \\u0111&acirc;y qu&yacute; kh&aacute;ch \\u0111\\u01b0\\u1ee3c nghe nhi\\u1ec1u c&acirc;u chuy\\u1ec7n k\\u1ec3 v\\u1ec1 l\\u1ecbch s\\u1eed&nbsp; ra \\u0111\\u1eddi c\\u1ee7a v\\u1ecb Ph\\u1eadt B\\u1ed1n M\\u1eb7t r\\u1ea5t linh thi&ecirc;ng v&agrave; huy\\u1ec1n b&iacute;.<br \\/>T\\u1ef1 do mua s\\u1eafm t\\u1ea1i c&aacute;c trung t&acirc;m th\\u01b0\\u01a1ng m\\u1ea1i n\\u1ed5i ti\\u1ebfng c\\u1ee7a th\\u1ee7 \\u0111&ocirc; nh\\u01b0: Big C, Center World Plaza&hellip;<br \\/>\\u0110o&agrave;n \\u0103n t\\u1ed1i v&agrave; ngh\\u1ec9 ng\\u01a1i t\\u1ea1i kh&aacute;ch s\\u1ea1n.\",\"Sau b\\u1eefa s&aacute;ng, \\u0111o&agrave;n l&agrave;m th\\u1ee7 t\\u1ee5c tr\\u1ea3 ph&ograve;ng, sau \\u0111&oacute; \\u0111i tham quan <br \\/>- Ch&ugrave;a Ph\\u1eadt V&agrave;ng - Wat Traimit: ng&ocirc;i ch&ugrave;a n\\u1ed5i ti\\u1ebfng \\u1edf Bangkok v\\u1edbi pho t\\u01b0\\u1ee3ng Ph\\u1eadt ng\\u1ed3i cao 3 m&eacute;t \\u0111&uacute;c b\\u1eb1ng v&agrave;ng kh\\u1ed1i, n\\u1eb7ng 5,5 t\\u1ea5n<br \\/>- D\\u1ea1o thuy\\u1ec1n S&ocirc;ng Chaophaya: Du thuy&ecirc;\\u0300n tr&ecirc;n s&ocirc;ng, ng\\u0103\\u0301m nhi\\u0300n \\u0111&acirc;\\u0301t n\\u01b0\\u01a1\\u0301c Chu\\u0300a Va\\u0300ng do\\u0323c 2 b&ecirc;n b\\u01a1\\u0300 s&ocirc;ng me\\u0323 Bangkok&nbsp;&nbsp;&nbsp;&nbsp; <br \\/>\\u0110o&agrave;n d&ugrave;ng b\\u1eefa tr\\u01b0a t\\u1ea1i nh&agrave; h&agrave;ng.<br \\/>Bu\\u1ed5i chi\\u1ec1u, xe \\u0111\\u01b0a \\u0111o&agrave;n ra s&acirc;n bay l&agrave;m th\\u1ee7 t\\u1ee5c cho chuy\\u1ebfn bay FD644\\/ 1825-2020 v\\u1ec1 H&agrave; N\\u1ed9i. V\\u1ec1 \\u0111\\u1ebfn n\\u01a1i, \\u0111o&agrave;n chia tay h\\u01b0\\u1edbng d\\u1eabn v&agrave; k\\u1ebft th&uacute;c chuy\\u1ebfn vi vu kh&aacute;m ph&aacute; x\\u1eed s\\u1edf ch&ugrave;a V&agrave;ng \\u0111\\u1ea7y th&uacute; v\\u1ecb.\"]', '<table width=\"1254\">\r\n<tbody>\r\n<tr>\r\n<td colspan=\"3\" width=\"716\">ĐIỀU KIỆN ĐĂNG K&Yacute; TOUR</td>\r\n<td width=\"538\">ĐIỀU KIỆN HỦY TOUR</td>\r\n</tr>\r\n<tr>\r\n<td colspan=\"3\" width=\"716\">*Qu&yacute; kh&aacute;ch c&oacute; đầy đủ sức khỏe tham gia chương tr&igrave;nh.<br />*Đặt cọc 50%/1 kh&aacute;ch khi đăng k&yacute; chương tr&igrave;nh.&nbsp; <br />*Thanh to&aacute;n to&agrave;n bộ số tiền trước 20 ng&agrave;y khởi h&agrave;nh.<br />*Hộ chiếu c&ograve;n thời hạn tr&ecirc;n 6 th&aacute;ng t&iacute;nh đến ng&agrave;y về.</td>\r\n<td width=\"538\">*Ngay sau khi đặt cọc: Ph&iacute; hủy l&agrave; 15% tiền tour<br />*Trước ng&agrave;y khởi h&agrave;nh 30 ng&agrave;y: Ph&iacute; hủy l&agrave; 25% tiền tour<br />*Từ trước 8 - 29 ng&agrave;y trước ng&agrave;y KH: Ph&iacute; hủy l&agrave; 35% tiền tour<br />*Trước 07 ng&agrave;y khởi h&agrave;nh: Ph&iacute; hủy l&agrave; 70% tiền tour</td>\r\n</tr>\r\n<tr>\r\n<td colspan=\"4\" width=\"1254\">*Khi đăng k&yacute; tour du lịch, Qu&yacute; kh&aacute;ch vui l&ograve;ng đọc kỹ chương tr&igrave;nh, gi&aacute; tour, c&aacute;c khoản bao gồm cũng như kh&ocirc;ng bao gồm trong chương tr&igrave;nh, c&aacute;c điều kiện hủy tour. Trong trường hợp Qu&yacute; kh&aacute;ch kh&ocirc;ng trực tiếp đến đăng k&yacute; tour m&agrave; do người kh&aacute;c đến đăng k&yacute; th&igrave; Qu&yacute; kh&aacute;ch vui l&ograve;ng t&igrave;m hiểu kỹ chương tr&igrave;nh từ người đăng k&yacute; cho m&igrave;nh.<br />*Qu&yacute; kh&aacute;ch từ 70 tuổi trở l&ecirc;n y&ecirc;u cầu cam kết sức khỏe với C&ocirc;ng ty. <br />*Do c&aacute;c chuyến bay phụ thuộc v&agrave;o c&aacute;c h&atilde;ng H&agrave;ng Kh&ocirc;ng n&ecirc;n trong một số trường hợp giờ bay c&oacute; thể thay đổi m&agrave; kh&ocirc;ng được b&aacute;o trước.<br />*T&ugrave;y v&agrave;o t&igrave;nh h&igrave;nh thực tế, thứ tự c&aacute;c điểm thăm quan trong chương tr&igrave;nh c&oacute; thể thay đổi nhưng vẫn đảm bảo đầy đủ c&aacute;c điểm thăm quan như l&uacute;c đầu.<br />*Trong trường hợp xảy ra thi&ecirc;n tai: b&atilde;o lụt, hạn h&aacute;n, động đất&hellip;; Sự cố về an ninh: khủng bố, biểu t&igrave;nh; Sự cố về h&agrave;ng kh&ocirc;ng: trục trặc kỹ thuật, an ninh, dời, hủy, ho&atilde;n chuyến bay, Diamondtour sẽ xem x&eacute;t để ho&agrave;n trả chi ph&iacute; kh&ocirc;ng thăm quan cho kh&aacute;ch trong điều kiện c&oacute; thể (Sau khi đ&atilde; trừ lại c&aacute;c dịch vụ đ&atilde; thực hiện như ph&iacute; l&agrave;m visa. V&agrave; kh&ocirc;ng chịu tr&aacute;ch nhiệm bồi thường th&ecirc;m bất kỳ chi ph&iacute; n&agrave;o kh&aacute;c).<br /><br /><br /></td>\r\n</tr>\r\n</tbody>\r\n</table>', '<table width=\"716\">\r\n<tbody>\r\n<tr>\r\n<td colspan=\"3\" width=\"716\">GI&Aacute; TOUR BAO GỒM&nbsp;</td>\r\n</tr>\r\n<tr>\r\n<td colspan=\"3\" width=\"716\">*Kh&aacute;ch sạn chuẩn 4 sao ở Th&aacute;i Lan (2 kh&aacute;ch/ ph&ograve;ng; nếu lẻ kh&aacute;ch sẽ ở ph&ograve;ng 3 người);<br />*Ăn trọn g&oacute;i theo chương tr&igrave;nh. <br />*Xe: &Ocirc; t&ocirc; tiện nghi phục vụ theo chương tr&igrave;nh. <br />*V&eacute; v&agrave;o cửa tham quan cổng thứ nhất.<br />*V&eacute; m&aacute;y bay, lệ ph&iacute; s&acirc;n bay, ph&iacute; an ninh, phụ ph&iacute; xăng dầu tất cả c&aacute;c chặng.<br />*Hướng dẫn vi&ecirc;n n&oacute;i tiếng Việt chuy&ecirc;n tuyến v&agrave; tiếng Th&aacute;i phục vụ suốt tuyến theo chương tr&igrave;nh;<br />*Bảo hiểm du lịch mức tối đa 200.000.000đ/ người/ h&agrave;nh tr&igrave;nh;<br />*Đo&agrave;n đi đủ shop mua sắm theo chương tr&igrave;nh. Nếu kh&ocirc;ng đi shop b&ugrave; / kh&aacute;ch.</td>\r\n</tr>\r\n<tr>\r\n<td colspan=\"3\">GI&Aacute; TOUR KH&Ocirc;NG BAO GỒM</td>\r\n</tr>\r\n<tr>\r\n<td colspan=\"3\" width=\"716\">*Ph&iacute; ph&ograve;ng đơn (d&agrave;nh cho kh&aacute;ch y&ecirc;u cầu ở ph&ograve;ng đơn).<br />*Đồ uống (bia rượu trong bữa ăn), điện thoại, giặt l&agrave;, h&agrave;nh l&yacute; qu&aacute; cước theo quy định của h&agrave;ng kh&ocirc;ng.<br />*Tiền tip cho hướng dẫn vi&ecirc;n $/h&agrave;nh tr&igrave;nh.<br />*Chi ph&iacute; c&aacute; nh&acirc;n của kh&aacute;ch ngo&agrave;i chương tr&igrave;nh.<br />*Chi ph&iacute; dời ng&agrave;y, đổi chặng, n&acirc;ng hạng v&eacute; m&aacute;y bay.<br />*Thuế VAT.</td>\r\n</tr>\r\n</tbody>\r\n</table>'),
(17, 9, 'Where does it come from? Contrary to popular belief, Lorem Ipsum is not simply random text', 'Contrary to popular belief, Lorem Ipsum is not simply random text. It has roots in a piece of classical Latin literature from 45 BC, making it over 2000 years old. Richard McClintock, a Latin professor at Hampden-Sydney College in Virginia, looked up one of the more obscure Latin words, consectetur, from a Lorem Ipsum passage, and going through the cites of the word in classical', 'Contrary to popular belief, Lorem Ipsum is not simply random text. It has roots in a piece of classical Latin literature from 45 BC, making it over 2000 years old. Richard McClintock, a Latin professor at Hampden-Sydney College in Virginia, looked up one of the more obscure Latin words, consectetur, from a Lorem Ipsum passage, and going through the cites of the word in classical literature, discovered the undoubtable source. Lorem Ipsum comes from sections 1.10.32 and 1.10.33 of \"de Finibus Bonorum et Malorum\" (The Extremes of Good and Evil) by Cicero, written in 45 BC. This book is a treatise on the theory of ethics, very popular during the Renaissance. The first line of Lorem Ipsum, \"Lorem ipsum dolor sit amet..\", comes from a line in section 1.10.32.', 'vi', '', '', '[\"There are many variations of passages of Lorem Ipsum available\"]', '[\"There are many variations of passages of Lorem Ipsum available, but the majority have suffered alteration in some form, by injected humour, or randomised words which don\'t look even slightly believable. If you are going to use a passage of Lorem Ipsum, you need to be sure there isn\'t anything embarrassing hidden in the middle of text. All the Lorem Ipsum generators on the Internet tend to repeat predefined chunks as necessary, making this the first true generator on the Internet. It uses a dictionary of over 200 Latin words, combined with a handful of model sentence structures, to generate Lorem Ipsum which looks reasonable. The generated Lorem Ipsum is therefore always free from repetition, injected humour, or non-characteristic words etc\"]', 'Contrary to popular belief, Lorem Ipsum is not simply random text. It has roots in a piece of classical Latin literature from 45 BC, making it over 2000 years old. Richard McClintock, a Latin professor at Hampden-Sydney College in Virginia, looked up one of the more obscure Latin words, consectetur, from a Lorem Ipsum passage, and going through the cites of the word in classical literature, discovered the undoubtable source. Lorem Ipsum comes from sections 1.10.32 and 1.10.33 of \"de Finibus Bonorum et Malorum\" (The Extremes of Good and Evil) by Cicero, written in 45 BC. This book is a treatise on the theory of ethics, very popular during the Renaissance. The first line of Lorem Ipsum, \"Lorem ipsum dolor sit amet..\", comes from a line in section 1.10.32.', 'Contrary to popular belief, Lorem Ipsum is not simply random text. It has roots in a piece of classical Latin literature from 45 BC, making it over 2000 years old. Richard McClintock, a Latin professor at Hampden-Sydney College in Virginia, looked up one of the more obscure Latin words, consectetur, from a Lorem Ipsum passage, and going through the cites of the word in classical literature, discovered the undoubtable source. Lorem Ipsum comes from sections 1.10.32 and 1.10.33 of \"de Finibus Bonorum et Malorum\" (The Extremes of Good and Evil) by Cicero, written in 45 BC. This book is a treatise on the theory of ethics, very popular during the Renaissance. The first line of Lorem Ipsum, \"Lorem ipsum dolor sit amet..\", comes from a line in section 1.10.32.'),
(18, 9, 'Where does it come from? Contrary to popular belief, Lorem Ipsum is not simply random text', 'Contrary to popular belief, Lorem Ipsum is not simply random text. It has roots in a piece of classical Latin literature from 45 BC, making it over 2000 years old. Richard McClintock, a Latin professor at Hampden-Sydney College in Virginia, looked up one of the more obscure Latin words, consectetur, from a Lorem Ipsum passage, and going through the cites of the word in classical', 'Contrary to popular belief, Lorem Ipsum is not simply random text. It has roots in a piece of classical Latin literature from 45 BC, making it over 2000 years old. Richard McClintock, a Latin professor at Hampden-Sydney College in Virginia, looked up one of the more obscure Latin words, consectetur, from a Lorem Ipsum passage, and going through the cites of the word in classical literature, discovered the undoubtable source. Lorem Ipsum comes from sections 1.10.32 and 1.10.33 of \"de Finibus Bonorum et Malorum\" (The Extremes of Good and Evil) by Cicero, written in 45 BC. This book is a treatise on the theory of ethics, very popular during the Renaissance. The first line of Lorem Ipsum, \"Lorem ipsum dolor sit amet..\", comes from a line in section 1.10.32.', 'en', '', '', '[\"There are many variations of passages of Lorem Ipsum available\"]', '[\"There are many variations of passages of Lorem Ipsum available, but the majority have suffered alteration in some form, by injected humour, or randomised words which don\'t look even slightly believable. If you are going to use a passage of Lorem Ipsum, you need to be sure there isn\'t anything embarrassing hidden in the middle of text. All the Lorem Ipsum generators on the Internet tend to repeat predefined chunks as necessary, making this the first true generator on the Internet. It uses a dictionary of over 200 Latin words, combined with a handful of model sentence structures, to generate Lorem Ipsum which looks reasonable. The generated Lorem Ipsum is therefore always free from repetition, injected humour, or non-characteristic words etc\"]', 'Contrary to popular belief, Lorem Ipsum is not simply random text. It has roots in a piece of classical Latin literature from 45 BC, making it over 2000 years old. Richard McClintock, a Latin professor at Hampden-Sydney College in Virginia, looked up one of the more obscure Latin words, consectetur, from a Lorem Ipsum passage, and going through the cites of the word in classical literature, discovered the undoubtable source. Lorem Ipsum comes from sections 1.10.32 and 1.10.33 of \"de Finibus Bonorum et Malorum\" (The Extremes of Good and Evil) by Cicero, written in 45 BC. This book is a treatise on the theory of ethics, very popular during the Renaissance. The first line of Lorem Ipsum, \"Lorem ipsum dolor sit amet..\", comes from a line in section 1.10.32.', 'Contrary to popular belief, Lorem Ipsum is not simply random text. It has roots in a piece of classical Latin literature from 45 BC, making it over 2000 years old. Richard McClintock, a Latin professor at Hampden-Sydney College in Virginia, looked up one of the more obscure Latin words, consectetur, from a Lorem Ipsum passage, and going through the cites of the word in classical literature, discovered the undoubtable source. Lorem Ipsum comes from sections 1.10.32 and 1.10.33 of \"de Finibus Bonorum et Malorum\" (The Extremes of Good and Evil) by Cicero, written in 45 BC. This book is a treatise on the theory of ethics, very popular during the Renaissance. The first line of Lorem Ipsum, \"Lorem ipsum dolor sit amet..\", comes from a line in section 1.10.32.'),
(19, 10, ' Where does it come from? Contrary to popular belief, Lorem Ipsum is not simply random text', 'Contrary to popular belief, Lorem Ipsum is not simply random text. It has roots in a piece of classical Latin literature from 45 BC, making it over 2000 years old. Richard McClintock, a Latin professor at Hampden-Sydney College in Virginia, looked up one of the more obscure Latin words, consectetur, from a Lorem Ipsum passage, and going through the cites of the word in classical ', 'Contrary to popular belief, Lorem Ipsum is not simply random text. It has roots in a piece of classical Latin literature from 45 BC, making it over 2000 years old. Richard McClintock, a Latin professor at Hampden-Sydney College in Virginia, looked up one of the more obscure Latin words, consectetur, from a Lorem Ipsum passage, and going through the cites of the word in classical literature, discovered the undoubtable source. Lorem Ipsum comes from sections 1.10.32 and 1.10.33 of \"de Finibus Bonorum et Malorum\" (The Extremes of Good and Evil) by Cicero, written in 45 BC. This book is a treatise on the theory of ethics, very popular during the Renaissance. The first line of Lorem Ipsum, \"Lorem ipsum dolor sit amet..\", comes from a line in section 1.10.32.', 'vi', '', '', '[\"There are many variations of passages of Lorem Ipsum available\"]', '[\"There are many variations of passages of Lorem Ipsum available, but the majority have suffered alteration in some form, by injected humour, or randomised words which don\'t look even slightly believable. If you are going to use a passage of Lorem Ipsum, you need to be sure there isn\'t anything embarrassing hidden in the middle of text. All the Lorem Ipsum generators on the Internet tend to repeat predefined chunks as necessary, making this the first true generator on the Internet. It uses a dictionary of over 200 Latin words, combined with a handful of model sentence structures, to generate Lorem Ipsum which looks reasonable. The generated Lorem Ipsum is therefore always free from repetition, injected humour, or non-characteristic words etc\"]', 'Contrary to popular belief, Lorem Ipsum is not simply random text. It has roots in a piece of classical Latin literature from 45 BC, making it over 2000 years old. Richard McClintock, a Latin professor at Hampden-Sydney College in Virginia, looked up one of the more obscure Latin words, consectetur, from a Lorem Ipsum passage, and going through the cites of the word in classical literature, discovered the undoubtable source. Lorem Ipsum comes from sections 1.10.32 and 1.10.33 of \"de Finibus Bonorum et Malorum\" (The Extremes of Good and Evil) by Cicero, written in 45 BC. This book is a treatise on the theory of ethics, very popular during the Renaissance. The first line of Lorem Ipsum, \"Lorem ipsum dolor sit amet..\", comes from a line in section 1.10.32.', 'Contrary to popular belief, Lorem Ipsum is not simply random text. It has roots in a piece of classical Latin literature from 45 BC, making it over 2000 years old. Richard McClintock, a Latin professor at Hampden-Sydney College in Virginia, looked up one of the more obscure Latin words, consectetur, from a Lorem Ipsum passage, and going through the cites of the word in classical literature, discovered the undoubtable source. Lorem Ipsum comes from sections 1.10.32 and 1.10.33 of \"de Finibus Bonorum et Malorum\" (The Extremes of Good and Evil) by Cicero, written in 45 BC. This book is a treatise on the theory of ethics, very popular during the Renaissance. The first line of Lorem Ipsum, \"Lorem ipsum dolor sit amet..\", comes from a line in section 1.10.32.'),
(20, 10, ' Where does it come from? Contrary to popular belief, Lorem Ipsum is not simply random text', 'Contrary to popular belief, Lorem Ipsum is not simply random text. It has roots in a piece of classical Latin literature from 45 BC, making it over 2000 years old. Richard McClintock, a Latin professor at Hampden-Sydney College in Virginia, looked up one of the more obscure Latin words, consectetur, from a Lorem Ipsum passage, and going through the cites of the word in classical ', 'Contrary to popular belief, Lorem Ipsum is not simply random text. It has roots in a piece of classical Latin literature from 45 BC, making it over 2000 years old. Richard McClintock, a Latin professor at Hampden-Sydney College in Virginia, looked up one of the more obscure Latin words, consectetur, from a Lorem Ipsum passage, and going through the cites of the word in classical literature, discovered the undoubtable source. Lorem Ipsum comes from sections 1.10.32 and 1.10.33 of \"de Finibus Bonorum et Malorum\" (The Extremes of Good and Evil) by Cicero, written in 45 BC. This book is a treatise on the theory of ethics, very popular during the Renaissance. The first line of Lorem Ipsum, \"Lorem ipsum dolor sit amet..\", comes from a line in section 1.10.32.', 'en', '', '', '[\"There are many variations of passages of Lorem Ipsum available\"]', '[\"There are many variations of passages of Lorem Ipsum available, but the majority have suffered alteration in some form, by injected humour, or randomised words which don\'t look even slightly believable. If you are going to use a passage of Lorem Ipsum, you need to be sure there isn\'t anything embarrassing hidden in the middle of text. All the Lorem Ipsum generators on the Internet tend to repeat predefined chunks as necessary, making this the first true generator on the Internet. It uses a dictionary of over 200 Latin words, combined with a handful of model sentence structures, to generate Lorem Ipsum which looks reasonable. The generated Lorem Ipsum is therefore always free from repetition, injected humour, or non-characteristic words etc\"]', 'Contrary to popular belief, Lorem Ipsum is not simply random text. It has roots in a piece of classical Latin literature from 45 BC, making it over 2000 years old. Richard McClintock, a Latin professor at Hampden-Sydney College in Virginia, looked up one of the more obscure Latin words, consectetur, from a Lorem Ipsum passage, and going through the cites of the word in classical literature, discovered the undoubtable source. Lorem Ipsum comes from sections 1.10.32 and 1.10.33 of \"de Finibus Bonorum et Malorum\" (The Extremes of Good and Evil) by Cicero, written in 45 BC. This book is a treatise on the theory of ethics, very popular during the Renaissance. The first line of Lorem Ipsum, \"Lorem ipsum dolor sit amet..\", comes from a line in section 1.10.32.', 'Contrary to popular belief, Lorem Ipsum is not simply random text. It has roots in a piece of classical Latin literature from 45 BC, making it over 2000 years old. Richard McClintock, a Latin professor at Hampden-Sydney College in Virginia, looked up one of the more obscure Latin words, consectetur, from a Lorem Ipsum passage, and going through the cites of the word in classical literature, discovered the undoubtable source. Lorem Ipsum comes from sections 1.10.32 and 1.10.33 of \"de Finibus Bonorum et Malorum\" (The Extremes of Good and Evil) by Cicero, written in 45 BC. This book is a treatise on the theory of ethics, very popular during the Renaissance. The first line of Lorem Ipsum, \"Lorem ipsum dolor sit amet..\", comes from a line in section 1.10.32.');
INSERT INTO `product_lang` (`id`, `product_id`, `title`, `description`, `content`, `language`, `metakeywords`, `metadescription`, `datetitle`, `datecontent`, `tripnodes`, `detailsprice`) VALUES
(21, 11, ' Where does it come from? Contrary to popular belief, Lorem Ipsum is not simply random text', 'Contrary to popular belief, Lorem Ipsum is not simply random text. It has roots in a piece of classical Latin literature from 45 BC, making it over 2000 years old. Richard McClintock, a Latin professor at Hampden-Sydney College in Virginia, looked up one of the more obscure Latin words, consectetur, from a Lorem Ipsum passage, and going through the cites of the word in classical ', 'Contrary to popular belief, Lorem Ipsum is not simply random text. It has roots in a piece of classical Latin literature from 45 BC, making it over 2000 years old. Richard McClintock, a Latin professor at Hampden-Sydney College in Virginia, looked up one of the more obscure Latin words, consectetur, from a Lorem Ipsum passage, and going through the cites of the word in classical literature, discovered the undoubtable source. Lorem Ipsum comes from sections 1.10.32 and 1.10.33 of \"de Finibus Bonorum et Malorum\" (The Extremes of Good and Evil) by Cicero, written in 45 BC. This book is a treatise on the theory of ethics, very popular during the Renaissance. The first line of Lorem Ipsum, \"Lorem ipsum dolor sit amet..\", comes from a line in section 1.10.32.', 'vi', '', '', '[\"There are many variations of passages of Lorem Ipsum available\"]', '[\"There are many variations of passages of Lorem Ipsum available, but the majority have suffered alteration in some form, by injected humour, or randomised words which don\'t look even slightly believable. If you are going to use a passage of Lorem Ipsum, you need to be sure there isn\'t anything embarrassing hidden in the middle of text. All the Lorem Ipsum generators on the Internet tend to repeat predefined chunks as necessary, making this the first true generator on the Internet. It uses a dictionary of over 200 Latin words, combined with a handful of model sentence structures, to generate Lorem Ipsum which looks reasonable. The generated Lorem Ipsum is therefore always free from repetition, injected humour, or non-characteristic words etc\"]', 'Contrary to popular belief, Lorem Ipsum is not simply random text. It has roots in a piece of classical Latin literature from 45 BC, making it over 2000 years old. Richard McClintock, a Latin professor at Hampden-Sydney College in Virginia, looked up one of the more obscure Latin words, consectetur, from a Lorem Ipsum passage, and going through the cites of the word in classical literature, discovered the undoubtable source. Lorem Ipsum comes from sections 1.10.32 and 1.10.33 of \"de Finibus Bonorum et Malorum\" (The Extremes of Good and Evil) by Cicero, written in 45 BC. This book is a treatise on the theory of ethics, very popular during the Renaissance. The first line of Lorem Ipsum, \"Lorem ipsum dolor sit amet..\", comes from a line in section 1.10.32.', 'Contrary to popular belief, Lorem Ipsum is not simply random text. It has roots in a piece of classical Latin literature from 45 BC, making it over 2000 years old. Richard McClintock, a Latin professor at Hampden-Sydney College in Virginia, looked up one of the more obscure Latin words, consectetur, from a Lorem Ipsum passage, and going through the cites of the word in classical literature, discovered the undoubtable source. Lorem Ipsum comes from sections 1.10.32 and 1.10.33 of \"de Finibus Bonorum et Malorum\" (The Extremes of Good and Evil) by Cicero, written in 45 BC. This book is a treatise on the theory of ethics, very popular during the Renaissance. The first line of Lorem Ipsum, \"Lorem ipsum dolor sit amet..\", comes from a line in section 1.10.32.'),
(22, 11, ' Where does it come from? Contrary to popular belief, Lorem Ipsum is not simply random text', 'Contrary to popular belief, Lorem Ipsum is not simply random text. It has roots in a piece of classical Latin literature from 45 BC, making it over 2000 years old. Richard McClintock, a Latin professor at Hampden-Sydney College in Virginia, looked up one of the more obscure Latin words, consectetur, from a Lorem Ipsum passage, and going through the cites of the word in classical ', 'Contrary to popular belief, Lorem Ipsum is not simply random text. It has roots in a piece of classical Latin literature from 45 BC, making it over 2000 years old. Richard McClintock, a Latin professor at Hampden-Sydney College in Virginia, looked up one of the more obscure Latin words, consectetur, from a Lorem Ipsum passage, and going through the cites of the word in classical literature, discovered the undoubtable source. Lorem Ipsum comes from sections 1.10.32 and 1.10.33 of \"de Finibus Bonorum et Malorum\" (The Extremes of Good and Evil) by Cicero, written in 45 BC. This book is a treatise on the theory of ethics, very popular during the Renaissance. The first line of Lorem Ipsum, \"Lorem ipsum dolor sit amet..\", comes from a line in section 1.10.32.', 'en', '', '', '[\"There are many variations of passages of Lorem Ipsum available\"]', '[\"There are many variations of passages of Lorem Ipsum available, but the majority have suffered alteration in some form, by injected humour, or randomised words which don\'t look even slightly believable. If you are going to use a passage of Lorem Ipsum, you need to be sure there isn\'t anything embarrassing hidden in the middle of text. All the Lorem Ipsum generators on the Internet tend to repeat predefined chunks as necessary, making this the first true generator on the Internet. It uses a dictionary of over 200 Latin words, combined with a handful of model sentence structures, to generate Lorem Ipsum which looks reasonable. The generated Lorem Ipsum is therefore always free from repetition, injected humour, or non-characteristic words etc\"]', 'Contrary to popular belief, Lorem Ipsum is not simply random text. It has roots in a piece of classical Latin literature from 45 BC, making it over 2000 years old. Richard McClintock, a Latin professor at Hampden-Sydney College in Virginia, looked up one of the more obscure Latin words, consectetur, from a Lorem Ipsum passage, and going through the cites of the word in classical literature, discovered the undoubtable source. Lorem Ipsum comes from sections 1.10.32 and 1.10.33 of \"de Finibus Bonorum et Malorum\" (The Extremes of Good and Evil) by Cicero, written in 45 BC. This book is a treatise on the theory of ethics, very popular during the Renaissance. The first line of Lorem Ipsum, \"Lorem ipsum dolor sit amet..\", comes from a line in section 1.10.32.', 'Contrary to popular belief, Lorem Ipsum is not simply random text. It has roots in a piece of classical Latin literature from 45 BC, making it over 2000 years old. Richard McClintock, a Latin professor at Hampden-Sydney College in Virginia, looked up one of the more obscure Latin words, consectetur, from a Lorem Ipsum passage, and going through the cites of the word in classical literature, discovered the undoubtable source. Lorem Ipsum comes from sections 1.10.32 and 1.10.33 of \"de Finibus Bonorum et Malorum\" (The Extremes of Good and Evil) by Cicero, written in 45 BC. This book is a treatise on the theory of ethics, very popular during the Renaissance. The first line of Lorem Ipsum, \"Lorem ipsum dolor sit amet..\", comes from a line in section 1.10.32.'),
(23, 12, ' Where does it come from? Contrary to popular belief, Lorem Ipsum is not simply random text', 'Contrary to popular belief, Lorem Ipsum is not simply random text. It has roots in a piece of classical Latin literature from 45 BC, making it over 2000 years old. Richard McClintock, a Latin professor at Hampden-Sydney College in Virginia, looked up one of the more obscure Latin words, consectetur, from a Lorem Ipsum passage, and going through the cites of the word in classical ', 'Contrary to popular belief, Lorem Ipsum is not simply random text. It has roots in a piece of classical Latin literature from 45 BC, making it over 2000 years old. Richard McClintock, a Latin professor at Hampden-Sydney College in Virginia, looked up one of the more obscure Latin words, consectetur, from a Lorem Ipsum passage, and going through the cites of the word in classical literature, discovered the undoubtable source. Lorem Ipsum comes from sections 1.10.32 and 1.10.33 of \"de Finibus Bonorum et Malorum\" (The Extremes of Good and Evil) by Cicero, written in 45 BC. This book is a treatise on the theory of ethics, very popular during the Renaissance. The first line of Lorem Ipsum, \"Lorem ipsum dolor sit amet..\", comes from a line in section 1.10.32.', 'vi', '', '', '[\"There are many variations of passages of Lorem Ipsum available\"]', '[\"There are many variations of passages of Lorem Ipsum available, but the majority have suffered alteration in some form, by injected humour, or randomised words which don\'t look even slightly believable. If you are going to use a passage of Lorem Ipsum, you need to be sure there isn\'t anything embarrassing hidden in the middle of text. All the Lorem Ipsum generators on the Internet tend to repeat predefined chunks as necessary, making this the first true generator on the Internet. It uses a dictionary of over 200 Latin words, combined with a handful of model sentence structures, to generate Lorem Ipsum which looks reasonable. The generated Lorem Ipsum is therefore always free from repetition, injected humour, or non-characteristic words etc\"]', 'Contrary to popular belief, Lorem Ipsum is not simply random text. It has roots in a piece of classical Latin literature from 45 BC, making it over 2000 years old. Richard McClintock, a Latin professor at Hampden-Sydney College in Virginia, looked up one of the more obscure Latin words, consectetur, from a Lorem Ipsum passage, and going through the cites of the word in classical literature, discovered the undoubtable source. Lorem Ipsum comes from sections 1.10.32 and 1.10.33 of \"de Finibus Bonorum et Malorum\" (The Extremes of Good and Evil) by Cicero, written in 45 BC. This book is a treatise on the theory of ethics, very popular during the Renaissance. The first line of Lorem Ipsum, \"Lorem ipsum dolor sit amet..\", comes from a line in section 1.10.32.', 'Contrary to popular belief, Lorem Ipsum is not simply random text. It has roots in a piece of classical Latin literature from 45 BC, making it over 2000 years old. Richard McClintock, a Latin professor at Hampden-Sydney College in Virginia, looked up one of the more obscure Latin words, consectetur, from a Lorem Ipsum passage, and going through the cites of the word in classical literature, discovered the undoubtable source. Lorem Ipsum comes from sections 1.10.32 and 1.10.33 of \"de Finibus Bonorum et Malorum\" (The Extremes of Good and Evil) by Cicero, written in 45 BC. This book is a treatise on the theory of ethics, very popular during the Renaissance. The first line of Lorem Ipsum, \"Lorem ipsum dolor sit amet..\", comes from a line in section 1.10.32.'),
(24, 12, ' Where does it come from? Contrary to popular belief, Lorem Ipsum is not simply random text', 'Contrary to popular belief, Lorem Ipsum is not simply random text. It has roots in a piece of classical Latin literature from 45 BC, making it over 2000 years old. Richard McClintock, a Latin professor at Hampden-Sydney College in Virginia, looked up one of the more obscure Latin words, consectetur, from a Lorem Ipsum passage, and going through the cites of the word in classical ', 'Contrary to popular belief, Lorem Ipsum is not simply random text. It has roots in a piece of classical Latin literature from 45 BC, making it over 2000 years old. Richard McClintock, a Latin professor at Hampden-Sydney College in Virginia, looked up one of the more obscure Latin words, consectetur, from a Lorem Ipsum passage, and going through the cites of the word in classical literature, discovered the undoubtable source. Lorem Ipsum comes from sections 1.10.32 and 1.10.33 of \"de Finibus Bonorum et Malorum\" (The Extremes of Good and Evil) by Cicero, written in 45 BC. This book is a treatise on the theory of ethics, very popular during the Renaissance. The first line of Lorem Ipsum, \"Lorem ipsum dolor sit amet..\", comes from a line in section 1.10.32.', 'en', '', '', '[\"There are many variations of passages of Lorem Ipsum available\"]', '[\"There are many variations of passages of Lorem Ipsum available, but the majority have suffered alteration in some form, by injected humour, or randomised words which don\'t look even slightly believable. If you are going to use a passage of Lorem Ipsum, you need to be sure there isn\'t anything embarrassing hidden in the middle of text. All the Lorem Ipsum generators on the Internet tend to repeat predefined chunks as necessary, making this the first true generator on the Internet. It uses a dictionary of over 200 Latin words, combined with a handful of model sentence structures, to generate Lorem Ipsum which looks reasonable. The generated Lorem Ipsum is therefore always free from repetition, injected humour, or non-characteristic words etc\"]', 'Contrary to popular belief, Lorem Ipsum is not simply random text. It has roots in a piece of classical Latin literature from 45 BC, making it over 2000 years old. Richard McClintock, a Latin professor at Hampden-Sydney College in Virginia, looked up one of the more obscure Latin words, consectetur, from a Lorem Ipsum passage, and going through the cites of the word in classical literature, discovered the undoubtable source. Lorem Ipsum comes from sections 1.10.32 and 1.10.33 of \"de Finibus Bonorum et Malorum\" (The Extremes of Good and Evil) by Cicero, written in 45 BC. This book is a treatise on the theory of ethics, very popular during the Renaissance. The first line of Lorem Ipsum, \"Lorem ipsum dolor sit amet..\", comes from a line in section 1.10.32.', 'Contrary to popular belief, Lorem Ipsum is not simply random text. It has roots in a piece of classical Latin literature from 45 BC, making it over 2000 years old. Richard McClintock, a Latin professor at Hampden-Sydney College in Virginia, looked up one of the more obscure Latin words, consectetur, from a Lorem Ipsum passage, and going through the cites of the word in classical literature, discovered the undoubtable source. Lorem Ipsum comes from sections 1.10.32 and 1.10.33 of \"de Finibus Bonorum et Malorum\" (The Extremes of Good and Evil) by Cicero, written in 45 BC. This book is a treatise on the theory of ethics, very popular during the Renaissance. The first line of Lorem Ipsum, \"Lorem ipsum dolor sit amet..\", comes from a line in section 1.10.32.'),
(25, 13, 'Lorem ipsum dolor sit amet, consectetur adipiscing elit. Pellentesque vitae venenatis lacus, sodales suscipit metus', 'In quis blandit urna. Nam justo dui, posuere ac tortor ac, fermentum cursus odio. Curabitur accumsan felis a iaculis accumsan. Ut mauris erat, vehicula ac ultrices vestibulum, condimentum vitae mi. Nam ut interdum neque. Pellentesque non neque at augue rutrum fringilla vitae quis diam. Maecenas dictum felis quis risus ultricies, id ultricies nibh commodo. Interdum et malesuada fames ac ante ipsum primis in faucibus. In gravida nisl nisl, id bibendum elit commodo sed. Duis non dui feugiat, fringilla neque eu, ultrices nulla. Nullam at dui dignissim, dictum magna eget, dapibus risus. Praesent interdum libero ut nisl dictum, id lacinia libero ornare. Sed vel maximus odio, eu consequat arcu. Proin bibendum massa eleifend magna tincidunt blandit. Sed feugiat purus quam, ut congue tortor condimentum eu.', 'In quis blandit urna. Nam justo dui, posuere ac tortor ac, fermentum cursus odio. Curabitur accumsan felis a iaculis accumsan. Ut mauris erat, vehicula ac ultrices vestibulum, condimentum vitae mi. Nam ut interdum neque. Pellentesque non neque at augue rutrum fringilla vitae quis diam. Maecenas dictum felis quis risus ultricies, id ultricies nibh commodo. Interdum et malesuada fames ac ante ipsum primis in faucibus. In gravida nisl nisl, id bibendum elit commodo sed. Duis non dui feugiat, fringilla neque eu, ultrices nulla. Nullam at dui dignissim, dictum magna eget, dapibus risus. Praesent interdum libero ut nisl dictum, id lacinia libero ornare. Sed vel maximus odio, eu consequat arcu. Proin bibendum massa eleifend magna tincidunt blandit. Sed feugiat purus quam, ut congue tortor condimentum eu.', 'vi', '', '', '[\"Sed eu enim vitae est bibendum scelerisque luctus in metus. Morbi sagittis luctus est ac auctor\"]', '[\"Sed eu enim vitae est bibendum scelerisque luctus in metus. Morbi sagittis luctus est ac auctor. Vivamus non vulputate nulla, mollis imperdiet dolor. Vivamus a felis ac diam pharetra luctus nec in ligula. Curabitur dictum enim blandit, condimentum eros egestas, faucibus ante. Proin aliquet quam auctor dui auctor, vel lacinia nisi sagittis. Pellentesque eget ultricies risus, sed euismod augue. Aliquam suscipit sit amet augue sed lobortis. Phasellus vitae hendrerit nisl. Donec dapibus id massa in mattis. Nullam iaculis lectus blandit elit accumsan, vitae varius urna placerat. Proin vulputate id ipsum sed suscipit. In quis augue ante.\"]', 'In quis blandit urna. Nam justo dui, posuere ac tortor ac, fermentum cursus odio. Curabitur accumsan felis a iaculis accumsan. Ut mauris erat, vehicula ac ultrices vestibulum, condimentum vitae mi. Nam ut interdum neque. Pellentesque non neque at augue rutrum fringilla vitae quis diam. Maecenas dictum felis quis risus ultricies, id ultricies nibh commodo. Interdum et malesuada fames ac ante ipsum primis in faucibus. In gravida nisl nisl, id bibendum elit commodo sed. Duis non dui feugiat, fringilla neque eu, ultrices nulla. Nullam at dui dignissim, dictum magna eget, dapibus risus. Praesent interdum libero ut nisl dictum, id lacinia libero ornare. Sed vel maximus odio, eu consequat arcu. Proin bibendum massa eleifend magna tincidunt blandit. Sed feugiat purus quam, ut congue tortor condimentum eu.', 'In quis blandit urna. Nam justo dui, posuere ac tortor ac, fermentum cursus odio. Curabitur accumsan felis a iaculis accumsan. Ut mauris erat, vehicula ac ultrices vestibulum, condimentum vitae mi. Nam ut interdum neque. Pellentesque non neque at augue rutrum fringilla vitae quis diam. Maecenas dictum felis quis risus ultricies, id ultricies nibh commodo. Interdum et malesuada fames ac ante ipsum primis in faucibus. In gravida nisl nisl, id bibendum elit commodo sed. Duis non dui feugiat, fringilla neque eu, ultrices nulla. Nullam at dui dignissim, dictum magna eget, dapibus risus. Praesent interdum libero ut nisl dictum, id lacinia libero ornare. Sed vel maximus odio, eu consequat arcu. Proin bibendum massa eleifend magna tincidunt blandit. Sed feugiat purus quam, ut congue tortor condimentum eu.'),
(26, 13, 'Lorem ipsum dolor sit amet, consectetur adipiscing elit. Pellentesque vitae venenatis lacus, sodales suscipit metus', 'In quis blandit urna. Nam justo dui, posuere ac tortor ac, fermentum cursus odio. Curabitur accumsan felis a iaculis accumsan. Ut mauris erat, vehicula ac ultrices vestibulum, condimentum vitae mi. Nam ut interdum neque. Pellentesque non neque at augue rutrum fringilla vitae quis diam. Maecenas dictum felis quis risus ultricies, id ultricies nibh commodo. Interdum et malesuada fames ac ante ipsum primis in faucibus. In gravida nisl nisl, id bibendum elit commodo sed. Duis non dui feugiat, fringilla neque eu, ultrices nulla. Nullam at dui dignissim, dictum magna eget, dapibus risus. Praesent interdum libero ut nisl dictum, id lacinia libero ornare. Sed vel maximus odio, eu consequat arcu. Proin bibendum massa eleifend magna tincidunt blandit. Sed feugiat purus quam, ut congue tortor condimentum eu.', 'In quis blandit urna. Nam justo dui, posuere ac tortor ac, fermentum cursus odio. Curabitur accumsan felis a iaculis accumsan. Ut mauris erat, vehicula ac ultrices vestibulum, condimentum vitae mi. Nam ut interdum neque. Pellentesque non neque at augue rutrum fringilla vitae quis diam. Maecenas dictum felis quis risus ultricies, id ultricies nibh commodo. Interdum et malesuada fames ac ante ipsum primis in faucibus. In gravida nisl nisl, id bibendum elit commodo sed. Duis non dui feugiat, fringilla neque eu, ultrices nulla. Nullam at dui dignissim, dictum magna eget, dapibus risus. Praesent interdum libero ut nisl dictum, id lacinia libero ornare. Sed vel maximus odio, eu consequat arcu. Proin bibendum massa eleifend magna tincidunt blandit. Sed feugiat purus quam, ut congue tortor condimentum eu.', 'en', '', '', '[\"Sed eu enim vitae est bibendum scelerisque luctus in metus. Morbi sagittis luctus est ac auctor\"]', '[\"Sed eu enim vitae est bibendum scelerisque luctus in metus. Morbi sagittis luctus est ac auctor. Vivamus non vulputate nulla, mollis imperdiet dolor. Vivamus a felis ac diam pharetra luctus nec in ligula. Curabitur dictum enim blandit, condimentum eros egestas, faucibus ante. Proin aliquet quam auctor dui auctor, vel lacinia nisi sagittis. Pellentesque eget ultricies risus, sed euismod augue. Aliquam suscipit sit amet augue sed lobortis. Phasellus vitae hendrerit nisl. Donec dapibus id massa in mattis. Nullam iaculis lectus blandit elit accumsan, vitae varius urna placerat. Proin vulputate id ipsum sed suscipit. In quis augue ante.\"]', 'In quis blandit urna. Nam justo dui, posuere ac tortor ac, fermentum cursus odio. Curabitur accumsan felis a iaculis accumsan. Ut mauris erat, vehicula ac ultrices vestibulum, condimentum vitae mi. Nam ut interdum neque. Pellentesque non neque at augue rutrum fringilla vitae quis diam. Maecenas dictum felis quis risus ultricies, id ultricies nibh commodo. Interdum et malesuada fames ac ante ipsum primis in faucibus. In gravida nisl nisl, id bibendum elit commodo sed. Duis non dui feugiat, fringilla neque eu, ultrices nulla. Nullam at dui dignissim, dictum magna eget, dapibus risus. Praesent interdum libero ut nisl dictum, id lacinia libero ornare. Sed vel maximus odio, eu consequat arcu. Proin bibendum massa eleifend magna tincidunt blandit. Sed feugiat purus quam, ut congue tortor condimentum eu.', 'In quis blandit urna. Nam justo dui, posuere ac tortor ac, fermentum cursus odio. Curabitur accumsan felis a iaculis accumsan. Ut mauris erat, vehicula ac ultrices vestibulum, condimentum vitae mi. Nam ut interdum neque. Pellentesque non neque at augue rutrum fringilla vitae quis diam. Maecenas dictum felis quis risus ultricies, id ultricies nibh commodo. Interdum et malesuada fames ac ante ipsum primis in faucibus. In gravida nisl nisl, id bibendum elit commodo sed. Duis non dui feugiat, fringilla neque eu, ultrices nulla. Nullam at dui dignissim, dictum magna eget, dapibus risus. Praesent interdum libero ut nisl dictum, id lacinia libero ornare. Sed vel maximus odio, eu consequat arcu. Proin bibendum massa eleifend magna tincidunt blandit. Sed feugiat purus quam, ut congue tortor condimentum eu.'),
(27, 14, 'Integer eget arcu ac metus luctus finibus.', 'Integer eget arcu ac metus luctus finibus. Curabitur vulputate metus quis dui porta, sed ullamcorper ipsum faucibus. Etiam consequat malesuada vulputate. Nulla bibendum nibh et congue molestie. Cras placerat sapien at augue pulvinar lobortis. Quisque laoreet dignissim leo. Maecenas aliquam, neque non bibendum porttitor, sapien turpis vulputate massa, ut porttitor urna lacus in urna. Vivamus a libero porta, rutrum metus sit amet, venenatis ex. Vivamus interdum felis arcu, at consectetur felis tristique id. Maecenas nec finibus nunc, sit amet posuere leo. Donec non nulla vestibulum, consequat turpis eu, venenatis libero. Nulla in gravida lorem. Aliquam molestie velit ante, in iaculis massa porta nec. Praesent quis aliquet est. Etiam vel blandit lectus, vitae vulputate risus. Nam vitae elit purus.', 'Integer eget arcu ac metus luctus finibus. Curabitur vulputate metus quis dui porta, sed ullamcorper ipsum faucibus. Etiam consequat malesuada vulputate. Nulla bibendum nibh et congue molestie. Cras placerat sapien at augue pulvinar lobortis. Quisque laoreet dignissim leo. Maecenas aliquam, neque non bibendum porttitor, sapien turpis vulputate massa, ut porttitor urna lacus in urna. Vivamus a libero porta, rutrum metus sit amet, venenatis ex. Vivamus interdum felis arcu, at consectetur felis tristique id. Maecenas nec finibus nunc, sit amet posuere leo. Donec non nulla vestibulum, consequat turpis eu, venenatis libero. Nulla in gravida lorem. Aliquam molestie velit ante, in iaculis massa porta nec. Praesent quis aliquet est. Etiam vel blandit lectus, vitae vulputate risus. Nam vitae elit purus.', 'vi', '', '', '[\"Nullam id velit in ipsum porta rhoncus non sed ligula\"]', '[\"Mauris ut mi vitae purus tincidunt mollis. Quisque molestie vitae ipsum non convallis. Mauris facilisis nisi non imperdiet tincidunt. Ut ultricies elit ligula, ut suscipit felis imperdiet ut. Sed vehicula aliquet augue, in porttitor ligula convallis vel. Lorem ipsum dolor sit amet, consectetur adipiscing elit. Nam ultrices diam non suscipit iaculis. Nulla maximus ornare nisl eu finibus. Fusce id turpis ipsum. Maecenas massa massa, pharetra tincidunt sem ut, suscipit tincidunt sapien. Sed at vulputate leo, ut consectetur diam. Donec vestibulum dolor sed aliquam porttitor. In pretium lacus et ipsum pretium, sed aliquam dui feugiat. Aliquam sapien sapien, egestas ut est quis, dapibus iaculis mi.\"]', 'Integer eget arcu ac metus luctus finibus. Curabitur vulputate metus quis dui porta, sed ullamcorper ipsum faucibus. Etiam consequat malesuada vulputate. Nulla bibendum nibh et congue molestie. Cras placerat sapien at augue pulvinar lobortis. Quisque laoreet dignissim leo. Maecenas aliquam, neque non bibendum porttitor, sapien turpis vulputate massa, ut porttitor urna lacus in urna. Vivamus a libero porta, rutrum metus sit amet, venenatis ex. Vivamus interdum felis arcu, at consectetur felis tristique id. Maecenas nec finibus nunc, sit amet posuere leo. Donec non nulla vestibulum, consequat turpis eu, venenatis libero. Nulla in gravida lorem. Aliquam molestie velit ante, in iaculis massa porta nec. Praesent quis aliquet est. Etiam vel blandit lectus, vitae vulputate risus. Nam vitae elit purus.', 'Integer eget arcu ac metus luctus finibus. Curabitur vulputate metus quis dui porta, sed ullamcorper ipsum faucibus. Etiam consequat malesuada vulputate. Nulla bibendum nibh et congue molestie. Cras placerat sapien at augue pulvinar lobortis. Quisque laoreet dignissim leo. Maecenas aliquam, neque non bibendum porttitor, sapien turpis vulputate massa, ut porttitor urna lacus in urna. Vivamus a libero porta, rutrum metus sit amet, venenatis ex. Vivamus interdum felis arcu, at consectetur felis tristique id. Maecenas nec finibus nunc, sit amet posuere leo. Donec non nulla vestibulum, consequat turpis eu, venenatis libero. Nulla in gravida lorem. Aliquam molestie velit ante, in iaculis massa porta nec. Praesent quis aliquet est. Etiam vel blandit lectus, vitae vulputate risus. Nam vitae elit purus.'),
(28, 14, 'Integer eget arcu ac metus luctus finibus.', 'Integer eget arcu ac metus luctus finibus. Curabitur vulputate metus quis dui porta, sed ullamcorper ipsum faucibus. Etiam consequat malesuada vulputate. Nulla bibendum nibh et congue molestie. Cras placerat sapien at augue pulvinar lobortis. Quisque laoreet dignissim leo. Maecenas aliquam, neque non bibendum porttitor, sapien turpis vulputate massa, ut porttitor urna lacus in urna. Vivamus a libero porta, rutrum metus sit amet, venenatis ex. Vivamus interdum felis arcu, at consectetur felis tristique id. Maecenas nec finibus nunc, sit amet posuere leo. Donec non nulla vestibulum, consequat turpis eu, venenatis libero. Nulla in gravida lorem. Aliquam molestie velit ante, in iaculis massa porta nec. Praesent quis aliquet est. Etiam vel blandit lectus, vitae vulputate risus. Nam vitae elit purus.', 'Integer eget arcu ac metus luctus finibus. Curabitur vulputate metus quis dui porta, sed ullamcorper ipsum faucibus. Etiam consequat malesuada vulputate. Nulla bibendum nibh et congue molestie. Cras placerat sapien at augue pulvinar lobortis. Quisque laoreet dignissim leo. Maecenas aliquam, neque non bibendum porttitor, sapien turpis vulputate massa, ut porttitor urna lacus in urna. Vivamus a libero porta, rutrum metus sit amet, venenatis ex. Vivamus interdum felis arcu, at consectetur felis tristique id. Maecenas nec finibus nunc, sit amet posuere leo. Donec non nulla vestibulum, consequat turpis eu, venenatis libero. Nulla in gravida lorem. Aliquam molestie velit ante, in iaculis massa porta nec. Praesent quis aliquet est. Etiam vel blandit lectus, vitae vulputate risus. Nam vitae elit purus.', 'en', '', '', '[\"Nullam id velit in ipsum porta rhoncus non sed ligula\"]', '[\"Mauris ut mi vitae purus tincidunt mollis. Quisque molestie vitae ipsum non convallis. Mauris facilisis nisi non imperdiet tincidunt. Ut ultricies elit ligula, ut suscipit felis imperdiet ut. Sed vehicula aliquet augue, in porttitor ligula convallis vel. Lorem ipsum dolor sit amet, consectetur adipiscing elit. Nam ultrices diam non suscipit iaculis. Nulla maximus ornare nisl eu finibus. Fusce id turpis ipsum. Maecenas massa massa, pharetra tincidunt sem ut, suscipit tincidunt sapien. Sed at vulputate leo, ut consectetur diam. Donec vestibulum dolor sed aliquam porttitor. In pretium lacus et ipsum pretium, sed aliquam dui feugiat. Aliquam sapien sapien, egestas ut est quis, dapibus iaculis mi.\"]', 'Integer eget arcu ac metus luctus finibus. Curabitur vulputate metus quis dui porta, sed ullamcorper ipsum faucibus. Etiam consequat malesuada vulputate. Nulla bibendum nibh et congue molestie. Cras placerat sapien at augue pulvinar lobortis. Quisque laoreet dignissim leo. Maecenas aliquam, neque non bibendum porttitor, sapien turpis vulputate massa, ut porttitor urna lacus in urna. Vivamus a libero porta, rutrum metus sit amet, venenatis ex. Vivamus interdum felis arcu, at consectetur felis tristique id. Maecenas nec finibus nunc, sit amet posuere leo. Donec non nulla vestibulum, consequat turpis eu, venenatis libero. Nulla in gravida lorem. Aliquam molestie velit ante, in iaculis massa porta nec. Praesent quis aliquet est. Etiam vel blandit lectus, vitae vulputate risus. Nam vitae elit purus.', 'Integer eget arcu ac metus luctus finibus. Curabitur vulputate metus quis dui porta, sed ullamcorper ipsum faucibus. Etiam consequat malesuada vulputate. Nulla bibendum nibh et congue molestie. Cras placerat sapien at augue pulvinar lobortis. Quisque laoreet dignissim leo. Maecenas aliquam, neque non bibendum porttitor, sapien turpis vulputate massa, ut porttitor urna lacus in urna. Vivamus a libero porta, rutrum metus sit amet, venenatis ex. Vivamus interdum felis arcu, at consectetur felis tristique id. Maecenas nec finibus nunc, sit amet posuere leo. Donec non nulla vestibulum, consequat turpis eu, venenatis libero. Nulla in gravida lorem. Aliquam molestie velit ante, in iaculis massa porta nec. Praesent quis aliquet est. Etiam vel blandit lectus, vitae vulputate risus. Nam vitae elit purus.'),
(29, 15, 'Lorem ipsum dolor sit amet, consectetur adipiscing elit. Integer at magna rutrum', 'Duis commodo mattis ex, sed hendrerit ipsum mollis quis. Nullam sagittis nibh a nibh faucibus, eget mollis magna blandit. Curabitur semper nulla a rutrum pulvinar. Orci varius natoque penatibus et magnis dis parturient montes, nascetur ridiculus mus. Sed nec maximus ex, vitae scelerisque lorem. Phasellus accumsan ligula at tellus commodo, sit amet commodo ante luctus. Pellentesque et eleifend ligula, in viverra purus. Ut laoreet pulvinar felis eget aliquet.', 'Duis commodo mattis ex, sed hendrerit ipsum mollis quis. Nullam sagittis nibh a nibh faucibus, eget mollis magna blandit. Curabitur semper nulla a rutrum pulvinar. Orci varius natoque penatibus et magnis dis parturient montes, nascetur ridiculus mus. Sed nec maximus ex, vitae scelerisque lorem. Phasellus accumsan ligula at tellus commodo, sit amet commodo ante luctus. Pellentesque et eleifend ligula, in viverra purus. Ut laoreet pulvinar felis eget aliquet.', 'vi', '', '', '[\"Duis viverra sed ex quis tincidunt.\"]', '[\"Vivamus lobortis malesuada consectetur. Aenean non diam vitae dui scelerisque interdum. Donec id lobortis risus. Cras et erat non diam rutrum pharetra. Morbi congue, nibh iaculis tempus tincidunt, dui mi finibus nibh, id maximus orci ex vel erat. Sed non ex sed lectus blandit euismod ut in augue. Donec tortor augue, volutpat et blandit non, tincidunt vel mauris. Class aptent taciti sociosqu ad litora torquent per conubia nostra, per inceptos himenaeos. Etiam finibus gravida odio lacinia tincidunt. Integer bibendum euismod sem, at dapibus quam eleifend quis. Curabitur dolor risus, viverra ut varius vel, mattis convallis lectus. Etiam est urna, euismod vitae tortor vel, feugiat dignissim orci. Integer vehicula in diam quis placerat. Donec vitae accumsan ipsum.\"]', 'Duis commodo mattis ex, sed hendrerit ipsum mollis quis. Nullam sagittis nibh a nibh faucibus, eget mollis magna blandit. Curabitur semper nulla a rutrum pulvinar. Orci varius natoque penatibus et magnis dis parturient montes, nascetur ridiculus mus. Sed nec maximus ex, vitae scelerisque lorem. Phasellus accumsan ligula at tellus commodo, sit amet commodo ante luctus. Pellentesque et eleifend ligula, in viverra purus. Ut laoreet pulvinar felis eget aliquet.', 'Duis commodo mattis ex, sed hendrerit ipsum mollis quis. Nullam sagittis nibh a nibh faucibus, eget mollis magna blandit. Curabitur semper nulla a rutrum pulvinar. Orci varius natoque penatibus et magnis dis parturient montes, nascetur ridiculus mus. Sed nec maximus ex, vitae scelerisque lorem. Phasellus accumsan ligula at tellus commodo, sit amet commodo ante luctus. Pellentesque et eleifend ligula, in viverra purus. Ut laoreet pulvinar felis eget aliquet.'),
(30, 15, 'Lorem ipsum dolor sit amet, consectetur adipiscing elit. Integer at magna rutrum', 'Duis commodo mattis ex, sed hendrerit ipsum mollis quis. Nullam sagittis nibh a nibh faucibus, eget mollis magna blandit. Curabitur semper nulla a rutrum pulvinar. Orci varius natoque penatibus et magnis dis parturient montes, nascetur ridiculus mus. Sed nec maximus ex, vitae scelerisque lorem. Phasellus accumsan ligula at tellus commodo, sit amet commodo ante luctus. Pellentesque et eleifend ligula, in viverra purus. Ut laoreet pulvinar felis eget aliquet.', 'Duis commodo mattis ex, sed hendrerit ipsum mollis quis. Nullam sagittis nibh a nibh faucibus, eget mollis magna blandit. Curabitur semper nulla a rutrum pulvinar. Orci varius natoque penatibus et magnis dis parturient montes, nascetur ridiculus mus. Sed nec maximus ex, vitae scelerisque lorem. Phasellus accumsan ligula at tellus commodo, sit amet commodo ante luctus. Pellentesque et eleifend ligula, in viverra purus. Ut laoreet pulvinar felis eget aliquet.', 'en', '', '', '[\"Duis viverra sed ex quis tincidunt.\"]', '[\"Vivamus lobortis malesuada consectetur. Aenean non diam vitae dui scelerisque interdum. Donec id lobortis risus. Cras et erat non diam rutrum pharetra. Morbi congue, nibh iaculis tempus tincidunt, dui mi finibus nibh, id maximus orci ex vel erat. Sed non ex sed lectus blandit euismod ut in augue. Donec tortor augue, volutpat et blandit non, tincidunt vel mauris. Class aptent taciti sociosqu ad litora torquent per conubia nostra, per inceptos himenaeos. Etiam finibus gravida odio lacinia tincidunt. Integer bibendum euismod sem, at dapibus quam eleifend quis. Curabitur dolor risus, viverra ut varius vel, mattis convallis lectus. Etiam est urna, euismod vitae tortor vel, feugiat dignissim orci. Integer vehicula in diam quis placerat. Donec vitae accumsan ipsum.\"]', 'Duis commodo mattis ex, sed hendrerit ipsum mollis quis. Nullam sagittis nibh a nibh faucibus, eget mollis magna blandit. Curabitur semper nulla a rutrum pulvinar. Orci varius natoque penatibus et magnis dis parturient montes, nascetur ridiculus mus. Sed nec maximus ex, vitae scelerisque lorem. Phasellus accumsan ligula at tellus commodo, sit amet commodo ante luctus. Pellentesque et eleifend ligula, in viverra purus. Ut laoreet pulvinar felis eget aliquet.', 'Duis commodo mattis ex, sed hendrerit ipsum mollis quis. Nullam sagittis nibh a nibh faucibus, eget mollis magna blandit. Curabitur semper nulla a rutrum pulvinar. Orci varius natoque penatibus et magnis dis parturient montes, nascetur ridiculus mus. Sed nec maximus ex, vitae scelerisque lorem. Phasellus accumsan ligula at tellus commodo, sit amet commodo ante luctus. Pellentesque et eleifend ligula, in viverra purus. Ut laoreet pulvinar felis eget aliquet.'),
(31, 16, 'Lorem ipsum dolor sit amet, consectetur adipiscing elit.', 'Proin a risus in nibh egestas tincidunt. Curabitur consequat condimentum placerat. Maecenas sodales risus nisl, nec placerat ipsum mattis eget. Nulla pellentesque massa vel eros ultricies, sed venenatis ligula pellentesque. Vestibulum id blandit ipsum. Quisque eget ipsum a quam consequat pellentesque. Nullam iaculis sagittis nibh, et feugiat nibh congue vitae. Maecenas non nulla maximus, sollicitudin magna at, cursus erat.', 'Proin a risus in nibh egestas tincidunt. Curabitur consequat condimentum placerat. Maecenas sodales risus nisl, nec placerat ipsum mattis eget. Nulla pellentesque massa vel eros ultricies, sed venenatis ligula pellentesque. Vestibulum id blandit ipsum. Quisque eget ipsum a quam consequat pellentesque. Nullam iaculis sagittis nibh, et feugiat nibh congue vitae. Maecenas non nulla maximus, sollicitudin magna at, cursus erat.', 'vi', '', '', '[\"Suspendisse potenti. Maecenas vel pretium tellus.\",\"Cras non erat turpis. Maecenas auctor sed ex non iaculis. \"]', '[\"Vivamus convallis quam vitae mollis elementum. Sed et sapien eu nibh dapibus feugiat. Curabitur turpis arcu, finibus ut est nec, gravida sodales sapien. Integer nunc arcu, mollis non mollis vulputate, commodo a orci. Aenean eu augue ipsum. Phasellus eu augue ligula. Vivamus gravida ligula ac commodo mollis. Proin eget ex ullamcorper, auctor est ac, vestibulum est. Nam viverra iaculis neque vitae tristique. Aenean dictum tortor quis ante dapibus accumsan. Integer a purus malesuada, aliquet augue sit amet, fermentum purus.\",\"Fusce eget mauris sollicitudin massa convallis pharetra. Suspendisse bibendum hendrerit metus, vel feugiat metus egestas eu. Class aptent taciti sociosqu ad litora torquent per conubia nostra, per inceptos himenaeos. Nam vitae dui sodales, lacinia dolor in, vulputate diam. Pellentesque vel lectus est. Cras finibus elementum odio, quis tempor massa tristique eu. Morbi pretium, mi id pellentesque elementum, nunc nunc finibus purus, sit amet tincidunt magna mauris vel ligula. Aliquam at magna sagittis, sollicitudin dolor a, blandit sapien. Cras ligula quam, congue ac dignissim id, porta quis metus. Phasellus hendrerit lorem orci, eu cursus erat ullamcorper et. Mauris eu tempor sapien. Quisque ultrices auctor ornare. Donec nec purus eget justo lacinia fermentum vitae ut orci. Nulla auctor nisl in commodo pharetra.\"]', 'Proin a risus in nibh egestas tincidunt. Curabitur consequat condimentum placerat. Maecenas sodales risus nisl, nec placerat ipsum mattis eget. Nulla pellentesque massa vel eros ultricies, sed venenatis ligula pellentesque. Vestibulum id blandit ipsum. Quisque eget ipsum a quam consequat pellentesque. Nullam iaculis sagittis nibh, et feugiat nibh congue vitae. Maecenas non nulla maximus, sollicitudin magna at, cursus erat.', 'Proin a risus in nibh egestas tincidunt. Curabitur consequat condimentum placerat. Maecenas sodales risus nisl, nec placerat ipsum mattis eget. Nulla pellentesque massa vel eros ultricies, sed venenatis ligula pellentesque. Vestibulum id blandit ipsum. Quisque eget ipsum a quam consequat pellentesque. Nullam iaculis sagittis nibh, et feugiat nibh congue vitae. Maecenas non nulla maximus, sollicitudin magna at, cursus erat.'),
(32, 16, 'Lorem ipsum dolor sit amet, consectetur adipiscing elit.', 'Proin a risus in nibh egestas tincidunt. Curabitur consequat condimentum placerat. Maecenas sodales risus nisl, nec placerat ipsum mattis eget. Nulla pellentesque massa vel eros ultricies, sed venenatis ligula pellentesque. Vestibulum id blandit ipsum. Quisque eget ipsum a quam consequat pellentesque. Nullam iaculis sagittis nibh, et feugiat nibh congue vitae. Maecenas non nulla maximus, sollicitudin magna at, cursus erat.', 'Proin a risus in nibh egestas tincidunt. Curabitur consequat condimentum placerat. Maecenas sodales risus nisl, nec placerat ipsum mattis eget. Nulla pellentesque massa vel eros ultricies, sed venenatis ligula pellentesque. Vestibulum id blandit ipsum. Quisque eget ipsum a quam consequat pellentesque. Nullam iaculis sagittis nibh, et feugiat nibh congue vitae. Maecenas non nulla maximus, sollicitudin magna at, cursus erat.', 'en', '', '', '[\"Suspendisse potenti. Maecenas vel pretium tellus.\",\"Cras non erat turpis. Maecenas auctor sed ex non iaculis. \"]', '[\"Vivamus convallis quam vitae mollis elementum. Sed et sapien eu nibh dapibus feugiat. Curabitur turpis arcu, finibus ut est nec, gravida sodales sapien. Integer nunc arcu, mollis non mollis vulputate, commodo a orci. Aenean eu augue ipsum. Phasellus eu augue ligula. Vivamus gravida ligula ac commodo mollis. Proin eget ex ullamcorper, auctor est ac, vestibulum est. Nam viverra iaculis neque vitae tristique. Aenean dictum tortor quis ante dapibus accumsan. Integer a purus malesuada, aliquet augue sit amet, fermentum purus.\",\"Fusce eget mauris sollicitudin massa convallis pharetra. Suspendisse bibendum hendrerit metus, vel feugiat metus egestas eu. Class aptent taciti sociosqu ad litora torquent per conubia nostra, per inceptos himenaeos. Nam vitae dui sodales, lacinia dolor in, vulputate diam. Pellentesque vel lectus est. Cras finibus elementum odio, quis tempor massa tristique eu. Morbi pretium, mi id pellentesque elementum, nunc nunc finibus purus, sit amet tincidunt magna mauris vel ligula. Aliquam at magna sagittis, sollicitudin dolor a, blandit sapien. Cras ligula quam, congue ac dignissim id, porta quis metus. Phasellus hendrerit lorem orci, eu cursus erat ullamcorper et. Mauris eu tempor sapien. Quisque ultrices auctor ornare. Donec nec purus eget justo lacinia fermentum vitae ut orci. Nulla auctor nisl in commodo pharetra.\"]', 'Proin a risus in nibh egestas tincidunt. Curabitur consequat condimentum placerat. Maecenas sodales risus nisl, nec placerat ipsum mattis eget. Nulla pellentesque massa vel eros ultricies, sed venenatis ligula pellentesque. Vestibulum id blandit ipsum. Quisque eget ipsum a quam consequat pellentesque. Nullam iaculis sagittis nibh, et feugiat nibh congue vitae. Maecenas non nulla maximus, sollicitudin magna at, cursus erat.', 'Proin a risus in nibh egestas tincidunt. Curabitur consequat condimentum placerat. Maecenas sodales risus nisl, nec placerat ipsum mattis eget. Nulla pellentesque massa vel eros ultricies, sed venenatis ligula pellentesque. Vestibulum id blandit ipsum. Quisque eget ipsum a quam consequat pellentesque. Nullam iaculis sagittis nibh, et feugiat nibh congue vitae. Maecenas non nulla maximus, sollicitudin magna at, cursus erat.'),
(33, 17, 'Lorem Ipsum', 'Lorem ipsum dolor sit amet, consectetur adipiscing elit. Fusce congue ipsum metus, eget aliquet nibh mattis sit amet. Suspendisse sit amet nibh leo. Pellentesque rhoncus enim sit amet mollis pulvinar. Nunc lobortis, mauris non semper commodo, mi ipsum vehicula massa, ac commodo magna risus eu libero. Class aptent taciti sociosqu ad litora torquent per conubia nostra, per inceptos himenaeos. Aliquam eu lectus orci. Nam semper odio dui, quis vehicula sem pellentesque eu. Nulla tempus purus nec ex ullamcorper viverra in et mi. Curabitur vestibulum faucibus ligula ut pulvinar. Sed id massa eu enim vestibulum porta. Sed ac magna a odio luctus pretium. Etiam vel rutrum tellus, quis eleifend nisi. Fusce et pulvinar quam. Etiam imperdiet urna ut risus sodales venenatis. Mauris dapibus elit neque, vitae rutrum ante euismod eu.', 'Lorem ipsum dolor sit amet, consectetur adipiscing elit. Fusce congue ipsum metus, eget aliquet nibh mattis sit amet. Suspendisse sit amet nibh leo. Pellentesque rhoncus enim sit amet mollis pulvinar. Nunc lobortis, mauris non semper commodo, mi ipsum vehicula massa, ac commodo magna risus eu libero. Class aptent taciti sociosqu ad litora torquent per conubia nostra, per inceptos himenaeos. Aliquam eu lectus orci. Nam semper odio dui, quis vehicula sem pellentesque eu. Nulla tempus purus nec ex ullamcorper viverra in et mi. Curabitur vestibulum faucibus ligula ut pulvinar. Sed id massa eu enim vestibulum porta. Sed ac magna a odio luctus pretium. Etiam vel rutrum tellus, quis eleifend nisi. Fusce et pulvinar quam. Etiam imperdiet urna ut risus sodales venenatis. Mauris dapibus elit neque, vitae rutrum ante euismod eu.', 'vi', '', '', '[\"Lorem ipsum\"]', '[\"Lorem ipsum dolor sit amet, consectetur adipiscing elit. Fusce congue ipsum metus, eget aliquet nibh mattis sit amet. Suspendisse sit amet nibh leo. Pellentesque rhoncus enim sit amet mollis pulvinar. Nunc lobortis, mauris non semper commodo, mi ipsum vehicula massa, ac commodo magna risus eu libero. Class aptent taciti sociosqu ad litora torquent per conubia nostra, per inceptos himenaeos. Aliquam eu lectus orci. Nam semper odio dui, quis vehicula sem pellentesque eu. Nulla tempus purus nec ex ullamcorper viverra in et mi. Curabitur vestibulum faucibus ligula ut pulvinar. Sed id massa eu enim vestibulum porta. Sed ac magna a odio luctus pretium. Etiam vel rutrum tellus, quis eleifend nisi. Fusce et pulvinar quam. Etiam imperdiet urna ut risus sodales venenatis. Mauris dapibus elit neque, vitae rutrum ante euismod eu.\"]', 'Lorem ipsum dolor sit amet, consectetur adipiscing elit. Fusce congue ipsum metus, eget aliquet nibh mattis sit amet. Suspendisse sit amet nibh leo. Pellentesque rhoncus enim sit amet mollis pulvinar. Nunc lobortis, mauris non semper commodo, mi ipsum vehicula massa, ac commodo magna risus eu libero. Class aptent taciti sociosqu ad litora torquent per conubia nostra, per inceptos himenaeos. Aliquam eu lectus orci. Nam semper odio dui, quis vehicula sem pellentesque eu. Nulla tempus purus nec ex ullamcorper viverra in et mi. Curabitur vestibulum faucibus ligula ut pulvinar. Sed id massa eu enim vestibulum porta. Sed ac magna a odio luctus pretium. Etiam vel rutrum tellus, quis eleifend nisi. Fusce et pulvinar quam. Etiam imperdiet urna ut risus sodales venenatis. Mauris dapibus elit neque, vitae rutrum ante euismod eu.', 'Lorem ipsum dolor sit amet, consectetur adipiscing elit. Fusce congue ipsum metus, eget aliquet nibh mattis sit amet. Suspendisse sit amet nibh leo. Pellentesque rhoncus enim sit amet mollis pulvinar. Nunc lobortis, mauris non semper commodo, mi ipsum vehicula massa, ac commodo magna risus eu libero. Class aptent taciti sociosqu ad litora torquent per conubia nostra, per inceptos himenaeos. Aliquam eu lectus orci. Nam semper odio dui, quis vehicula sem pellentesque eu. Nulla tempus purus nec ex ullamcorper viverra in et mi. Curabitur vestibulum faucibus ligula ut pulvinar. Sed id massa eu enim vestibulum porta. Sed ac magna a odio luctus pretium. Etiam vel rutrum tellus, quis eleifend nisi. Fusce et pulvinar quam. Etiam imperdiet urna ut risus sodales venenatis. Mauris dapibus elit neque, vitae rutrum ante euismod eu.');
INSERT INTO `product_lang` (`id`, `product_id`, `title`, `description`, `content`, `language`, `metakeywords`, `metadescription`, `datetitle`, `datecontent`, `tripnodes`, `detailsprice`) VALUES
(34, 17, 'Lorem Ipsum', 'Lorem ipsum dolor sit amet, consectetur adipiscing elit. Fusce congue ipsum metus, eget aliquet nibh mattis sit amet. Suspendisse sit amet nibh leo. Pellentesque rhoncus enim sit amet mollis pulvinar. Nunc lobortis, mauris non semper commodo, mi ipsum vehicula massa, ac commodo magna risus eu libero. Class aptent taciti sociosqu ad litora torquent per conubia nostra, per inceptos himenaeos. Aliquam eu lectus orci. Nam semper odio dui, quis vehicula sem pellentesque eu. Nulla tempus purus nec ex ullamcorper viverra in et mi. Curabitur vestibulum faucibus ligula ut pulvinar. Sed id massa eu enim vestibulum porta. Sed ac magna a odio luctus pretium. Etiam vel rutrum tellus, quis eleifend nisi. Fusce et pulvinar quam. Etiam imperdiet urna ut risus sodales venenatis. Mauris dapibus elit neque, vitae rutrum ante euismod eu.', 'Lorem ipsum dolor sit amet, consectetur adipiscing elit. Fusce congue ipsum metus, eget aliquet nibh mattis sit amet. Suspendisse sit amet nibh leo. Pellentesque rhoncus enim sit amet mollis pulvinar. Nunc lobortis, mauris non semper commodo, mi ipsum vehicula massa, ac commodo magna risus eu libero. Class aptent taciti sociosqu ad litora torquent per conubia nostra, per inceptos himenaeos. Aliquam eu lectus orci. Nam semper odio dui, quis vehicula sem pellentesque eu. Nulla tempus purus nec ex ullamcorper viverra in et mi. Curabitur vestibulum faucibus ligula ut pulvinar. Sed id massa eu enim vestibulum porta. Sed ac magna a odio luctus pretium. Etiam vel rutrum tellus, quis eleifend nisi. Fusce et pulvinar quam. Etiam imperdiet urna ut risus sodales venenatis. Mauris dapibus elit neque, vitae rutrum ante euismod eu.', 'en', '', '', '[\"Lorem ipsum\"]', '[\"Lorem ipsum dolor sit amet, consectetur adipiscing elit. Fusce congue ipsum metus, eget aliquet nibh mattis sit amet. Suspendisse sit amet nibh leo. Pellentesque rhoncus enim sit amet mollis pulvinar. Nunc lobortis, mauris non semper commodo, mi ipsum vehicula massa, ac commodo magna risus eu libero. Class aptent taciti sociosqu ad litora torquent per conubia nostra, per inceptos himenaeos. Aliquam eu lectus orci. Nam semper odio dui, quis vehicula sem pellentesque eu. Nulla tempus purus nec ex ullamcorper viverra in et mi. Curabitur vestibulum faucibus ligula ut pulvinar. Sed id massa eu enim vestibulum porta. Sed ac magna a odio luctus pretium. Etiam vel rutrum tellus, quis eleifend nisi. Fusce et pulvinar quam. Etiam imperdiet urna ut risus sodales venenatis. Mauris dapibus elit neque, vitae rutrum ante euismod eu.\"]', 'Lorem ipsum dolor sit amet, consectetur adipiscing elit. Fusce congue ipsum metus, eget aliquet nibh mattis sit amet. Suspendisse sit amet nibh leo. Pellentesque rhoncus enim sit amet mollis pulvinar. Nunc lobortis, mauris non semper commodo, mi ipsum vehicula massa, ac commodo magna risus eu libero. Class aptent taciti sociosqu ad litora torquent per conubia nostra, per inceptos himenaeos. Aliquam eu lectus orci. Nam semper odio dui, quis vehicula sem pellentesque eu. Nulla tempus purus nec ex ullamcorper viverra in et mi. Curabitur vestibulum faucibus ligula ut pulvinar. Sed id massa eu enim vestibulum porta. Sed ac magna a odio luctus pretium. Etiam vel rutrum tellus, quis eleifend nisi. Fusce et pulvinar quam. Etiam imperdiet urna ut risus sodales venenatis. Mauris dapibus elit neque, vitae rutrum ante euismod eu.', 'Lorem ipsum dolor sit amet, consectetur adipiscing elit. Fusce congue ipsum metus, eget aliquet nibh mattis sit amet. Suspendisse sit amet nibh leo. Pellentesque rhoncus enim sit amet mollis pulvinar. Nunc lobortis, mauris non semper commodo, mi ipsum vehicula massa, ac commodo magna risus eu libero. Class aptent taciti sociosqu ad litora torquent per conubia nostra, per inceptos himenaeos. Aliquam eu lectus orci. Nam semper odio dui, quis vehicula sem pellentesque eu. Nulla tempus purus nec ex ullamcorper viverra in et mi. Curabitur vestibulum faucibus ligula ut pulvinar. Sed id massa eu enim vestibulum porta. Sed ac magna a odio luctus pretium. Etiam vel rutrum tellus, quis eleifend nisi. Fusce et pulvinar quam. Etiam imperdiet urna ut risus sodales venenatis. Mauris dapibus elit neque, vitae rutrum ante euismod eu.'),
(35, 18, 'Lorem ipsum dolor sit amet', 'Integer commodo, est ut pharetra viverra, neque ex elementum ipsum, et aliquet risus purus sed elit. Curabitur magna erat, egestas id tellus a, venenatis imperdiet diam. Proin tempus, mi sit amet efficitur iaculis, dui dui congue ipsum, vel pharetra est enim vel urna. Ut mattis odio accumsan eros venenatis gravida. Mauris tincidunt elit eu quam dapibus elementum. Curabitur purus nunc, fringilla vitae pellentesque ut, luctus porttitor urna. Nulla tempor tincidunt tellus, ac molestie libero sodales vitae. Ut tempus erat at diam accumsan, finibus fringilla magna commodo. Mauris consectetur sit amet eros eget dapibus. Nulla molestie viverra lorem a blandit. Cras vel diam imperdiet, tristique ligula ut, rutrum justo. Donec eu iaculis elit. Ut non ligula luctus, tincidunt sapien a, tincidunt enim.', 'Integer commodo, est ut pharetra viverra, neque ex elementum ipsum, et aliquet risus purus sed elit. Curabitur magna erat, egestas id tellus a, venenatis imperdiet diam. Proin tempus, mi sit amet efficitur iaculis, dui dui congue ipsum, vel pharetra est enim vel urna. Ut mattis odio accumsan eros venenatis gravida. Mauris tincidunt elit eu quam dapibus elementum. Curabitur purus nunc, fringilla vitae pellentesque ut, luctus porttitor urna. Nulla tempor tincidunt tellus, ac molestie libero sodales vitae. Ut tempus erat at diam accumsan, finibus fringilla magna commodo. Mauris consectetur sit amet eros eget dapibus. Nulla molestie viverra lorem a blandit. Cras vel diam imperdiet, tristique ligula ut, rutrum justo. Donec eu iaculis elit. Ut non ligula luctus, tincidunt sapien a, tincidunt enim.', 'vi', '', '', '[\"Etiam accumsan felis eros, quis tristique mi rutrum nec\"]', '[\"Fusce ultrices risus vel maximus elementum. Maecenas eget massa tempus, malesuada ex eget, vestibulum urna. Quisque mattis metus in nibh imperdiet venenatis. Vestibulum vehicula vel turpis quis eleifend. Donec lorem ex, venenatis ac consequat a, dapibus vehicula velit. In rutrum sem in mauris fringilla tempor. Class aptent taciti sociosqu ad litora torquent per conubia nostra, per inceptos himenaeos. Sed vel diam at ligula tincidunt congue. Duis dapibus ultrices velit quis aliquet. Phasellus eu porta sem, id laoreet velit. Curabitur quis ligula non ante rutrum bibendum et quis ipsum.\"]', 'Integer commodo, est ut pharetra viverra, neque ex elementum ipsum, et aliquet risus purus sed elit. Curabitur magna erat, egestas id tellus a, venenatis imperdiet diam. Proin tempus, mi sit amet efficitur iaculis, dui dui congue ipsum, vel pharetra est enim vel urna. Ut mattis odio accumsan eros venenatis gravida. Mauris tincidunt elit eu quam dapibus elementum. Curabitur purus nunc, fringilla vitae pellentesque ut, luctus porttitor urna. Nulla tempor tincidunt tellus, ac molestie libero sodales vitae. Ut tempus erat at diam accumsan, finibus fringilla magna commodo. Mauris consectetur sit amet eros eget dapibus. Nulla molestie viverra lorem a blandit. Cras vel diam imperdiet, tristique ligula ut, rutrum justo. Donec eu iaculis elit. Ut non ligula luctus, tincidunt sapien a, tincidunt enim.', 'Integer commodo, est ut pharetra viverra, neque ex elementum ipsum, et aliquet risus purus sed elit. Curabitur magna erat, egestas id tellus a, venenatis imperdiet diam. Proin tempus, mi sit amet efficitur iaculis, dui dui congue ipsum, vel pharetra est enim vel urna. Ut mattis odio accumsan eros venenatis gravida. Mauris tincidunt elit eu quam dapibus elementum. Curabitur purus nunc, fringilla vitae pellentesque ut, luctus porttitor urna. Nulla tempor tincidunt tellus, ac molestie libero sodales vitae. Ut tempus erat at diam accumsan, finibus fringilla magna commodo. Mauris consectetur sit amet eros eget dapibus. Nulla molestie viverra lorem a blandit. Cras vel diam imperdiet, tristique ligula ut, rutrum justo. Donec eu iaculis elit. Ut non ligula luctus, tincidunt sapien a, tincidunt enim.'),
(36, 18, 'Lorem ipsum dolor sit amet', 'Integer commodo, est ut pharetra viverra, neque ex elementum ipsum, et aliquet risus purus sed elit. Curabitur magna erat, egestas id tellus a, venenatis imperdiet diam. Proin tempus, mi sit amet efficitur iaculis, dui dui congue ipsum, vel pharetra est enim vel urna. Ut mattis odio accumsan eros venenatis gravida. Mauris tincidunt elit eu quam dapibus elementum. Curabitur purus nunc, fringilla vitae pellentesque ut, luctus porttitor urna. Nulla tempor tincidunt tellus, ac molestie libero sodales vitae. Ut tempus erat at diam accumsan, finibus fringilla magna commodo. Mauris consectetur sit amet eros eget dapibus. Nulla molestie viverra lorem a blandit. Cras vel diam imperdiet, tristique ligula ut, rutrum justo. Donec eu iaculis elit. Ut non ligula luctus, tincidunt sapien a, tincidunt enim.', 'Integer commodo, est ut pharetra viverra, neque ex elementum ipsum, et aliquet risus purus sed elit. Curabitur magna erat, egestas id tellus a, venenatis imperdiet diam. Proin tempus, mi sit amet efficitur iaculis, dui dui congue ipsum, vel pharetra est enim vel urna. Ut mattis odio accumsan eros venenatis gravida. Mauris tincidunt elit eu quam dapibus elementum. Curabitur purus nunc, fringilla vitae pellentesque ut, luctus porttitor urna. Nulla tempor tincidunt tellus, ac molestie libero sodales vitae. Ut tempus erat at diam accumsan, finibus fringilla magna commodo. Mauris consectetur sit amet eros eget dapibus. Nulla molestie viverra lorem a blandit. Cras vel diam imperdiet, tristique ligula ut, rutrum justo. Donec eu iaculis elit. Ut non ligula luctus, tincidunt sapien a, tincidunt enim.', 'en', '', '', '[\"Etiam accumsan felis eros, quis tristique mi rutrum nec\"]', '[\"Fusce ultrices risus vel maximus elementum. Maecenas eget massa tempus, malesuada ex eget, vestibulum urna. Quisque mattis metus in nibh imperdiet venenatis. Vestibulum vehicula vel turpis quis eleifend. Donec lorem ex, venenatis ac consequat a, dapibus vehicula velit. In rutrum sem in mauris fringilla tempor. Class aptent taciti sociosqu ad litora torquent per conubia nostra, per inceptos himenaeos. Sed vel diam at ligula tincidunt congue. Duis dapibus ultrices velit quis aliquet. Phasellus eu porta sem, id laoreet velit. Curabitur quis ligula non ante rutrum bibendum et quis ipsum.\"]', 'Integer commodo, est ut pharetra viverra, neque ex elementum ipsum, et aliquet risus purus sed elit. Curabitur magna erat, egestas id tellus a, venenatis imperdiet diam. Proin tempus, mi sit amet efficitur iaculis, dui dui congue ipsum, vel pharetra est enim vel urna. Ut mattis odio accumsan eros venenatis gravida. Mauris tincidunt elit eu quam dapibus elementum. Curabitur purus nunc, fringilla vitae pellentesque ut, luctus porttitor urna. Nulla tempor tincidunt tellus, ac molestie libero sodales vitae. Ut tempus erat at diam accumsan, finibus fringilla magna commodo. Mauris consectetur sit amet eros eget dapibus. Nulla molestie viverra lorem a blandit. Cras vel diam imperdiet, tristique ligula ut, rutrum justo. Donec eu iaculis elit. Ut non ligula luctus, tincidunt sapien a, tincidunt enim.', 'Integer commodo, est ut pharetra viverra, neque ex elementum ipsum, et aliquet risus purus sed elit. Curabitur magna erat, egestas id tellus a, venenatis imperdiet diam. Proin tempus, mi sit amet efficitur iaculis, dui dui congue ipsum, vel pharetra est enim vel urna. Ut mattis odio accumsan eros venenatis gravida. Mauris tincidunt elit eu quam dapibus elementum. Curabitur purus nunc, fringilla vitae pellentesque ut, luctus porttitor urna. Nulla tempor tincidunt tellus, ac molestie libero sodales vitae. Ut tempus erat at diam accumsan, finibus fringilla magna commodo. Mauris consectetur sit amet eros eget dapibus. Nulla molestie viverra lorem a blandit. Cras vel diam imperdiet, tristique ligula ut, rutrum justo. Donec eu iaculis elit. Ut non ligula luctus, tincidunt sapien a, tincidunt enim.'),
(37, 19, 'Quisque volutpat hendrerit est', 'Maecenas sapien augue, placerat eu lobortis id, maximus et felis. Sed pharetra ex suscipit neque maximus, vitae posuere libero porttitor. Nullam volutpat tortor vitae auctor fermentum. Proin ac dictum odio. Curabitur eget ex nulla. Nunc quis ante et nisl venenatis lacinia ut sit amet augue. Cras accumsan, est ut scelerisque tincidunt, neque magna dictum augue, eu facilisis magna lectus vel enim. Cras eu nulla vel ante aliquam condimentum a non ex. Donec vitae elit in velit semper suscipit. Nulla elit est, aliquam sed tincidunt at, posuere at diam. Praesent euismod, nisi non varius ornare, urna ligula vestibulum mauris, id sagittis leo erat vitae orci. Etiam ipsum orci, mattis ac felis ac, cursus posuere sapien. Mauris tellus magna, efficitur nec augue et, convallis rutrum lacus. Integer pharetra, tortor vel venenatis tincidunt, neque odio venenatis neque, quis euismod ligula tortor eu orci.', 'Maecenas sapien augue, placerat eu lobortis id, maximus et felis. Sed pharetra ex suscipit neque maximus, vitae posuere libero porttitor. Nullam volutpat tortor vitae auctor fermentum. Proin ac dictum odio. Curabitur eget ex nulla. Nunc quis ante et nisl venenatis lacinia ut sit amet augue. Cras accumsan, est ut scelerisque tincidunt, neque magna dictum augue, eu facilisis magna lectus vel enim. Cras eu nulla vel ante aliquam condimentum a non ex. Donec vitae elit in velit semper suscipit. Nulla elit est, aliquam sed tincidunt at, posuere at diam. Praesent euismod, nisi non varius ornare, urna ligula vestibulum mauris, id sagittis leo erat vitae orci. Etiam ipsum orci, mattis ac felis ac, cursus posuere sapien. Mauris tellus magna, efficitur nec augue et, convallis rutrum lacus. Integer pharetra, tortor vel venenatis tincidunt, neque odio venenatis neque, quis euismod ligula tortor eu orci.', 'vi', '', '', '[\"Aliquam accumsan, nisl id congue dictum\"]', '[\"Pellentesque habitant morbi tristique senectus et netus et malesuada fames ac turpis egestas. Donec non elit fermentum sem ultrices gravida. Interdum et malesuada fames ac ante ipsum primis in faucibus. Class aptent taciti sociosqu ad litora torquent per conubia nostra, per inceptos himenaeos. Fusce diam eros, pretium nec nibh nec, semper tincidunt nisl. Fusce non turpis ac magna interdum pellentesque. Nulla nec felis pharetra, accumsan justo accumsan, feugiat mauris. Suspendisse at auctor nibh.\"]', 'Maecenas sapien augue, placerat eu lobortis id, maximus et felis. Sed pharetra ex suscipit neque maximus, vitae posuere libero porttitor. Nullam volutpat tortor vitae auctor fermentum. Proin ac dictum odio. Curabitur eget ex nulla. Nunc quis ante et nisl venenatis lacinia ut sit amet augue. Cras accumsan, est ut scelerisque tincidunt, neque magna dictum augue, eu facilisis magna lectus vel enim. Cras eu nulla vel ante aliquam condimentum a non ex. Donec vitae elit in velit semper suscipit. Nulla elit est, aliquam sed tincidunt at, posuere at diam. Praesent euismod, nisi non varius ornare, urna ligula vestibulum mauris, id sagittis leo erat vitae orci. Etiam ipsum orci, mattis ac felis ac, cursus posuere sapien. Mauris tellus magna, efficitur nec augue et, convallis rutrum lacus. Integer pharetra, tortor vel venenatis tincidunt, neque odio venenatis neque, quis euismod ligula tortor eu orci.', 'Maecenas sapien augue, placerat eu lobortis id, maximus et felis. Sed pharetra ex suscipit neque maximus, vitae posuere libero porttitor. Nullam volutpat tortor vitae auctor fermentum. Proin ac dictum odio. Curabitur eget ex nulla. Nunc quis ante et nisl venenatis lacinia ut sit amet augue. Cras accumsan, est ut scelerisque tincidunt, neque magna dictum augue, eu facilisis magna lectus vel enim. Cras eu nulla vel ante aliquam condimentum a non ex. Donec vitae elit in velit semper suscipit. Nulla elit est, aliquam sed tincidunt at, posuere at diam. Praesent euismod, nisi non varius ornare, urna ligula vestibulum mauris, id sagittis leo erat vitae orci. Etiam ipsum orci, mattis ac felis ac, cursus posuere sapien. Mauris tellus magna, efficitur nec augue et, convallis rutrum lacus. Integer pharetra, tortor vel venenatis tincidunt, neque odio venenatis neque, quis euismod ligula tortor eu orci.'),
(38, 19, 'Quisque volutpat hendrerit est', 'Maecenas sapien augue, placerat eu lobortis id, maximus et felis. Sed pharetra ex suscipit neque maximus, vitae posuere libero porttitor. Nullam volutpat tortor vitae auctor fermentum. Proin ac dictum odio. Curabitur eget ex nulla. Nunc quis ante et nisl venenatis lacinia ut sit amet augue. Cras accumsan, est ut scelerisque tincidunt, neque magna dictum augue, eu facilisis magna lectus vel enim. Cras eu nulla vel ante aliquam condimentum a non ex. Donec vitae elit in velit semper suscipit. Nulla elit est, aliquam sed tincidunt at, posuere at diam. Praesent euismod, nisi non varius ornare, urna ligula vestibulum mauris, id sagittis leo erat vitae orci. Etiam ipsum orci, mattis ac felis ac, cursus posuere sapien. Mauris tellus magna, efficitur nec augue et, convallis rutrum lacus. Integer pharetra, tortor vel venenatis tincidunt, neque odio venenatis neque, quis euismod ligula tortor eu orci.', 'Maecenas sapien augue, placerat eu lobortis id, maximus et felis. Sed pharetra ex suscipit neque maximus, vitae posuere libero porttitor. Nullam volutpat tortor vitae auctor fermentum. Proin ac dictum odio. Curabitur eget ex nulla. Nunc quis ante et nisl venenatis lacinia ut sit amet augue. Cras accumsan, est ut scelerisque tincidunt, neque magna dictum augue, eu facilisis magna lectus vel enim. Cras eu nulla vel ante aliquam condimentum a non ex. Donec vitae elit in velit semper suscipit. Nulla elit est, aliquam sed tincidunt at, posuere at diam. Praesent euismod, nisi non varius ornare, urna ligula vestibulum mauris, id sagittis leo erat vitae orci. Etiam ipsum orci, mattis ac felis ac, cursus posuere sapien. Mauris tellus magna, efficitur nec augue et, convallis rutrum lacus. Integer pharetra, tortor vel venenatis tincidunt, neque odio venenatis neque, quis euismod ligula tortor eu orci.', 'en', '', '', '[\"Aliquam accumsan, nisl id congue dictum\"]', '[\"Pellentesque habitant morbi tristique senectus et netus et malesuada fames ac turpis egestas. Donec non elit fermentum sem ultrices gravida. Interdum et malesuada fames ac ante ipsum primis in faucibus. Class aptent taciti sociosqu ad litora torquent per conubia nostra, per inceptos himenaeos. Fusce diam eros, pretium nec nibh nec, semper tincidunt nisl. Fusce non turpis ac magna interdum pellentesque. Nulla nec felis pharetra, accumsan justo accumsan, feugiat mauris. Suspendisse at auctor nibh.\"]', 'Maecenas sapien augue, placerat eu lobortis id, maximus et felis. Sed pharetra ex suscipit neque maximus, vitae posuere libero porttitor. Nullam volutpat tortor vitae auctor fermentum. Proin ac dictum odio. Curabitur eget ex nulla. Nunc quis ante et nisl venenatis lacinia ut sit amet augue. Cras accumsan, est ut scelerisque tincidunt, neque magna dictum augue, eu facilisis magna lectus vel enim. Cras eu nulla vel ante aliquam condimentum a non ex. Donec vitae elit in velit semper suscipit. Nulla elit est, aliquam sed tincidunt at, posuere at diam. Praesent euismod, nisi non varius ornare, urna ligula vestibulum mauris, id sagittis leo erat vitae orci. Etiam ipsum orci, mattis ac felis ac, cursus posuere sapien. Mauris tellus magna, efficitur nec augue et, convallis rutrum lacus. Integer pharetra, tortor vel venenatis tincidunt, neque odio venenatis neque, quis euismod ligula tortor eu orci.', 'Maecenas sapien augue, placerat eu lobortis id, maximus et felis. Sed pharetra ex suscipit neque maximus, vitae posuere libero porttitor. Nullam volutpat tortor vitae auctor fermentum. Proin ac dictum odio. Curabitur eget ex nulla. Nunc quis ante et nisl venenatis lacinia ut sit amet augue. Cras accumsan, est ut scelerisque tincidunt, neque magna dictum augue, eu facilisis magna lectus vel enim. Cras eu nulla vel ante aliquam condimentum a non ex. Donec vitae elit in velit semper suscipit. Nulla elit est, aliquam sed tincidunt at, posuere at diam. Praesent euismod, nisi non varius ornare, urna ligula vestibulum mauris, id sagittis leo erat vitae orci. Etiam ipsum orci, mattis ac felis ac, cursus posuere sapien. Mauris tellus magna, efficitur nec augue et, convallis rutrum lacus. Integer pharetra, tortor vel venenatis tincidunt, neque odio venenatis neque, quis euismod ligula tortor eu orci.'),
(39, 20, 'Sed in mi in ligula semper gravida in eget neque', 'Nunc eget tempor mauris. Suspendisse vitae nisl diam. Phasellus et lectus tincidunt, sagittis eros id, aliquet sem. Pellentesque in urna dui. Nunc a diam sit amet elit tempor eleifend nec sit amet quam. Morbi eu risus ac ex viverra tempor sed in elit. Praesent placerat auctor diam ut rutrum. Sed vulputate et ex ut interdum. Proin at fringilla nibh. Morbi ullamcorper scelerisque dui quis scelerisque.', 'Nunc eget tempor mauris. Suspendisse vitae nisl diam. Phasellus et lectus tincidunt, sagittis eros id, aliquet sem. Pellentesque in urna dui. Nunc a diam sit amet elit tempor eleifend nec sit amet quam. Morbi eu risus ac ex viverra tempor sed in elit. Praesent placerat auctor diam ut rutrum. Sed vulputate et ex ut interdum. Proin at fringilla nibh. Morbi ullamcorper scelerisque dui quis scelerisque.', 'vi', '', '', '[\"Nunc consequat vehicula viverra\"]', '[\"Donec varius rhoncus dui, et ornare ex efficitur eget. Nunc lacus massa, tincidunt vel porttitor eu, pulvinar eget nibh. Praesent rutrum, tellus non feugiat gravida, urna metus molestie lorem, eget accumsan massa massa rhoncus lectus. Sed imperdiet dolor arcu, ac malesuada sapien sodales et. Cras tempor odio quis est bibendum efficitur. Nunc non dui aliquam, pulvinar nibh quis, commodo quam. Nam posuere odio et hendrerit vestibulum. Donec sit amet ornare lectus. Sed pulvinar purus mauris. Pellentesque in quam non tellus viverra convallis quis et arcu. Nulla gravida sodales turpis ut rutrum. Cras suscipit diam quis orci blandit efficitur.\"]', 'Nunc eget tempor mauris. Suspendisse vitae nisl diam. Phasellus et lectus tincidunt, sagittis eros id, aliquet sem. Pellentesque in urna dui. Nunc a diam sit amet elit tempor eleifend nec sit amet quam. Morbi eu risus ac ex viverra tempor sed in elit. Praesent placerat auctor diam ut rutrum. Sed vulputate et ex ut interdum. Proin at fringilla nibh. Morbi ullamcorper scelerisque dui quis scelerisque.', 'Nunc eget tempor mauris. Suspendisse vitae nisl diam. Phasellus et lectus tincidunt, sagittis eros id, aliquet sem. Pellentesque in urna dui. Nunc a diam sit amet elit tempor eleifend nec sit amet quam. Morbi eu risus ac ex viverra tempor sed in elit. Praesent placerat auctor diam ut rutrum. Sed vulputate et ex ut interdum. Proin at fringilla nibh. Morbi ullamcorper scelerisque dui quis scelerisque.'),
(40, 20, 'Sed in mi in ligula semper gravida in eget neque', 'Nunc eget tempor mauris. Suspendisse vitae nisl diam. Phasellus et lectus tincidunt, sagittis eros id, aliquet sem. Pellentesque in urna dui. Nunc a diam sit amet elit tempor eleifend nec sit amet quam. Morbi eu risus ac ex viverra tempor sed in elit. Praesent placerat auctor diam ut rutrum. Sed vulputate et ex ut interdum. Proin at fringilla nibh. Morbi ullamcorper scelerisque dui quis scelerisque.', 'Nunc eget tempor mauris. Suspendisse vitae nisl diam. Phasellus et lectus tincidunt, sagittis eros id, aliquet sem. Pellentesque in urna dui. Nunc a diam sit amet elit tempor eleifend nec sit amet quam. Morbi eu risus ac ex viverra tempor sed in elit. Praesent placerat auctor diam ut rutrum. Sed vulputate et ex ut interdum. Proin at fringilla nibh. Morbi ullamcorper scelerisque dui quis scelerisque.', 'en', '', '', '[\"Nunc consequat vehicula viverra\"]', '[\"Donec varius rhoncus dui, et ornare ex efficitur eget. Nunc lacus massa, tincidunt vel porttitor eu, pulvinar eget nibh. Praesent rutrum, tellus non feugiat gravida, urna metus molestie lorem, eget accumsan massa massa rhoncus lectus. Sed imperdiet dolor arcu, ac malesuada sapien sodales et. Cras tempor odio quis est bibendum efficitur. Nunc non dui aliquam, pulvinar nibh quis, commodo quam. Nam posuere odio et hendrerit vestibulum. Donec sit amet ornare lectus. Sed pulvinar purus mauris. Pellentesque in quam non tellus viverra convallis quis et arcu. Nulla gravida sodales turpis ut rutrum. Cras suscipit diam quis orci blandit efficitur.\"]', 'Nunc eget tempor mauris. Suspendisse vitae nisl diam. Phasellus et lectus tincidunt, sagittis eros id, aliquet sem. Pellentesque in urna dui. Nunc a diam sit amet elit tempor eleifend nec sit amet quam. Morbi eu risus ac ex viverra tempor sed in elit. Praesent placerat auctor diam ut rutrum. Sed vulputate et ex ut interdum. Proin at fringilla nibh. Morbi ullamcorper scelerisque dui quis scelerisque.', 'Nunc eget tempor mauris. Suspendisse vitae nisl diam. Phasellus et lectus tincidunt, sagittis eros id, aliquet sem. Pellentesque in urna dui. Nunc a diam sit amet elit tempor eleifend nec sit amet quam. Morbi eu risus ac ex viverra tempor sed in elit. Praesent placerat auctor diam ut rutrum. Sed vulputate et ex ut interdum. Proin at fringilla nibh. Morbi ullamcorper scelerisque dui quis scelerisque.'),
(41, 21, 'Sed in mi in ligula semper gravida in eget neque', 'Nunc eget tempor mauris. Suspendisse vitae nisl diam. Phasellus et lectus tincidunt, sagittis eros id, aliquet sem. Pellentesque in urna dui. Nunc a diam sit amet elit tempor eleifend nec sit amet quam. Morbi eu risus ac ex viverra tempor sed in elit. Praesent placerat auctor diam ut rutrum. Sed vulputate et ex ut interdum. Proin at fringilla nibh. Morbi ullamcorper scelerisque dui quis scelerisque.', 'Nunc eget tempor mauris. Suspendisse vitae nisl diam. Phasellus et lectus tincidunt, sagittis eros id, aliquet sem. Pellentesque in urna dui. Nunc a diam sit amet elit tempor eleifend nec sit amet quam. Morbi eu risus ac ex viverra tempor sed in elit. Praesent placerat auctor diam ut rutrum. Sed vulputate et ex ut interdum. Proin at fringilla nibh. Morbi ullamcorper scelerisque dui quis scelerisque.', 'vi', '', '', '[\"Nunc consequat vehicula viverra\"]', '[\"Donec varius rhoncus dui, et ornare ex efficitur eget. Nunc lacus massa, tincidunt vel porttitor eu, pulvinar eget nibh. Praesent rutrum, tellus non feugiat gravida, urna metus molestie lorem, eget accumsan massa massa rhoncus lectus. Sed imperdiet dolor arcu, ac malesuada sapien sodales et. Cras tempor odio quis est bibendum efficitur. Nunc non dui aliquam, pulvinar nibh quis, commodo quam. Nam posuere odio et hendrerit vestibulum. Donec sit amet ornare lectus. Sed pulvinar purus mauris. Pellentesque in quam non tellus viverra convallis quis et arcu. Nulla gravida sodales turpis ut rutrum. Cras suscipit diam quis orci blandit efficitur. 2\"]', 'Nunc eget tempor mauris. Suspendisse vitae nisl diam. Phasellus et lectus tincidunt, sagittis eros id, aliquet sem. Pellentesque in urna dui. Nunc a diam sit amet elit tempor eleifend nec sit amet quam. Morbi eu risus ac ex viverra tempor sed in elit. Praesent placerat auctor diam ut rutrum. Sed vulputate et ex ut interdum. Proin at fringilla nibh. Morbi ullamcorper scelerisque dui quis scelerisque.', 'Nunc eget tempor mauris. Suspendisse vitae nisl diam. Phasellus et lectus tincidunt, sagittis eros id, aliquet sem. Pellentesque in urna dui. Nunc a diam sit amet elit tempor eleifend nec sit amet quam. Morbi eu risus ac ex viverra tempor sed in elit. Praesent placerat auctor diam ut rutrum. Sed vulputate et ex ut interdum. Proin at fringilla nibh. Morbi ullamcorper scelerisque dui quis scelerisque.'),
(42, 21, 'Sed in mi in ligula semper gravida in eget neque', 'Nunc eget tempor mauris. Suspendisse vitae nisl diam. Phasellus et lectus tincidunt, sagittis eros id, aliquet sem. Pellentesque in urna dui. Nunc a diam sit amet elit tempor eleifend nec sit amet quam. Morbi eu risus ac ex viverra tempor sed in elit. Praesent placerat auctor diam ut rutrum. Sed vulputate et ex ut interdum. Proin at fringilla nibh. Morbi ullamcorper scelerisque dui quis scelerisque.', 'Nunc eget tempor mauris. Suspendisse vitae nisl diam. Phasellus et lectus tincidunt, sagittis eros id, aliquet sem. Pellentesque in urna dui. Nunc a diam sit amet elit tempor eleifend nec sit amet quam. Morbi eu risus ac ex viverra tempor sed in elit. Praesent placerat auctor diam ut rutrum. Sed vulputate et ex ut interdum. Proin at fringilla nibh. Morbi ullamcorper scelerisque dui quis scelerisque.', 'en', '', '', '[\"Nunc consequat vehicula viverra\"]', '[\"Donec varius rhoncus dui, et ornare ex efficitur eget. Nunc lacus massa, tincidunt vel porttitor eu, pulvinar eget nibh. Praesent rutrum, tellus non feugiat gravida, urna metus molestie lorem, eget accumsan massa massa rhoncus lectus. Sed imperdiet dolor arcu, ac malesuada sapien sodales et. Cras tempor odio quis est bibendum efficitur. Nunc non dui aliquam, pulvinar nibh quis, commodo quam. Nam posuere odio et hendrerit vestibulum. Donec sit amet ornare lectus. Sed pulvinar purus mauris. Pellentesque in quam non tellus viverra convallis quis et arcu. Nulla gravida sodales turpis ut rutrum. Cras suscipit diam quis orci blandit efficitur.\"]', 'Nunc eget tempor mauris. Suspendisse vitae nisl diam. Phasellus et lectus tincidunt, sagittis eros id, aliquet sem. Pellentesque in urna dui. Nunc a diam sit amet elit tempor eleifend nec sit amet quam. Morbi eu risus ac ex viverra tempor sed in elit. Praesent placerat auctor diam ut rutrum. Sed vulputate et ex ut interdum. Proin at fringilla nibh. Morbi ullamcorper scelerisque dui quis scelerisque.', 'Nunc eget tempor mauris. Suspendisse vitae nisl diam. Phasellus et lectus tincidunt, sagittis eros id, aliquet sem. Pellentesque in urna dui. Nunc a diam sit amet elit tempor eleifend nec sit amet quam. Morbi eu risus ac ex viverra tempor sed in elit. Praesent placerat auctor diam ut rutrum. Sed vulputate et ex ut interdum. Proin at fringilla nibh. Morbi ullamcorper scelerisque dui quis scelerisque.'),
(43, 22, 'qưd', '', '', 'vi', '', '', '[\"sssssssss\"]', '[\"\"]', '', ''),
(44, 22, 'sdf', '', '', 'en', '', '', '[\"aaaaaaaaaaaaaaaaaa\"]', '[\"\"]', '', '');

-- --------------------------------------------------------

--
-- Cấu trúc bảng cho bảng `rating`
--

CREATE TABLE `rating` (
  `id` int(11) NOT NULL,
  `product_id` int(11) NOT NULL,
  `users_id` int(11) NOT NULL,
  `rating` float(8,1) NOT NULL,
  `created_at` datetime DEFAULT NULL,
  `created_by` varchar(100) COLLATE utf8mb4_unicode_ci DEFAULT NULL,
  `updated_at` datetime DEFAULT NULL,
  `updated_by` varchar(100) COLLATE utf8mb4_unicode_ci DEFAULT NULL,
  `is_deleted` tinyint(4) DEFAULT '0'
) ENGINE=InnoDB DEFAULT CHARSET=utf8mb4 COLLATE=utf8mb4_unicode_ci;

-- --------------------------------------------------------

--
-- Cấu trúc bảng cho bảng `site_sessions`
--

CREATE TABLE `site_sessions` (
  `id` varchar(40) COLLATE utf8_unicode_ci NOT NULL,
  `ip_address` varchar(45) COLLATE utf8_unicode_ci NOT NULL,
  `timestamp` int(10) UNSIGNED NOT NULL DEFAULT '0',
  `data` blob NOT NULL
) ENGINE=InnoDB DEFAULT CHARSET=utf8 COLLATE=utf8_unicode_ci ROW_FORMAT=COMPACT;

--
-- Đang đổ dữ liệu cho bảng `site_sessions`
--

INSERT INTO `site_sessions` (`id`, `ip_address`, `timestamp`, `data`) VALUES
('3bkc90m1r0hgpf8ql61a9vsgaeg8hs92', '::1', 1532707021, 0x5f5f63695f6c6173745f726567656e65726174657c693a313533323730373032313b6c616e67416262726576696174696f6e7c733a323a227669223b6964656e746974797c733a31353a2261646d696e4061646d696e2e636f6d223b656d61696c7c733a31353a2261646d696e4061646d696e2e636f6d223b757365725f69647c733a313a2231223b6f6c645f6c6173745f6c6f67696e7c733a31303a2231353332363130333138223b6c6173745f636865636b7c693a313533323639333830323b6d6573736167655f737563636573737c733a32363a2243e1baad70206e68e1baad74207468c3a06e682063c3b46e6721223b5f5f63695f766172737c613a313a7b733a31353a226d6573736167655f73756363657373223b733a333a226f6c64223b7d),
('40fs87d9ilaso06c78baprm0td1jdrmf', '::1', 1532705225, 0x5f5f63695f6c6173745f726567656e65726174657c693a313533323730353232353b6c616e67416262726576696174696f6e7c733a323a227669223b6964656e746974797c733a31353a2261646d696e4061646d696e2e636f6d223b656d61696c7c733a31353a2261646d696e4061646d696e2e636f6d223b757365725f69647c733a313a2231223b6f6c645f6c6173745f6c6f67696e7c733a31303a2231353332363130333138223b6c6173745f636865636b7c693a313533323639333830323b),
('43d40ndnqa991ofd23cetb9h1n9eb8i4', '::1', 1532707571, 0x5f5f63695f6c6173745f726567656e65726174657c693a313533323730373537313b6c616e67416262726576696174696f6e7c733a323a227669223b6964656e746974797c733a31353a2261646d696e4061646d696e2e636f6d223b656d61696c7c733a31353a2261646d696e4061646d696e2e636f6d223b757365725f69647c733a313a2231223b6f6c645f6c6173745f6c6f67696e7c733a31303a2231353332363130333138223b6c6173745f636865636b7c693a313533323639333830323b),
('5osgh3ef09gfdbacjuc8p8tipvm0pseh', '::1', 1532709637, 0x5f5f63695f6c6173745f726567656e65726174657c693a313533323730393633373b6c616e67416262726576696174696f6e7c733a323a227669223b6964656e746974797c733a31353a2261646d696e4061646d696e2e636f6d223b656d61696c7c733a31353a2261646d696e4061646d696e2e636f6d223b757365725f69647c733a313a2231223b6f6c645f6c6173745f6c6f67696e7c733a31303a2231353332363130333138223b6c6173745f636865636b7c693a313533323639333830323b),
('a5u4t7tf8bkj03l8v1qhagke1k92l6mq', '::1', 1532708728, 0x5f5f63695f6c6173745f726567656e65726174657c693a313533323730383732383b6c616e67416262726576696174696f6e7c733a323a227669223b6964656e746974797c733a31353a2261646d696e4061646d696e2e636f6d223b656d61696c7c733a31353a2261646d696e4061646d696e2e636f6d223b757365725f69647c733a313a2231223b6f6c645f6c6173745f6c6f67696e7c733a31303a2231353332363130333138223b6c6173745f636865636b7c693a313533323639333830323b),
('d8vfil39fd7tjdhu0lpumnf1oaelh1sf', '::1', 1532706266, 0x5f5f63695f6c6173745f726567656e65726174657c693a313533323730363236363b6c616e67416262726576696174696f6e7c733a323a227669223b6964656e746974797c733a31353a2261646d696e4061646d696e2e636f6d223b656d61696c7c733a31353a2261646d696e4061646d696e2e636f6d223b757365725f69647c733a313a2231223b6f6c645f6c6173745f6c6f67696e7c733a31303a2231353332363130333138223b6c6173745f636865636b7c693a313533323639333830323b),
('jn6eivtc7tq82f03icdhd13mihi02t5d', '::1', 1532704616, 0x5f5f63695f6c6173745f726567656e65726174657c693a313533323730343631363b6c616e67416262726576696174696f6e7c733a323a227669223b6964656e746974797c733a31353a2261646d696e4061646d696e2e636f6d223b656d61696c7c733a31353a2261646d696e4061646d696e2e636f6d223b757365725f69647c733a313a2231223b6f6c645f6c6173745f6c6f67696e7c733a31303a2231353332363130333138223b6c6173745f636865636b7c693a313533323639333830323b),
('k4d8spv75iiordavko27fu2i7g1bstav', '::1', 1532709204, 0x5f5f63695f6c6173745f726567656e65726174657c693a313533323730393230343b6c616e67416262726576696174696f6e7c733a323a227669223b6964656e746974797c733a31353a2261646d696e4061646d696e2e636f6d223b656d61696c7c733a31353a2261646d696e4061646d696e2e636f6d223b757365725f69647c733a313a2231223b6f6c645f6c6173745f6c6f67696e7c733a31303a2231353332363130333138223b6c6173745f636865636b7c693a313533323639333830323b),
('m9mikcntt46lvpcu4579qkb0o72ine1s', '::1', 1532711067, 0x5f5f63695f6c6173745f726567656e65726174657c693a313533323731313036373b6c616e67416262726576696174696f6e7c733a323a227669223b6964656e746974797c733a31353a2261646d696e4061646d696e2e636f6d223b656d61696c7c733a31353a2261646d696e4061646d696e2e636f6d223b757365725f69647c733a313a2231223b6f6c645f6c6173745f6c6f67696e7c733a31303a2231353332363130333138223b6c6173745f636865636b7c693a313533323639333830323b),
('mdol6qr0nclt7edbvmq1fsssr906g9bi', '::1', 1532710441, 0x5f5f63695f6c6173745f726567656e65726174657c693a313533323731303434313b6c616e67416262726576696174696f6e7c733a323a227669223b6964656e746974797c733a31353a2261646d696e4061646d696e2e636f6d223b656d61696c7c733a31353a2261646d696e4061646d696e2e636f6d223b757365725f69647c733a313a2231223b6f6c645f6c6173745f6c6f67696e7c733a31303a2231353332363130333138223b6c6173745f636865636b7c693a313533323639333830323b),
('mq7b99v3d9o5rlop3kic1rt3rhhiuql1', '::1', 1532711190, 0x5f5f63695f6c6173745f726567656e65726174657c693a313533323731313036373b6c616e67416262726576696174696f6e7c733a323a227669223b6964656e746974797c733a31353a2261646d696e4061646d696e2e636f6d223b656d61696c7c733a31353a2261646d696e4061646d696e2e636f6d223b757365725f69647c733a313a2231223b6f6c645f6c6173745f6c6f67696e7c733a31303a2231353332363130333138223b6c6173745f636865636b7c693a313533323639333830323b),
('no1gak0n9lmqcmrk749ch89pdqcvm5hm', '::1', 1532704311, 0x5f5f63695f6c6173745f726567656e65726174657c693a313533323730343331313b6c616e67416262726576696174696f6e7c733a323a227669223b6964656e746974797c733a31353a2261646d696e4061646d696e2e636f6d223b656d61696c7c733a31353a2261646d696e4061646d696e2e636f6d223b757365725f69647c733a313a2231223b6f6c645f6c6173745f6c6f67696e7c733a31303a2231353332363130333138223b6c6173745f636865636b7c693a313533323639333830323b),
('npcp4ej1p3075gdd139jcborntaga605', '::1', 1532708240, 0x5f5f63695f6c6173745f726567656e65726174657c693a313533323730383234303b6c616e67416262726576696174696f6e7c733a323a227669223b6964656e746974797c733a31353a2261646d696e4061646d696e2e636f6d223b656d61696c7c733a31353a2261646d696e4061646d696e2e636f6d223b757365725f69647c733a313a2231223b6f6c645f6c6173745f6c6f67696e7c733a31303a2231353332363130333138223b6c6173745f636865636b7c693a313533323639333830323b),
('pk3jf0cr7u5acdipf7netbavs4q3pm2s', '::1', 1532704922, 0x5f5f63695f6c6173745f726567656e65726174657c693a313533323730343932323b6c616e67416262726576696174696f6e7c733a323a227669223b6964656e746974797c733a31353a2261646d696e4061646d696e2e636f6d223b656d61696c7c733a31353a2261646d696e4061646d696e2e636f6d223b757365725f69647c733a313a2231223b6f6c645f6c6173745f6c6f67696e7c733a31303a2231353332363130333138223b6c6173745f636865636b7c693a313533323639333830323b),
('q0rh32tpj6oh94uh5801jhoo2jm7379v', '::1', 1532710061, 0x5f5f63695f6c6173745f726567656e65726174657c693a313533323731303036313b6c616e67416262726576696174696f6e7c733a323a227669223b6964656e746974797c733a31353a2261646d696e4061646d696e2e636f6d223b656d61696c7c733a31353a2261646d696e4061646d696e2e636f6d223b757365725f69647c733a313a2231223b6f6c645f6c6173745f6c6f67696e7c733a31303a2231353332363130333138223b6c6173745f636865636b7c693a313533323639333830323b),
('qq6tbmsatccpeoleuf11qqucqomatfuv', '::1', 1532703528, 0x5f5f63695f6c6173745f726567656e65726174657c693a313533323730333532383b6c616e67416262726576696174696f6e7c733a323a227669223b6964656e746974797c733a31353a2261646d696e4061646d696e2e636f6d223b656d61696c7c733a31353a2261646d696e4061646d696e2e636f6d223b757365725f69647c733a313a2231223b6f6c645f6c6173745f6c6f67696e7c733a31303a2231353332363130333138223b6c6173745f636865636b7c693a313533323639333830323b),
('s2h5t1f1b18vefu351i0kl627jdoklee', '::1', 1532705797, 0x5f5f63695f6c6173745f726567656e65726174657c693a313533323730353739373b6c616e67416262726576696174696f6e7c733a323a227669223b6964656e746974797c733a31353a2261646d696e4061646d696e2e636f6d223b656d61696c7c733a31353a2261646d696e4061646d696e2e636f6d223b757365725f69647c733a313a2231223b6f6c645f6c6173745f6c6f67696e7c733a31303a2231353332363130333138223b6c6173745f636865636b7c693a313533323639333830323b),
('tmeb6cj4v6le8nv0ajfanie0n9136tdo', '::1', 1532706577, 0x5f5f63695f6c6173745f726567656e65726174657c693a313533323730363537373b6c616e67416262726576696174696f6e7c733a323a227669223b6964656e746974797c733a31353a2261646d696e4061646d696e2e636f6d223b656d61696c7c733a31353a2261646d696e4061646d696e2e636f6d223b757365725f69647c733a313a2231223b6f6c645f6c6173745f6c6f67696e7c733a31303a2231353332363130333138223b6c6173745f636865636b7c693a313533323639333830323b),
('u04ff29l63lc6o4b9n2d1jevvq1ssvav', '::1', 1532710760, 0x5f5f63695f6c6173745f726567656e65726174657c693a313533323731303736303b6c616e67416262726576696174696f6e7c733a323a227669223b6964656e746974797c733a31353a2261646d696e4061646d696e2e636f6d223b656d61696c7c733a31353a2261646d696e4061646d696e2e636f6d223b757365725f69647c733a313a2231223b6f6c645f6c6173745f6c6f67696e7c733a31303a2231353332363130333138223b6c6173745f636865636b7c693a313533323639333830323b);

-- --------------------------------------------------------

--
-- Cấu trúc bảng cho bảng `users`
--

CREATE TABLE `users` (
  `id` int(11) UNSIGNED NOT NULL,
  `ip_address` varchar(45) DEFAULT NULL,
  `username` varchar(100) DEFAULT NULL,
  `password` varchar(255) NOT NULL,
  `salt` varchar(255) DEFAULT NULL,
  `email` varchar(100) NOT NULL,
  `activation_code` varchar(40) DEFAULT NULL,
  `forgotten_password_code` varchar(40) DEFAULT NULL,
  `forgotten_password_time` int(11) UNSIGNED DEFAULT NULL,
  `remember_code` varchar(40) DEFAULT NULL,
  `created_on` int(11) UNSIGNED NOT NULL,
  `last_login` int(11) UNSIGNED DEFAULT NULL,
  `active` tinyint(1) UNSIGNED DEFAULT NULL,
  `first_name` varchar(50) DEFAULT NULL,
  `last_name` varchar(50) DEFAULT NULL,
  `company` varchar(100) DEFAULT NULL,
  `phone` varchar(20) DEFAULT NULL,
  `age` varchar(11) DEFAULT NULL
) ENGINE=InnoDB DEFAULT CHARSET=utf8 ROW_FORMAT=COMPACT;

--
-- Đang đổ dữ liệu cho bảng `users`
--

INSERT INTO `users` (`id`, `ip_address`, `username`, `password`, `salt`, `email`, `activation_code`, `forgotten_password_code`, `forgotten_password_time`, `remember_code`, `created_on`, `last_login`, `active`, `first_name`, `last_name`, `company`, `phone`, `age`) VALUES
(1, '127.0.0.1', 'administrator', '$2a$07$SeBknntpZror9uyftVopmu61qg0ms8Qv1yV6FG.kQOSM.9QhmTo36', '', 'admin@admin.com', '', NULL, NULL, NULL, 1268889823, 1532693802, 1, 'Admin', 'istrator', 'ADMIN', '0', NULL),
(2, '::1', 'asdas', '$2y$08$PpWSK2unjydxp3spURaQIeF0XLE0W70gsd0TD9pit699I.YgN2DAC', NULL, 'admin@admin.com1', NULL, NULL, NULL, NULL, 1527177316, NULL, 0, '', 'asdas', '', '121231', ''),
(3, '::1', 'minhtruong', '$2y$08$YPNhvgbGnA7jbd9HyjXO0./rYZmIXRje/UcB7523ZAy1xg5BOjfGa', NULL, 'minhtruong93gtvt@gmail.com', NULL, NULL, NULL, NULL, 1527177780, 1527179552, 1, '', 'minhtruong', 'mato', '123', '1'),
(4, '::1', 'a', '$2y$08$kDxKWvqs.XWwiD7LHvs2AuG.Uzu4NWhm498URqvjIUYfV3PzfQHim', NULL, 'minhtruong93gtvt@gmail.com1', NULL, NULL, NULL, NULL, 1527178136, NULL, 0, '', 'a', 'mato', '123123', '12'),
(5, '::1', 'Minh Trường', '$2y$08$RzELUGHvx8MtPpATO4/1xuQqG3iKiVsluuuuW9GHcd/lijGyPt8YC', NULL, 'minhtruong93gtvt@gmail.com2', NULL, NULL, NULL, NULL, 1527178552, NULL, 1, '', 'Minh Trường', 'mato', '0985767862', '25'),
(6, '::1', 'Minh Trường', '$2y$08$eFnAMTSd9nK8tyZQNcNlVeWv82KfRkF18pF8Lh7gxbJWCSZF3grMG', NULL, 'minhtruong93gtvt@gmail.com2', NULL, NULL, NULL, NULL, 1527178625, NULL, 1, '', 'Minh Trường', 'mato', '0985767862', '25'),
(7, '::1', 'asd', '$2y$08$VLybd2Ow93i3lknQtDqpIeoMf3xP7v38m9JYML2VM8dowCepDvyP.', NULL, 'a@gmail.com', NULL, NULL, NULL, NULL, 1527179462, NULL, 1, '', 'asd', '', '123', ''),
(8, '::1', 'Minh', '$2y$08$SbJuXh7GnCBqPBvYRTEcMONjoU8TZ8u0ZzDez2z3QP7TivGnE/iH.', NULL, 'hanguyen@user.com', NULL, NULL, NULL, NULL, 1527432498, NULL, 1, '', 'Minh', 'mato', '0985767862', '26'),
(9, '::1', '1232', '$2y$08$FF9cU4VevU3PqW8SJ39bcuVDOVvauKoECc68nn.3CDc6bl8GindX2', NULL, 'asdas@gmail.com', NULL, NULL, NULL, NULL, 1527433031, NULL, 1, '', '1232', '', '1231', ''),
(10, '::1', 'asdasd', '$2y$08$o/tFkN0LG5IxWpsDHNK0KemUM8OvGEiY3Ao1B7eJO6uvB5lrpYALm', NULL, 'aa@gmail.com', NULL, NULL, NULL, NULL, 1527504887, NULL, 1, '', 'asdasd', 'asda', '123123', '12'),
(11, '::1', 'Minh Truong', '$2y$08$Bi2qBwrxcSPkgFlq0xCwLOQbnQH348SZpZt5IRG5mT7/t/y3dbT6G', NULL, 'minhtruong93gtvt@gmail.com111', NULL, NULL, NULL, NULL, 1527523354, NULL, 1, '', 'Minh Truong', 'mato', '0985767862', '26'),
(12, '::1', 'Test', '$2y$08$WIF4VSIReuADjylqq0PeIO/0xapxmvMq9EL8/osUzL.X9MdnvFute', NULL, 'minhtruong93gtvt@gmail.com12', NULL, NULL, NULL, NULL, 1528288091, 1528295244, 1, '', 'Test', 'Mato', '0985767862', '25'),
(13, '::1', 'Do Minh Minh', '$2y$08$BconVYwp22s1nsQX8.X6iewac3bdgoQ4QPY2Qc8GaLrynqT4M7HfW', NULL, 'minhtruong93gtvt@gmail.com123', NULL, NULL, NULL, '/2NIvlwW8v3xZvePhIOIS.', 1528295320, 1528295517, 1, '', 'Do Minh Minh', 'MatoCreative', '0985767862', '25');

-- --------------------------------------------------------

--
-- Cấu trúc bảng cho bảng `users_groups`
--

CREATE TABLE `users_groups` (
  `id` int(11) UNSIGNED NOT NULL,
  `user_id` int(11) UNSIGNED NOT NULL,
  `group_id` mediumint(8) UNSIGNED NOT NULL
) ENGINE=InnoDB DEFAULT CHARSET=utf8 ROW_FORMAT=COMPACT;

--
-- Đang đổ dữ liệu cho bảng `users_groups`
--

INSERT INTO `users_groups` (`id`, `user_id`, `group_id`) VALUES
(1, 1, 1),
(2, 1, 2),
(3, 2, 2),
(4, 3, 2),
(5, 4, 2),
(6, 5, 2),
(7, 6, 2),
(8, 7, 2),
(9, 8, 2),
(10, 9, 2),
(11, 10, 2),
(12, 11, 2),
(13, 12, 2),
(14, 13, 2);

--
-- Chỉ mục cho các bảng đã đổ
--

--
-- Chỉ mục cho bảng `about`
--
ALTER TABLE `about`
  ADD PRIMARY KEY (`id`) USING BTREE;

--
-- Chỉ mục cho bảng `about_lang`
--
ALTER TABLE `about_lang`
  ADD PRIMARY KEY (`id`) USING BTREE,
  ADD KEY `about_id` (`about_id`);

--
-- Chỉ mục cho bảng `advertisement`
--
ALTER TABLE `advertisement`
  ADD PRIMARY KEY (`id`) USING BTREE;

--
-- Chỉ mục cho bảng `area`
--
ALTER TABLE `area`
  ADD PRIMARY KEY (`id`);

--
-- Chỉ mục cho bảng `banner`
--
ALTER TABLE `banner`
  ADD PRIMARY KEY (`id`) USING BTREE;

--
-- Chỉ mục cho bảng `banner_lang`
--
ALTER TABLE `banner_lang`
  ADD PRIMARY KEY (`id`);

--
-- Chỉ mục cho bảng `blog`
--
ALTER TABLE `blog`
  ADD PRIMARY KEY (`id`) USING BTREE;

--
-- Chỉ mục cho bảng `blog_lang`
--
ALTER TABLE `blog_lang`
  ADD PRIMARY KEY (`id`) USING BTREE,
  ADD KEY `blog_id` (`blog_id`);

--
-- Chỉ mục cho bảng `booking`
--
ALTER TABLE `booking`
  ADD PRIMARY KEY (`id`),
  ADD KEY `product_id` (`product_id`) USING BTREE;

--
-- Chỉ mục cho bảng `ci_sessions`
--
ALTER TABLE `ci_sessions`
  ADD PRIMARY KEY (`id`) USING BTREE,
  ADD KEY `ci_sessions_timestamp` (`timestamp`) USING BTREE;

--
-- Chỉ mục cho bảng `comment`
--
ALTER TABLE `comment`
  ADD PRIMARY KEY (`id`);

--
-- Chỉ mục cho bảng `customize`
--
ALTER TABLE `customize`
  ADD PRIMARY KEY (`id`),
  ADD KEY `product_id` (`product_id`);

--
-- Chỉ mục cho bảng `groups`
--
ALTER TABLE `groups`
  ADD PRIMARY KEY (`id`) USING BTREE;

--
-- Chỉ mục cho bảng `localtion`
--
ALTER TABLE `localtion`
  ADD PRIMARY KEY (`id`);

--
-- Chỉ mục cho bảng `localtion_lang`
--
ALTER TABLE `localtion_lang`
  ADD PRIMARY KEY (`id`),
  ADD KEY `localtion_id` (`localtion_id`) USING BTREE;

--
-- Chỉ mục cho bảng `login_attempts`
--
ALTER TABLE `login_attempts`
  ADD PRIMARY KEY (`id`) USING BTREE;

--
-- Chỉ mục cho bảng `post`
--
ALTER TABLE `post`
  ADD PRIMARY KEY (`id`),
  ADD KEY `post_category_id` (`post_category_id`);

--
-- Chỉ mục cho bảng `post_category`
--
ALTER TABLE `post_category`
  ADD PRIMARY KEY (`id`);

--
-- Chỉ mục cho bảng `post_category_lang`
--
ALTER TABLE `post_category_lang`
  ADD PRIMARY KEY (`id`),
  ADD KEY `post_category_id` (`post_category_id`);

--
-- Chỉ mục cho bảng `post_lang`
--
ALTER TABLE `post_lang`
  ADD PRIMARY KEY (`id`),
  ADD KEY `post_id` (`post_id`);

--
-- Chỉ mục cho bảng `product`
--
ALTER TABLE `product`
  ADD PRIMARY KEY (`id`),
  ADD KEY `product_category_id` (`product_category_id`) USING BTREE;

--
-- Chỉ mục cho bảng `product_category`
--
ALTER TABLE `product_category`
  ADD PRIMARY KEY (`id`);

--
-- Chỉ mục cho bảng `product_category_lang`
--
ALTER TABLE `product_category_lang`
  ADD PRIMARY KEY (`id`),
  ADD KEY `post_category_id` (`product_category_id`);

--
-- Chỉ mục cho bảng `product_lang`
--
ALTER TABLE `product_lang`
  ADD PRIMARY KEY (`id`),
  ADD KEY `product_id` (`product_id`) USING BTREE;

--
-- Chỉ mục cho bảng `rating`
--
ALTER TABLE `rating`
  ADD PRIMARY KEY (`id`);

--
-- Chỉ mục cho bảng `site_sessions`
--
ALTER TABLE `site_sessions`
  ADD PRIMARY KEY (`id`) USING BTREE,
  ADD KEY `ci_sessions_timestamp` (`timestamp`) USING BTREE;

--
-- Chỉ mục cho bảng `users`
--
ALTER TABLE `users`
  ADD PRIMARY KEY (`id`) USING BTREE;

--
-- Chỉ mục cho bảng `users_groups`
--
ALTER TABLE `users_groups`
  ADD PRIMARY KEY (`id`) USING BTREE,
  ADD UNIQUE KEY `uc_users_groups` (`user_id`,`group_id`) USING BTREE,
  ADD KEY `fk_users_groups_users1_idx` (`user_id`) USING BTREE,
  ADD KEY `fk_users_groups_groups1_idx` (`group_id`) USING BTREE;

--
-- AUTO_INCREMENT cho các bảng đã đổ
--

--
-- AUTO_INCREMENT cho bảng `about`
--
ALTER TABLE `about`
  MODIFY `id` int(11) NOT NULL AUTO_INCREMENT;
--
-- AUTO_INCREMENT cho bảng `about_lang`
--
ALTER TABLE `about_lang`
  MODIFY `id` int(11) NOT NULL AUTO_INCREMENT;
--
-- AUTO_INCREMENT cho bảng `advertisement`
--
ALTER TABLE `advertisement`
  MODIFY `id` int(11) NOT NULL AUTO_INCREMENT, AUTO_INCREMENT=2;
--
-- AUTO_INCREMENT cho bảng `area`
--
ALTER TABLE `area`
  MODIFY `id` int(11) NOT NULL AUTO_INCREMENT, AUTO_INCREMENT=12;
--
-- AUTO_INCREMENT cho bảng `banner`
--
ALTER TABLE `banner`
  MODIFY `id` int(11) NOT NULL AUTO_INCREMENT, AUTO_INCREMENT=6;
--
-- AUTO_INCREMENT cho bảng `banner_lang`
--
ALTER TABLE `banner_lang`
  MODIFY `id` int(11) NOT NULL AUTO_INCREMENT, AUTO_INCREMENT=11;
--
-- AUTO_INCREMENT cho bảng `blog`
--
ALTER TABLE `blog`
  MODIFY `id` int(11) NOT NULL AUTO_INCREMENT;
--
-- AUTO_INCREMENT cho bảng `blog_lang`
--
ALTER TABLE `blog_lang`
  MODIFY `id` int(11) NOT NULL AUTO_INCREMENT;
--
-- AUTO_INCREMENT cho bảng `booking`
--
ALTER TABLE `booking`
  MODIFY `id` int(11) NOT NULL AUTO_INCREMENT, AUTO_INCREMENT=5;
--
-- AUTO_INCREMENT cho bảng `comment`
--
ALTER TABLE `comment`
  MODIFY `id` int(11) NOT NULL AUTO_INCREMENT, AUTO_INCREMENT=19;
--
-- AUTO_INCREMENT cho bảng `customize`
--
ALTER TABLE `customize`
  MODIFY `id` int(11) NOT NULL AUTO_INCREMENT, AUTO_INCREMENT=3;
--
-- AUTO_INCREMENT cho bảng `groups`
--
ALTER TABLE `groups`
  MODIFY `id` mediumint(8) UNSIGNED NOT NULL AUTO_INCREMENT, AUTO_INCREMENT=3;
--
-- AUTO_INCREMENT cho bảng `localtion`
--
ALTER TABLE `localtion`
  MODIFY `id` int(11) NOT NULL AUTO_INCREMENT, AUTO_INCREMENT=54;
--
-- AUTO_INCREMENT cho bảng `localtion_lang`
--
ALTER TABLE `localtion_lang`
  MODIFY `id` int(11) NOT NULL AUTO_INCREMENT, AUTO_INCREMENT=107;
--
-- AUTO_INCREMENT cho bảng `login_attempts`
--
ALTER TABLE `login_attempts`
  MODIFY `id` int(11) UNSIGNED NOT NULL AUTO_INCREMENT;
--
-- AUTO_INCREMENT cho bảng `post`
--
ALTER TABLE `post`
  MODIFY `id` int(11) NOT NULL AUTO_INCREMENT, AUTO_INCREMENT=17;
--
-- AUTO_INCREMENT cho bảng `post_category`
--
ALTER TABLE `post_category`
  MODIFY `id` int(11) NOT NULL AUTO_INCREMENT, AUTO_INCREMENT=18;
--
-- AUTO_INCREMENT cho bảng `post_category_lang`
--
ALTER TABLE `post_category_lang`
  MODIFY `id` int(11) NOT NULL AUTO_INCREMENT, AUTO_INCREMENT=35;
--
-- AUTO_INCREMENT cho bảng `post_lang`
--
ALTER TABLE `post_lang`
  MODIFY `id` int(11) NOT NULL AUTO_INCREMENT, AUTO_INCREMENT=31;
--
-- AUTO_INCREMENT cho bảng `product`
--
ALTER TABLE `product`
  MODIFY `id` int(11) NOT NULL AUTO_INCREMENT, AUTO_INCREMENT=23;
--
-- AUTO_INCREMENT cho bảng `product_category`
--
ALTER TABLE `product_category`
  MODIFY `id` int(11) NOT NULL AUTO_INCREMENT, AUTO_INCREMENT=32;
--
-- AUTO_INCREMENT cho bảng `product_category_lang`
--
ALTER TABLE `product_category_lang`
  MODIFY `id` int(11) NOT NULL AUTO_INCREMENT, AUTO_INCREMENT=63;
--
-- AUTO_INCREMENT cho bảng `product_lang`
--
ALTER TABLE `product_lang`
  MODIFY `id` int(11) NOT NULL AUTO_INCREMENT, AUTO_INCREMENT=45;
--
-- AUTO_INCREMENT cho bảng `rating`
--
ALTER TABLE `rating`
  MODIFY `id` int(11) NOT NULL AUTO_INCREMENT;
--
-- AUTO_INCREMENT cho bảng `users`
--
ALTER TABLE `users`
  MODIFY `id` int(11) UNSIGNED NOT NULL AUTO_INCREMENT, AUTO_INCREMENT=14;
--
-- AUTO_INCREMENT cho bảng `users_groups`
--
ALTER TABLE `users_groups`
  MODIFY `id` int(11) UNSIGNED NOT NULL AUTO_INCREMENT, AUTO_INCREMENT=15;
--
-- Các ràng buộc cho các bảng đã đổ
--

--
-- Các ràng buộc cho bảng `about_lang`
--
ALTER TABLE `about_lang`
  ADD CONSTRAINT `about_lang_ibfk_1` FOREIGN KEY (`about_id`) REFERENCES `about` (`id`);

--
-- Các ràng buộc cho bảng `blog_lang`
--
ALTER TABLE `blog_lang`
  ADD CONSTRAINT `blog_lang_ibfk_1` FOREIGN KEY (`blog_id`) REFERENCES `blog` (`id`);

--
-- Các ràng buộc cho bảng `booking`
--
ALTER TABLE `booking`
  ADD CONSTRAINT `booking_ibfk_1` FOREIGN KEY (`product_id`) REFERENCES `product` (`id`);

--
-- Các ràng buộc cho bảng `customize`
--
ALTER TABLE `customize`
  ADD CONSTRAINT `customize_ibfk_1` FOREIGN KEY (`product_id`) REFERENCES `product` (`id`);

--
-- Các ràng buộc cho bảng `localtion_lang`
--
ALTER TABLE `localtion_lang`
  ADD CONSTRAINT `localtion_lang_ibfk_1` FOREIGN KEY (`localtion_id`) REFERENCES `localtion` (`id`);

--
-- Các ràng buộc cho bảng `post`
--
ALTER TABLE `post`
  ADD CONSTRAINT `post_ibfk_1` FOREIGN KEY (`post_category_id`) REFERENCES `post_category` (`id`);

--
-- Các ràng buộc cho bảng `post_category_lang`
--
ALTER TABLE `post_category_lang`
  ADD CONSTRAINT `post_category_lang_ibfk_1` FOREIGN KEY (`post_category_id`) REFERENCES `post_category` (`id`);

--
-- Các ràng buộc cho bảng `post_lang`
--
ALTER TABLE `post_lang`
  ADD CONSTRAINT `post_lang_ibfk_1` FOREIGN KEY (`post_id`) REFERENCES `post` (`id`);

--
-- Các ràng buộc cho bảng `product`
--
ALTER TABLE `product`
  ADD CONSTRAINT `product_ibfk_1` FOREIGN KEY (`product_category_id`) REFERENCES `product_category` (`id`);

--
-- Các ràng buộc cho bảng `product_category_lang`
--
ALTER TABLE `product_category_lang`
  ADD CONSTRAINT `product_category_lang_ibfk_1` FOREIGN KEY (`product_category_id`) REFERENCES `product_category` (`id`);

--
-- Các ràng buộc cho bảng `product_lang`
--
ALTER TABLE `product_lang`
  ADD CONSTRAINT `product_lang_ibfk_1` FOREIGN KEY (`product_id`) REFERENCES `product` (`id`);

--
-- Các ràng buộc cho bảng `users_groups`
--
ALTER TABLE `users_groups`
  ADD CONSTRAINT `fk_users_groups_groups1` FOREIGN KEY (`group_id`) REFERENCES `groups` (`id`) ON DELETE CASCADE ON UPDATE NO ACTION,
  ADD CONSTRAINT `fk_users_groups_users1` FOREIGN KEY (`user_id`) REFERENCES `users` (`id`) ON DELETE CASCADE ON UPDATE NO ACTION;
COMMIT;

/*!40101 SET CHARACTER_SET_CLIENT=@OLD_CHARACTER_SET_CLIENT */;
/*!40101 SET CHARACTER_SET_RESULTS=@OLD_CHARACTER_SET_RESULTS */;
/*!40101 SET COLLATION_CONNECTION=@OLD_COLLATION_CONNECTION */;
